time_s,mocap_time_s,source_id,target_id,desired_x,desired_y,desired_z,actual_x,actual_y,actual_z,edge_valid,edge_error_m
0.000000,1788507993.240013838,car1,car2,0.800000000,0.000000000,0.000000000,1.190772712,0.114076570,0.000000000,1,0.407083255
0.000000,1788507993.240013838,car1,car4,0.000000000,0.800000000,0.000000000,0.236390445,1.079729140,0.000000000,1,0.366236036
0.000000,1788507993.240013838,car1,car5,0.800000000,0.800000000,0.000000000,0.736770809,0.420562565,0.000000000,1,0.384669595
0.000000,1788507993.240013838,car2,car1,-0.800000000,0.000000000,0.000000000,-1.190772712,-0.114076570,0.000000000,1,0.407083255
0.000000,1788507993.240013838,car2,car4,-0.800000000,0.800000000,0.000000000,-0.954382267,0.965652570,0.000000000,1,0.226439083
0.000000,1788507993.240013838,car2,car5,0.000000000,0.800000000,0.000000000,-0.454001904,0.306485996,0.000000000,1,0.670577215
0.000000,1788507993.240013838,car4,car1,0.000000000,-0.800000000,0.000000000,-0.236390445,-1.079729140,0.000000000,1,0.366236036
0.000000,1788507993.240013838,car4,car2,0.800000000,-0.800000000,0.000000000,0.954382267,-0.965652570,0.000000000,1,0.226439083
0.000000,1788507993.240013838,car4,car5,0.800000000,0.000000000,0.000000000,0.500380363,-0.659166574,0.000000000,1,0.724066640
0.000000,1788507993.240013838,car5,car1,-0.800000000,-0.800000000,0.000000000,-0.736770809,-0.420562565,0.000000000,1,0.384669595
0.000000,1788507993.240013838,car5,car2,0.000000000,-0.800000000,0.000000000,0.454001904,-0.306485996,0.000000000,1,0.670577215
0.000000,1788507993.240013838,car5,car4,-0.800000000,0.000000000,0.000000000,-0.500380363,0.659166574,0.000000000,1,0.724066640
0.201848,1788507993.439937115,car1,car2,0.800000000,0.000000000,0.000000000,1.191332430,0.110582665,0.000000000,1,0.406656607
0.201848,1788507993.439937115,car1,car4,0.000000000,0.800000000,0.000000000,0.233721744,1.073143482,0.000000000,1,0.359490216
0.201848,1788507993.439937115,car1,car5,0.800000000,0.800000000,0.000000000,0.743038058,0.431703478,0.000000000,1,0.372675450
0.201848,1788507993.439937115,car2,car1,-0.800000000,0.000000000,0.000000000,-1.191332430,-0.110582665,0.000000000,1,0.406656607
0.201848,1788507993.439937115,car2,car4,-0.800000000,0.800000000,0.000000000,-0.957610685,0.962560818,0.000000000,1,0.226422498
0.201848,1788507993.439937115,car2,car5,0.000000000,0.800000000,0.000000000,-0.448294371,0.321120813,0.000000000,1,0.655967315
0.201848,1788507993.439937115,car4,car1,0.000000000,-0.800000000,0.000000000,-0.233721744,-1.073143482,0.000000000,1,0.359490216
0.201848,1788507993.439937115,car4,car2,0.800000000,-0.800000000,0.000000000,0.957610685,-0.962560818,0.000000000,1,0.226422498
0.201848,1788507993.439937115,car4,car5,0.800000000,0.000000000,0.000000000,0.509316314,-0.641440004,0.000000000,1,0.704231698
0.201848,1788507993.439937115,car5,car1,-0.800000000,-0.800000000,0.000000000,-0.743038058,-0.431703478,0.000000000,1,0.372675450
0.201848,1788507993.439937115,car5,car2,0.000000000,-0.800000000,0.000000000,0.448294371,-0.321120813,0.000000000,1,0.655967315
0.201848,1788507993.439937115,car5,car4,-0.800000000,0.000000000,0.000000000,-0.509316314,0.641440004,0.000000000,1,0.704231698
0.404193,1788507993.639923334,car1,car2,0.800000000,0.000000000,0.000000000,1.133251250,0.097358108,0.000000000,1,0.347181504
0.404193,1788507993.639923334,car1,car4,0.000000000,0.800000000,0.000000000,0.168139502,1.050220460,0.000000000,1,0.301465041
0.404193,1788507993.639923334,car1,car5,0.800000000,0.800000000,0.000000000,0.727186769,0.503326192,0.000000000,1,0.305478501
0.404193,1788507993.639923334,car2,car1,-0.800000000,0.000000000,0.000000000,-1.133251250,-0.097358108,0.000000000,1,0.347181504
0.404193,1788507993.639923334,car2,car4,-0.800000000,0.800000000,0.000000000,-0.965111747,0.952862352,0.000000000,1,0.225008417
0.404193,1788507993.639923334,car2,car5,0.000000000,0.800000000,0.000000000,-0.406064481,0.405968085,0.000000000,1,0.565817561
0.404193,1788507993.639923334,car4,car1,0.000000000,-0.800000000,0.000000000,-0.168139502,-1.050220460,0.000000000,1,0.301465041
0.404193,1788507993.639923334,car4,car2,0.800000000,-0.800000000,0.000000000,0.965111747,-0.952862352,0.000000000,1,0.225008417
0.404193,1788507993.639923334,car4,car5,0.800000000,0.000000000,0.000000000,0.559047267,-0.546894267,0.000000000,1,0.597621585
0.404193,1788507993.639923334,car5,car1,-0.800000000,-0.800000000,0.000000000,-0.727186769,-0.503326192,0.000000000,1,0.305478501
0.404193,1788507993.639923334,car5,car2,0.000000000,-0.800000000,0.000000000,0.406064481,-0.405968085,0.000000000,1,0.565817561
0.404193,1788507993.639923334,car5,car4,-0.800000000,0.000000000,0.000000000,-0.559047267,0.546894267,0.000000000,1,0.597621585
0.606048,1788507993.839786768,car1,car2,0.800000000,0.000000000,0.000000000,1.073354840,0.107125193,0.000000000,1,0.293596110
0.606048,1788507993.839786768,car1,car4,0.000000000,0.800000000,0.000000000,0.085114740,1.030717939,0.000000000,1,0.245917235
0.606048,1788507993.839786768,car1,car5,0.800000000,0.800000000,0.000000000,0.724326611,0.577516168,0.000000000,1,0.235001100
0.606048,1788507993.839786768,car2,car1,-0.800000000,0.000000000,0.000000000,-1.073354840,-0.107125193,0.000000000,1,0.293596110
0.606048,1788507993.839786768,car2,car4,-0.800000000,0.800000000,0.000000000,-0.988240100,0.923592746,0.000000000,1,0.225187705
0.606048,1788507993.839786768,car2,car5,0.000000000,0.800000000,0.000000000,-0.349028230,0.470390975,0.000000000,1,0.480065427
0.606048,1788507993.839786768,car4,car1,0.000000000,-0.800000000,0.000000000,-0.085114740,-1.030717939,0.000000000,1,0.245917235
0.606048,1788507993.839786768,car4,car2,0.800000000,-0.800000000,0.000000000,0.988240100,-0.923592746,0.000000000,1,0.225187705
0.606048,1788507993.839786768,car4,car5,0.800000000,0.000000000,0.000000000,0.639211871,-0.453201771,0.000000000,1,0.480879057
0.606048,1788507993.839786768,car5,car1,-0.800000000,-0.800000000,0.000000000,-0.724326611,-0.577516168,0.000000000,1,0.235001100
0.606048,1788507993.839786768,car5,car2,0.000000000,-0.800000000,0.000000000,0.349028230,-0.470390975,0.000000000,1,0.480065427
0.606048,1788507993.839786768,car5,car4,-0.800000000,0.000000000,0.000000000,-0.639211871,0.453201771,0.000000000,1,0.480879057
0.808380,1788507994.049929142,car1,car2,0.800000000,0.000000000,0.000000000,1.034516856,0.100051001,0.000000000,1,0.254967368
0.808380,1788507994.049929142,car1,car4,0.000000000,0.800000000,0.000000000,0.031115264,1.017016441,0.000000000,1,0.219235707
0.808380,1788507994.049929142,car1,car5,0.800000000,0.800000000,0.000000000,0.735444829,0.633003563,0.000000000,1,0.179039605
0.808380,1788507994.049929142,car2,car1,-0.800000000,0.000000000,0.000000000,-1.034516856,-0.100051001,0.000000000,1,0.254967368
0.808380,1788507994.049929142,car2,car4,-0.800000000,0.800000000,0.000000000,-1.003401592,0.916965440,0.000000000,1,0.234634017
0.808380,1788507994.049929142,car2,car5,0.000000000,0.800000000,0.000000000,-0.299072027,0.532952562,0.000000000,1,0.400946894
0.808380,1788507994.049929142,car4,car1,0.000000000,-0.800000000,0.000000000,-0.031115264,-1.017016441,0.000000000,1,0.219235707
0.808380,1788507994.049929142,car4,car2,0.800000000,-0.800000000,0.000000000,1.003401592,-0.916965440,0.000000000,1,0.234634017
0.808380,1788507994.049929142,car4,car5,0.800000000,0.000000000,0.000000000,0.704329565,-0.384012878,0.000000000,1,0.395750834
0.808380,1788507994.049929142,car5,car1,-0.800000000,-0.800000000,0.000000000,-0.735444829,-0.633003563,0.000000000,1,0.179039605
0.808380,1788507994.049929142,car5,car2,0.000000000,-0.800000000,0.000000000,0.299072027,-0.532952562,0.000000000,1,0.400946894
0.808380,1788507994.049929142,car5,car4,-0.800000000,0.000000000,0.000000000,-0.704329565,0.384012878,0.000000000,1,0.395750834
1.010112,1788507994.249783993,car1,car2,0.800000000,0.000000000,0.000000000,1.009608008,0.065881655,0.000000000,1,0.219717795
1.010112,1788507994.249783993,car1,car4,0.000000000,0.800000000,0.000000000,0.016896799,0.985688239,0.000000000,1,0.186455421
1.010112,1788507994.249783993,car1,car5,0.800000000,0.800000000,0.000000000,0.749402918,0.638603568,0.000000000,1,0.169141577
1.010112,1788507994.249783993,car2,car1,-0.800000000,0.000000000,0.000000000,-1.009608008,-0.065881655,0.000000000,1,0.219717795
1.010112,1788507994.249783993,car2,car4,-0.800000000,0.800000000,0.000000000,-0.992711209,0.919806585,0.000000000,1,0.226916786
1.010112,1788507994.249783993,car2,car5,0.000000000,0.800000000,0.000000000,-0.260205090,0.572721913,0.000000000,1,0.345488086
1.010112,1788507994.249783993,car4,car1,0.000000000,-0.800000000,0.000000000,-0.016896799,-0.985688239,0.000000000,1,0.186455421
1.010112,1788507994.249783993,car4,car2,0.800000000,-0.800000000,0.000000000,0.992711209,-0.919806585,0.000000000,1,0.226916786
1.010112,1788507994.249783993,car4,car5,0.800000000,0.000000000,0.000000000,0.732506119,-0.347084671,0.000000000,1,0.353586189
1.010112,1788507994.249783993,car5,car1,-0.800000000,-0.800000000,0.000000000,-0.749402918,-0.638603568,0.000000000,1,0.169141577
1.010112,1788507994.249783993,car5,car2,0.000000000,-0.800000000,0.000000000,0.260205090,-0.572721913,0.000000000,1,0.345488086
1.010112,1788507994.249783993,car5,car4,-0.800000000,0.000000000,0.000000000,-0.732506119,0.347084671,0.000000000,1,0.353586189
1.211920,1788507994.450220585,car1,car2,0.800000000,0.000000000,0.000000000,0.983147584,0.046207577,0.000000000,1,0.188886679
1.211920,1788507994.450220585,car1,car4,0.000000000,0.800000000,0.000000000,-0.007318661,0.954128295,0.000000000,1,0.154301958
1.211920,1788507994.450220585,car1,car5,0.800000000,0.800000000,0.000000000,0.743977509,0.653027266,0.000000000,1,0.157287965
1.211920,1788507994.450220585,car2,car1,-0.800000000,0.000000000,0.000000000,-0.983147584,-0.046207577,0.000000000,1,0.188886679
1.211920,1788507994.450220585,car2,car4,-0.800000000,0.800000000,0.000000000,-0.990466245,0.907920718,0.000000000,1,0.218916129
1.211920,1788507994.450220585,car2,car5,0.000000000,0.800000000,0.000000000,-0.239170074,0.606819689,0.000000000,1,0.307442608
1.211920,1788507994.450220585,car4,car1,0.000000000,-0.800000000,0.000000000,0.007318661,-0.954128295,0.000000000,1,0.154301958
1.211920,1788507994.450220585,car4,car2,0.800000000,-0.800000000,0.000000000,0.990466245,-0.907920718,0.000000000,1,0.218916129
1.211920,1788507994.450220585,car4,car5,0.800000000,0.000000000,0.000000000,0.751296170,-0.301101029,0.000000000,1,0.305014578
1.211920,1788507994.450220585,car5,car1,-0.800000000,-0.800000000,0.000000000,-0.743977509,-0.653027266,0.000000000,1,0.157287965
1.211920,1788507994.450220585,car5,car2,0.000000000,-0.800000000,0.000000000,0.239170074,-0.606819689,0.000000000,1,0.307442608
1.211920,1788507994.450220585,car5,car4,-0.800000000,0.000000000,0.000000000,-0.751296170,0.301101029,0.000000000,1,0.305014578
1.413824,1788507994.649809361,car1,car2,0.800000000,0.000000000,0.000000000,0.947566390,0.052623212,0.000000000,1,0.156668574
1.413824,1788507994.649809361,car1,car4,0.000000000,0.800000000,0.000000000,-0.031722762,0.930307806,0.000000000,1,0.134113600
1.413824,1788507994.649809361,car1,car5,0.800000000,0.800000000,0.000000000,0.736456275,0.677708507,0.000000000,1,0.137815146
1.413824,1788507994.649809361,car2,car1,-0.800000000,0.000000000,0.000000000,-0.947566390,-0.052623212,0.000000000,1,0.156668574
1.413824,1788507994.649809361,car2,car4,-0.800000000,0.800000000,0.000000000,-0.979289152,0.877684593,0.000000000,1,0.195395742
1.413824,1788507994.649809361,car2,car5,0.000000000,0.800000000,0.000000000,-0.211110115,0.625085294,0.000000000,1,0.274158047
1.413824,1788507994.649809361,car4,car1,0.000000000,-0.800000000,0.000000000,0.031722762,-0.930307806,0.000000000,1,0.134113600
1.413824,1788507994.649809361,car4,car2,0.800000000,-0.800000000,0.000000000,0.979289152,-0.877684593,0.000000000,1,0.195395742
1.413824,1788507994.649809361,car4,car5,0.800000000,0.000000000,0.000000000,0.768179037,-0.252599299,0.000000000,1,0.254595718
1.413824,1788507994.649809361,car5,car1,-0.800000000,-0.800000000,0.000000000,-0.736456275,-0.677708507,0.000000000,1,0.137815146
1.413824,1788507994.649809361,car5,car2,0.000000000,-0.800000000,0.000000000,0.211110115,-0.625085294,0.000000000,1,0.274158047
1.413824,1788507994.649809361,car5,car4,-0.800000000,0.000000000,0.000000000,-0.768179037,0.252599299,0.000000000,1,0.254595718
1.615820,1788507994.849802732,car1,car2,0.800000000,0.000000000,0.000000000,0.904952660,0.055254489,0.000000000,1,0.118609104
1.615820,1788507994.849802732,car1,car4,0.000000000,0.800000000,0.000000000,-0.007335410,0.914079607,0.000000000,1,0.114315200
1.615820,1788507994.849802732,car1,car5,0.800000000,0.800000000,0.000000000,0.754672185,0.709068567,0.000000000,1,0.101602837
1.615820,1788507994.849802732,car2,car1,-0.800000000,0.000000000,0.000000000,-0.904952660,-0.055254489,0.000000000,1,0.118609104
1.615820,1788507994.849802732,car2,car4,-0.800000000,0.800000000,0.000000000,-0.912288070,0.858825117,0.000000000,1,0.126763579
1.615820,1788507994.849802732,car2,car5,0.000000000,0.800000000,0.000000000,-0.150280476,0.653814077,0.000000000,1,0.209653393
1.615820,1788507994.849802732,car4,car1,0.000000000,-0.800000000,0.000000000,0.007335410,-0.914079607,0.000000000,1,0.114315200
1.615820,1788507994.849802732,car4,car2,0.800000000,-0.800000000,0.000000000,0.912288070,-0.858825117,0.000000000,1,0.126763579
1.615820,1788507994.849802732,car4,car5,0.800000000,0.000000000,0.000000000,0.762007594,-0.205011040,0.000000000,1,0.208501677
1.615820,1788507994.849802732,car5,car1,-0.800000000,-0.800000000,0.000000000,-0.754672185,-0.709068567,0.000000000,1,0.101602837
1.615820,1788507994.849802732,car5,car2,0.000000000,-0.800000000,0.000000000,0.150280476,-0.653814077,0.000000000,1,0.209653393
1.615820,1788507994.849802732,car5,car4,-0.800000000,0.000000000,0.000000000,-0.762007594,0.205011040,0.000000000,1,0.208501677
1.818919,1788507995.059959412,car1,car2,0.800000000,0.000000000,0.000000000,0.856192395,0.052261725,0.000000000,1,0.076738994
1.818919,1788507995.059959412,car1,car4,0.000000000,0.800000000,0.000000000,0.008874711,0.895650387,0.000000000,1,0.096061215
1.818919,1788507995.059959412,car1,car5,0.800000000,0.800000000,0.000000000,0.782722518,0.739653647,0.000000000,1,0.062770962
1.818919,1788507995.059959412,car2,car1,-0.800000000,0.000000000,0.000000000,-0.856192395,-0.052261725,0.000000000,1,0.076738994
1.818919,1788507995.059959412,car2,car4,-0.800000000,0.800000000,0.000000000,-0.847317684,0.843388662,0.000000000,1,0.064199215
1.818919,1788507995.059959412,car2,car5,0.000000000,0.800000000,0.000000000,-0.073469877,0.687391922,0.000000000,1,0.134455949
1.818919,1788507995.059959412,car4,car1,0.000000000,-0.800000000,0.000000000,-0.008874711,-0.895650387,0.000000000,1,0.096061215
1.818919,1788507995.059959412,car4,car2,0.800000000,-0.800000000,0.000000000,0.847317684,-0.843388662,0.000000000,1,0.064199215
1.818919,1788507995.059959412,car4,car5,0.800000000,0.000000000,0.000000000,0.773847807,-0.155996740,0.000000000,1,0.158173702
1.818919,1788507995.059959412,car5,car1,-0.800000000,-0.800000000,0.000000000,-0.782722518,-0.739653647,0.000000000,1,0.062770962
1.818919,1788507995.059959412,car5,car2,0.000000000,-0.800000000,0.000000000,0.073469877,-0.687391922,0.000000000,1,0.134455949
1.818919,1788507995.059959412,car5,car4,-0.800000000,0.000000000,0.000000000,-0.773847807,0.155996740,0.000000000,1,0.158173702
2.021085,1788507995.239868164,car1,car2,0.800000000,0.000000000,0.000000000,0.824078191,0.029743522,0.000000000,1,0.038267955
2.021085,1788507995.239868164,car1,car4,0.000000000,0.800000000,0.000000000,-0.003703497,0.882519305,0.000000000,1,0.082602370
2.021085,1788507995.239868164,car1,car5,0.800000000,0.800000000,0.000000000,0.787926782,0.766293108,0.000000000,1,0.035803870
2.021085,1788507995.239868164,car2,car1,-0.800000000,0.000000000,0.000000000,-0.824078191,-0.029743522,0.000000000,1,0.038267955
2.021085,1788507995.239868164,car2,car4,-0.800000000,0.800000000,0.000000000,-0.827781688,0.852775782,0.000000000,1,0.059641474
2.021085,1788507995.239868164,car2,car5,0.000000000,0.800000000,0.000000000,-0.036151409,0.736549586,0.000000000,1,0.073026566
2.021085,1788507995.239868164,car4,car1,0.000000000,-0.800000000,0.000000000,0.003703497,-0.882519305,0.000000000,1,0.082602370
2.021085,1788507995.239868164,car4,car2,0.800000000,-0.800000000,0.000000000,0.827781688,-0.852775782,0.000000000,1,0.059641474
2.021085,1788507995.239868164,car4,car5,0.800000000,0.000000000,0.000000000,0.791630279,-0.116226196,0.000000000,1,0.116527168
2.021085,1788507995.239868164,car5,car1,-0.800000000,-0.800000000,0.000000000,-0.787926782,-0.766293108,0.000000000,1,0.035803870
2.021085,1788507995.239868164,car5,car2,0.000000000,-0.800000000,0.000000000,0.036151409,-0.736549586,0.000000000,1,0.073026566
2.021085,1788507995.239868164,car5,car4,-0.800000000,0.000000000,0.000000000,-0.791630279,0.116226196,0.000000000,1,0.116527168
2.223009,1788507995.459828138,car1,car2,0.800000000,0.000000000,0.000000000,0.807704620,0.006639570,0.000000000,1,0.010170794
2.223009,1788507995.459828138,car1,car4,0.000000000,0.800000000,0.000000000,-0.005582772,0.857003570,0.000000000,1,0.057276298
2.223009,1788507995.459828138,car1,car5,0.800000000,0.800000000,0.000000000,0.797756426,0.789785266,0.000000000,1,0.010458222
2.223009,1788507995.459828138,car2,car1,-0.800000000,0.000000000,0.000000000,-0.807704620,-0.006639570,0.000000000,1,0.010170794
2.223009,1788507995.459828138,car2,car4,-0.800000000,0.800000000,0.000000000,-0.813287392,0.850364000,0.000000000,1,0.052087304
2.223009,1788507995.459828138,car2,car5,0.000000000,0.800000000,0.000000000,-0.009948194,0.783145696,0.000000000,1,0.019571258
2.223009,1788507995.459828138,car4,car1,0.000000000,-0.800000000,0.000000000,0.005582772,-0.857003570,0.000000000,1,0.057276298
2.223009,1788507995.459828138,car4,car2,0.800000000,-0.800000000,0.000000000,0.813287392,-0.850364000,0.000000000,1,0.052087304
2.223009,1788507995.459828138,car4,car5,0.800000000,0.000000000,0.000000000,0.803339198,-0.067218304,0.000000000,1,0.067301193
2.223009,1788507995.459828138,car5,car1,-0.800000000,-0.800000000,0.000000000,-0.797756426,-0.789785266,0.000000000,1,0.010458222
2.223009,1788507995.459828138,car5,car2,0.000000000,-0.800000000,0.000000000,0.009948194,-0.783145696,0.000000000,1,0.019571258
2.223009,1788507995.459828138,car5,car4,-0.800000000,0.000000000,0.000000000,-0.803339198,0.067218304,0.000000000,1,0.067301193
2.424689,1788507995.659976244,car1,car2,0.800000000,0.000000000,0.000000000,0.795314439,0.005685151,0.000000000,1,0.007367186
2.424689,1788507995.659976244,car1,car4,0.000000000,0.800000000,0.000000000,0.020970702,0.846513957,0.000000000,1,0.051022726
2.424689,1788507995.659976244,car1,car5,0.800000000,0.800000000,0.000000000,0.818008788,0.804232329,0.000000000,1,0.018499434
2.424689,1788507995.659976244,car2,car1,-0.800000000,0.000000000,0.000000000,-0.795314439,-0.005685151,0.000000000,1,0.007367186
2.424689,1788507995.659976244,car2,car4,-0.800000000,0.800000000,0.000000000,-0.774343736,0.840828806,0.000000000,1,0.048220693
2.424689,1788507995.659976244,car2,car5,0.000000000,0.800000000,0.000000000,0.022694349,0.798547179,0.000000000,1,0.022740804
2.424689,1788507995.659976244,car4,car1,0.000000000,-0.800000000,0.000000000,-0.020970702,-0.846513957,0.000000000,1,0.051022726
2.424689,1788507995.659976244,car4,car2,0.800000000,-0.800000000,0.000000000,0.774343736,-0.840828806,0.000000000,1,0.048220693
2.424689,1788507995.659976244,car4,car5,0.800000000,0.000000000,0.000000000,0.797038086,-0.042281628,0.000000000,1,0.042385245
2.424689,1788507995.659976244,car5,car1,-0.800000000,-0.800000000,0.000000000,-0.818008788,-0.804232329,0.000000000,1,0.018499434
2.424689,1788507995.659976244,car5,car2,0.000000000,-0.800000000,0.000000000,-0.022694349,-0.798547179,0.000000000,1,0.022740804
2.424689,1788507995.659976244,car5,car4,-0.800000000,0.000000000,0.000000000,-0.797038086,0.042281628,0.000000000,1,0.042385245
2.626584,1788507995.859844446,car1,car2,0.800000000,0.000000000,0.000000000,0.797307223,0.009184241,0.000000000,1,0.009570859
2.626584,1788507995.859844446,car1,car4,0.000000000,0.800000000,0.000000000,0.008835528,0.843690276,0.000000000,1,0.044574733
2.626584,1788507995.859844446,car1,car5,0.800000000,0.800000000,0.000000000,0.779706568,0.807313919,0.000000000,1,0.021571203
2.626584,1788507995.859844446,car2,car1,-0.800000000,0.000000000,0.000000000,-0.797307223,-0.009184241,0.000000000,1,0.009570859
2.626584,1788507995.859844446,car2,car4,-0.800000000,0.800000000,0.000000000,-0.788471695,0.834506035,0.000000000,1,0.036380878
2.626584,1788507995.859844446,car2,car5,0.000000000,0.800000000,0.000000000,-0.017600656,0.798129678,0.000000000,1,0.017699751
2.626584,1788507995.859844446,car4,car1,0.000000000,-0.800000000,0.000000000,-0.008835528,-0.843690276,0.000000000,1,0.044574733
2.626584,1788507995.859844446,car4,car2,0.800000000,-0.800000000,0.000000000,0.788471695,-0.834506035,0.000000000,1,0.036380878
2.626584,1788507995.859844446,car4,car5,0.800000000,0.000000000,0.000000000,0.770871039,-0.036376357,0.000000000,1,0.046601885
2.626584,1788507995.859844446,car5,car1,-0.800000000,-0.800000000,0.000000000,-0.779706568,-0.807313919,0.000000000,1,0.021571203
2.626584,1788507995.859844446,car5,car2,0.000000000,-0.800000000,0.000000000,0.017600656,-0.798129678,0.000000000,1,0.017699751
2.626584,1788507995.859844446,car5,car4,-0.800000000,0.000000000,0.000000000,-0.770871039,0.036376357,0.000000000,1,0.046601885
2.829647,1788507996.069966316,car1,car2,0.800000000,0.000000000,0.000000000,0.798385873,0.004403889,0.000000000,1,0.004690378
2.829647,1788507996.069966316,car1,car4,0.000000000,0.800000000,0.000000000,-0.000982638,0.841054469,0.000000000,1,0.041066227
2.829647,1788507996.069966316,car1,car5,0.800000000,0.800000000,0.000000000,0.792691424,0.804601759,0.000000000,1,0.008636635
2.829647,1788507996.069966316,car2,car1,-0.800000000,0.000000000,0.000000000,-0.798385873,-0.004403889,0.000000000,1,0.004690378
2.829647,1788507996.069966316,car2,car4,-0.800000000,0.800000000,0.000000000,-0.799368512,0.836650580,0.000000000,1,0.036656020
2.829647,1788507996.069966316,car2,car5,0.000000000,0.800000000,0.000000000,-0.005694449,0.800197870,0.000000000,1,0.005697886
2.829647,1788507996.069966316,car4,car1,0.000000000,-0.800000000,0.000000000,0.000982638,-0.841054469,0.000000000,1,0.041066227
2.829647,1788507996.069966316,car4,car2,0.800000000,-0.800000000,0.000000000,0.799368512,-0.836650580,0.000000000,1,0.036656020
2.829647,1788507996.069966316,car4,car5,0.800000000,0.000000000,0.000000000,0.793674063,-0.036452711,0.000000000,1,0.036997535
2.829647,1788507996.069966316,car5,car1,-0.800000000,-0.800000000,0.000000000,-0.792691424,-0.804601759,0.000000000,1,0.008636635
2.829647,1788507996.069966316,car5,car2,0.000000000,-0.800000000,0.000000000,0.005694449,-0.800197870,0.000000000,1,0.005697886
2.829647,1788507996.069966316,car5,car4,-0.800000000,0.000000000,0.000000000,-0.793674063,0.036452711,0.000000000,1,0.036997535
3.031998,1788507996.270052671,car1,car2,0.800000000,0.000000000,0.000000000,0.800385989,0.000256091,0.000000000,1,0.000463218
3.031998,1788507996.270052671,car1,car4,0.000000000,0.800000000,0.000000000,0.023704927,0.837735206,0.000000000,1,0.044563094
3.031998,1788507996.270052671,car1,car5,0.800000000,0.800000000,0.000000000,0.837717272,0.810635716,0.000000000,1,0.039188150
3.031998,1788507996.270052671,car2,car1,-0.800000000,0.000000000,0.000000000,-0.800385989,-0.000256091,0.000000000,1,0.000463218
3.031998,1788507996.270052671,car2,car4,-0.800000000,0.800000000,0.000000000,-0.776681062,0.837479115,0.000000000,1,0.044141329
3.031998,1788507996.270052671,car2,car5,0.000000000,0.800000000,0.000000000,0.037331283,0.810379624,0.000000000,1,0.038747404
3.031998,1788507996.270052671,car4,car1,0.000000000,-0.800000000,0.000000000,-0.023704927,-0.837735206,0.000000000,1,0.044563094
3.031998,1788507996.270052671,car4,car2,0.800000000,-0.800000000,0.000000000,0.776681062,-0.837479115,0.000000000,1,0.044141329
3.031998,1788507996.270052671,car4,car5,0.800000000,0.000000000,0.000000000,0.814012345,-0.027099490,0.000000000,1,0.030507838
3.031998,1788507996.270052671,car5,car1,-0.800000000,-0.800000000,0.000000000,-0.837717272,-0.810635716,0.000000000,1,0.039188150
3.031998,1788507996.270052671,car5,car2,0.000000000,-0.800000000,0.000000000,-0.037331283,-0.810379624,0.000000000,1,0.038747404
3.031998,1788507996.270052671,car5,car4,-0.800000000,0.000000000,0.000000000,-0.814012345,0.027099490,0.000000000,1,0.030507838
3.234018,1788507996.470038414,car1,car2,0.800000000,0.000000000,0.000000000,0.804207131,0.001524687,0.000000000,1,0.004474888
3.234018,1788507996.470038414,car1,car4,0.000000000,0.800000000,0.000000000,-0.005289730,0.832825661,0.000000000,1,0.033249139
3.234018,1788507996.470038414,car1,car5,0.800000000,0.800000000,0.000000000,0.777391300,0.814951420,0.000000000,1,0.027105318
3.234018,1788507996.470038414,car2,car1,-0.800000000,0.000000000,0.000000000,-0.804207131,-0.001524687,0.000000000,1,0.004474888
3.234018,1788507996.470038414,car2,car4,-0.800000000,0.800000000,0.000000000,-0.809496861,0.831300974,0.000000000,1,0.032709958
3.234018,1788507996.470038414,car2,car5,0.000000000,0.800000000,0.000000000,-0.026815832,0.813426733,0.000000000,1,0.029989431
3.234018,1788507996.470038414,car4,car1,0.000000000,-0.800000000,0.000000000,0.005289730,-0.832825661,0.000000000,1,0.033249139
3.234018,1788507996.470038414,car4,car2,0.800000000,-0.800000000,0.000000000,0.809496861,-0.831300974,0.000000000,1,0.032709958
3.234018,1788507996.470038414,car4,car5,0.800000000,0.000000000,0.000000000,0.782681029,-0.017874241,0.000000000,1,0.024888456
3.234018,1788507996.470038414,car5,car1,-0.800000000,-0.800000000,0.000000000,-0.777391300,-0.814951420,0.000000000,1,0.027105318
3.234018,1788507996.470038414,car5,car2,0.000000000,-0.800000000,0.000000000,0.026815832,-0.813426733,0.000000000,1,0.029989431
3.234018,1788507996.470038414,car5,car4,-0.800000000,0.000000000,0.000000000,-0.782681029,0.017874241,0.000000000,1,0.024888456
3.435959,1788507996.669817686,car1,car2,0.800000000,0.000000000,0.000000000,0.792983559,-0.007044971,0.000000000,1,0.009942940
3.435959,1788507996.669817686,car1,car4,0.000000000,0.800000000,0.000000000,-0.044540944,0.819379687,0.000000000,1,0.048574355
3.435959,1788507996.669817686,car1,car5,0.800000000,0.800000000,0.000000000,0.763358620,0.806021750,0.000000000,1,0.037132899
3.435959,1788507996.669817686,car2,car1,-0.800000000,0.000000000,0.000000000,-0.792983559,0.007044971,0.000000000,1,0.009942940
3.435959,1788507996.669817686,car2,car4,-0.800000000,0.800000000,0.000000000,-0.837524503,0.826424658,0.000000000,1,0.045894999
3.435959,1788507996.669817686,car2,car5,0.000000000,0.800000000,0.000000000,-0.029624939,0.813066721,0.000000000,1,0.032378638
3.435959,1788507996.669817686,car4,car1,0.000000000,-0.800000000,0.000000000,0.044540944,-0.819379687,0.000000000,1,0.048574355
3.435959,1788507996.669817686,car4,car2,0.800000000,-0.800000000,0.000000000,0.837524503,-0.826424658,0.000000000,1,0.045894999
3.435959,1788507996.669817686,car4,car5,0.800000000,0.000000000,0.000000000,0.807899565,-0.013357937,0.000000000,1,0.015518944
3.435959,1788507996.669817686,car5,car1,-0.800000000,-0.800000000,0.000000000,-0.763358620,-0.806021750,0.000000000,1,0.037132899
3.435959,1788507996.669817686,car5,car2,0.000000000,-0.800000000,0.000000000,0.029624939,-0.813066721,0.000000000,1,0.032378638
3.435959,1788507996.669817686,car5,car4,-0.800000000,0.000000000,0.000000000,-0.807899565,0.013357937,0.000000000,1,0.015518944
3.638896,1788507996.869926453,car1,car2,0.800000000,0.000000000,0.000000000,0.788120969,-0.006501347,0.000000000,1,0.013541746
3.638896,1788507996.869926453,car1,car4,0.000000000,0.800000000,0.000000000,0.001741034,0.814472020,0.000000000,1,0.014576370
3.638896,1788507996.869926453,car1,car5,0.800000000,0.800000000,0.000000000,0.835284694,0.806566656,0.000000000,1,0.035890536
3.638896,1788507996.869926453,car2,car1,-0.800000000,0.000000000,0.000000000,-0.788120969,0.006501347,0.000000000,1,0.013541746
3.638896,1788507996.869926453,car2,car4,-0.800000000,0.800000000,0.000000000,-0.786379935,0.820973366,0.000000000,1,0.025007764
3.638896,1788507996.869926453,car2,car5,0.000000000,0.800000000,0.000000000,0.047163725,0.813068002,0.000000000,1,0.048940675
3.638896,1788507996.869926453,car4,car1,0.000000000,-0.800000000,0.000000000,-0.001741034,-0.814472020,0.000000000,1,0.014576370
3.638896,1788507996.869926453,car4,car2,0.800000000,-0.800000000,0.000000000,0.786379935,-0.820973366,0.000000000,1,0.025007764
3.638896,1788507996.869926453,car4,car5,0.800000000,0.000000000,0.000000000,0.833543660,-0.007905364,0.000000000,1,0.034462616
3.638896,1788507996.869926453,car5,car1,-0.800000000,-0.800000000,0.000000000,-0.835284694,-0.806566656,0.000000000,1,0.035890536
3.638896,1788507996.869926453,car5,car2,0.000000000,-0.800000000,0.000000000,-0.047163725,-0.813068002,0.000000000,1,0.048940675
3.638896,1788507996.869926453,car5,car4,-0.800000000,0.000000000,0.000000000,-0.833543660,0.007905364,0.000000000,1,0.034462616
3.841261,1788507997.079792976,car1,car2,0.800000000,0.000000000,0.000000000,0.808054192,-0.004204243,0.000000000,1,0.009085465
3.841261,1788507997.079792976,car1,car4,0.000000000,0.800000000,0.000000000,0.020994882,0.805499464,0.000000000,1,0.021703206
3.841261,1788507997.079792976,car1,car5,0.800000000,0.800000000,0.000000000,0.808172806,0.807123631,0.000000000,1,0.010841627
3.841261,1788507997.079792976,car2,car1,-0.800000000,0.000000000,0.000000000,-0.808054192,0.004204243,0.000000000,1,0.009085465
3.841261,1788507997.079792976,car2,car4,-0.800000000,0.800000000,0.000000000,-0.787059311,0.809703708,0.000000000,1,0.016174776
3.841261,1788507997.079792976,car2,car5,0.000000000,0.800000000,0.000000000,0.000118613,0.811327875,0.000000000,1,0.011328496
3.841261,1788507997.079792976,car4,car1,0.000000000,-0.800000000,0.000000000,-0.020994882,-0.805499464,0.000000000,1,0.021703206
3.841261,1788507997.079792976,car4,car2,0.800000000,-0.800000000,0.000000000,0.787059311,-0.809703708,0.000000000,1,0.016174776
3.841261,1788507997.079792976,car4,car5,0.800000000,0.000000000,0.000000000,0.787177924,0.001624167,0.000000000,1,0.012924533
3.841261,1788507997.079792976,car5,car1,-0.800000000,-0.800000000,0.000000000,-0.808172806,-0.807123631,0.000000000,1,0.010841627
3.841261,1788507997.079792976,car5,car2,0.000000000,-0.800000000,0.000000000,-0.000118613,-0.811327875,0.000000000,1,0.011328496
3.841261,1788507997.079792976,car5,car4,-0.800000000,0.000000000,0.000000000,-0.787177924,-0.001624167,0.000000000,1,0.012924533
4.042985,1788507997.279862642,car1,car2,0.800000000,0.000000000,0.000000000,0.799257867,-0.005472869,0.000000000,1,0.005522957
4.042985,1788507997.279862642,car1,car4,0.000000000,0.800000000,0.000000000,-0.029115092,0.801624477,0.000000000,1,0.029160376
4.042985,1788507997.279862642,car1,car5,0.800000000,0.800000000,0.000000000,0.758774869,0.806323588,0.000000000,1,0.041707304
4.042985,1788507997.279862642,car2,car1,-0.800000000,0.000000000,0.000000000,-0.799257867,0.005472869,0.000000000,1,0.005522957
4.042985,1788507997.279862642,car2,car4,-0.800000000,0.800000000,0.000000000,-0.828372959,0.807097346,0.000000000,1,0.029247173
4.042985,1788507997.279862642,car2,car5,0.000000000,0.800000000,0.000000000,-0.040482998,0.811796457,0.000000000,1,0.042166687
4.042985,1788507997.279862642,car4,car1,0.000000000,-0.800000000,0.000000000,0.029115092,-0.801624477,0.000000000,1,0.029160376
4.042985,1788507997.279862642,car4,car2,0.800000000,-0.800000000,0.000000000,0.828372959,-0.807097346,0.000000000,1,0.029247173
4.042985,1788507997.279862642,car4,car5,0.800000000,0.000000000,0.000000000,0.787889961,0.004699111,0.000000000,1,0.012989792
4.042985,1788507997.279862642,car5,car1,-0.800000000,-0.800000000,0.000000000,-0.758774869,-0.806323588,0.000000000,1,0.041707304
4.042985,1788507997.279862642,car5,car2,0.000000000,-0.800000000,0.000000000,0.040482998,-0.811796457,0.000000000,1,0.042166687
4.042985,1788507997.279862642,car5,car4,-0.800000000,0.000000000,0.000000000,-0.787889961,-0.004699111,0.000000000,1,0.012989792
4.244943,1788507997.479993105,car1,car2,0.800000000,0.000000000,0.000000000,0.785741176,-0.007279724,0.000000000,1,0.016009635
4.244943,1788507997.479993105,car1,car4,0.000000000,0.800000000,0.000000000,-0.012535300,0.799945951,0.000000000,1,0.012535417
4.244943,1788507997.479993105,car1,car5,0.800000000,0.800000000,0.000000000,0.815534797,0.805539012,0.000000000,1,0.016492743
4.244943,1788507997.479993105,car2,car1,-0.800000000,0.000000000,0.000000000,-0.785741176,0.007279724,0.000000000,1,0.016009635
4.244943,1788507997.479993105,car2,car4,-0.800000000,0.800000000,0.000000000,-0.798276477,0.807225674,0.000000000,1,0.007428385
4.244943,1788507997.479993105,car2,car5,0.000000000,0.800000000,0.000000000,0.029793620,0.812818736,0.000000000,1,0.032434238
4.244943,1788507997.479993105,car4,car1,0.000000000,-0.800000000,0.000000000,0.012535300,-0.799945951,0.000000000,1,0.012535417
4.244943,1788507997.479993105,car4,car2,0.800000000,-0.800000000,0.000000000,0.798276477,-0.807225674,0.000000000,1,0.007428385
4.244943,1788507997.479993105,car4,car5,0.800000000,0.000000000,0.000000000,0.828070097,0.005593061,0.000000000,1,0.028621891
4.244943,1788507997.479993105,car5,car1,-0.800000000,-0.800000000,0.000000000,-0.815534797,-0.805539012,0.000000000,1,0.016492743
4.244943,1788507997.479993105,car5,car2,0.000000000,-0.800000000,0.000000000,-0.029793620,-0.812818736,0.000000000,1,0.032434238
4.244943,1788507997.479993105,car5,car4,-0.800000000,0.000000000,0.000000000,-0.828070097,-0.005593061,0.000000000,1,0.028621891
4.446861,1788507997.679859400,car1,car2,0.800000000,0.000000000,0.000000000,0.821188651,-0.008648872,0.000000000,1,0.022885846
4.446861,1788507997.679859400,car1,car4,0.000000000,0.800000000,0.000000000,0.041050233,0.797686070,0.000000000,1,0.041115397
4.446861,1788507997.679859400,car1,car5,0.800000000,0.800000000,0.000000000,0.838320754,0.807340056,0.000000000,1,0.039017389
4.446861,1788507997.679859400,car2,car1,-0.800000000,0.000000000,0.000000000,-0.821188651,0.008648872,0.000000000,1,0.022885846
4.446861,1788507997.679859400,car2,car4,-0.800000000,0.800000000,0.000000000,-0.780138418,0.806334943,0.000000000,1,0.020847396
4.446861,1788507997.679859400,car2,car5,0.000000000,0.800000000,0.000000000,0.017132103,0.815988928,0.000000000,1,0.023434052
4.446861,1788507997.679859400,car4,car1,0.000000000,-0.800000000,0.000000000,-0.041050233,-0.797686070,0.000000000,1,0.041115397
4.446861,1788507997.679859400,car4,car2,0.800000000,-0.800000000,0.000000000,0.780138418,-0.806334943,0.000000000,1,0.020847396
4.446861,1788507997.679859400,car4,car5,0.800000000,0.000000000,0.000000000,0.797270522,0.009653986,0.000000000,1,0.010032422
4.446861,1788507997.679859400,car5,car1,-0.800000000,-0.800000000,0.000000000,-0.838320754,-0.807340056,0.000000000,1,0.039017389
4.446861,1788507997.679859400,car5,car2,0.000000000,-0.800000000,0.000000000,-0.017132103,-0.815988928,0.000000000,1,0.023434052
4.446861,1788507997.679859400,car5,car4,-0.800000000,0.000000000,0.000000000,-0.797270522,-0.009653986,0.000000000,1,0.010032422
4.650110,1788507997.890052080,car1,car2,0.800000000,0.000000000,0.000000000,0.813331328,-0.005752742,0.000000000,1,0.014519585
4.650110,1788507997.890052080,car1,car4,0.000000000,0.800000000,0.000000000,-0.014469288,0.797189832,0.000000000,1,0.014739652
4.650110,1788507997.890052080,car1,car5,0.800000000,0.800000000,0.000000000,0.775411867,0.808198929,0.000000000,1,0.025919081
4.650110,1788507997.890052080,car2,car1,-0.800000000,0.000000000,0.000000000,-0.813331328,0.005752742,0.000000000,1,0.014519585
4.650110,1788507997.890052080,car2,car4,-0.800000000,0.800000000,0.000000000,-0.827800617,0.802942574,0.000000000,1,0.027955912
4.650110,1788507997.890052080,car2,car5,0.000000000,0.800000000,0.000000000,-0.037919462,0.813951671,0.000000000,1,0.040404637
4.650110,1788507997.890052080,car4,car1,0.000000000,-0.800000000,0.000000000,0.014469288,-0.797189832,0.000000000,1,0.014739652
4.650110,1788507997.890052080,car4,car2,0.800000000,-0.800000000,0.000000000,0.827800617,-0.802942574,0.000000000,1,0.027955912
4.650110,1788507997.890052080,car4,car5,0.800000000,0.000000000,0.000000000,0.789881155,0.011009097,0.000000000,1,0.014952968
4.650110,1788507997.890052080,car5,car1,-0.800000000,-0.800000000,0.000000000,-0.775411867,-0.808198929,0.000000000,1,0.025919081
4.650110,1788507997.890052080,car5,car2,0.000000000,-0.800000000,0.000000000,0.037919462,-0.813951671,0.000000000,1,0.040404637
4.650110,1788507997.890052080,car5,car4,-0.800000000,0.000000000,0.000000000,-0.789881155,-0.011009097,0.000000000,1,0.014952968
4.852499,1788507998.089812279,car1,car2,0.800000000,0.000000000,0.000000000,0.770236015,-0.003384292,0.000000000,1,0.029955771
4.852499,1788507998.089812279,car1,car4,0.000000000,0.800000000,0.000000000,-0.040808789,0.795316994,0.000000000,1,0.041076609
4.852499,1788507998.089812279,car1,car5,0.800000000,0.800000000,0.000000000,0.783744633,0.808444619,0.000000000,1,0.018317984
4.852499,1788507998.089812279,car2,car1,-0.800000000,0.000000000,0.000000000,-0.770236015,0.003384292,0.000000000,1,0.029955771
4.852499,1788507998.089812279,car2,car4,-0.800000000,0.800000000,0.000000000,-0.811044805,0.798701286,0.000000000,1,0.011120898
4.852499,1788507998.089812279,car2,car5,0.000000000,0.800000000,0.000000000,0.013508618,0.811828911,0.000000000,1,0.017955665
4.852499,1788507998.089812279,car4,car1,0.000000000,-0.800000000,0.000000000,0.040808789,-0.795316994,0.000000000,1,0.041076609
4.852499,1788507998.089812279,car4,car2,0.800000000,-0.800000000,0.000000000,0.811044805,-0.798701286,0.000000000,1,0.011120898
4.852499,1788507998.089812279,car4,car5,0.800000000,0.000000000,0.000000000,0.824553423,0.013127625,0.000000000,1,0.027842505
4.852499,1788507998.089812279,car5,car1,-0.800000000,-0.800000000,0.000000000,-0.783744633,-0.808444619,0.000000000,1,0.018317984
4.852499,1788507998.089812279,car5,car2,0.000000000,-0.800000000,0.000000000,-0.013508618,-0.811828911,0.000000000,1,0.017955665
4.852499,1788507998.089812279,car5,car4,-0.800000000,0.000000000,0.000000000,-0.824553423,-0.013127625,0.000000000,1,0.027842505
5.054378,1788507998.289890289,car1,car2,0.800000000,0.000000000,0.000000000,0.806005403,-0.005610064,0.000000000,1,0.008218131
5.054378,1788507998.289890289,car1,car4,0.000000000,0.800000000,0.000000000,0.028673396,0.792078152,0.000000000,1,0.029747593
5.054378,1788507998.289890289,car1,car5,0.800000000,0.800000000,0.000000000,0.841618225,0.807915762,0.000000000,1,0.042364324
5.054378,1788507998.289890289,car2,car1,-0.800000000,0.000000000,0.000000000,-0.806005403,0.005610064,0.000000000,1,0.008218131
5.054378,1788507998.289890289,car2,car4,-0.800000000,0.800000000,0.000000000,-0.777332008,0.797688216,0.000000000,1,0.022785570
5.054378,1788507998.289890289,car2,car5,0.000000000,0.800000000,0.000000000,0.035612822,0.813525826,0.000000000,1,0.038094895
5.054378,1788507998.289890289,car4,car1,0.000000000,-0.800000000,0.000000000,-0.028673396,-0.792078152,0.000000000,1,0.029747593
5.054378,1788507998.289890289,car4,car2,0.800000000,-0.800000000,0.000000000,0.777332008,-0.797688216,0.000000000,1,0.022785570
5.054378,1788507998.289890289,car4,car5,0.800000000,0.000000000,0.000000000,0.812944829,0.015837610,0.000000000,1,0.020454791
5.054378,1788507998.289890289,car5,car1,-0.800000000,-0.800000000,0.000000000,-0.841618225,-0.807915762,0.000000000,1,0.042364324
5.054378,1788507998.289890289,car5,car2,0.000000000,-0.800000000,0.000000000,-0.035612822,-0.813525826,0.000000000,1,0.038094895
5.054378,1788507998.289890289,car5,car4,-0.800000000,0.000000000,0.000000000,-0.812944829,-0.015837610,0.000000000,1,0.020454791
5.256308,1788507998.490141869,car1,car2,0.800000000,0.000000000,0.000000000,0.811185002,-0.003019080,0.000000000,1,0.011585298
5.256308,1788507998.490141869,car1,car4,0.000000000,0.800000000,0.000000000,-0.005761296,0.791541740,0.000000000,1,0.010233996
5.256308,1788507998.490141869,car1,car5,0.800000000,0.800000000,0.000000000,0.778314412,0.806379065,0.000000000,1,0.022604363
5.256308,1788507998.490141869,car2,car1,-0.800000000,0.000000000,0.000000000,-0.811185002,0.003019080,0.000000000,1,0.011585298
5.256308,1788507998.490141869,car2,car4,-0.800000000,0.800000000,0.000000000,-0.816946298,0.794560820,0.000000000,1,0.017797800
5.256308,1788507998.490141869,car2,car5,0.000000000,0.800000000,0.000000000,-0.032870591,0.809398144,0.000000000,1,0.034187730
5.256308,1788507998.490141869,car4,car1,0.000000000,-0.800000000,0.000000000,0.005761296,-0.791541740,0.000000000,1,0.010233996
5.256308,1788507998.490141869,car4,car2,0.800000000,-0.800000000,0.000000000,0.816946298,-0.794560820,0.000000000,1,0.017797800
5.256308,1788507998.490141869,car4,car5,0.800000000,0.000000000,0.000000000,0.784075707,0.014837325,0.000000000,1,0.021765323
5.256308,1788507998.490141869,car5,car1,-0.800000000,-0.800000000,0.000000000,-0.778314412,-0.806379065,0.000000000,1,0.022604363
5.256308,1788507998.490141869,car5,car2,0.000000000,-0.800000000,0.000000000,0.032870591,-0.809398144,0.000000000,1,0.034187730
5.256308,1788507998.490141869,car5,car4,-0.800000000,0.000000000,0.000000000,-0.784075707,-0.014837325,0.000000000,1,0.021765323
5.461574,1788507998.699983835,car1,car2,0.800000000,0.000000000,0.000000000,0.769980103,-0.002798229,0.000000000,1,0.030150030
5.461574,1788507998.699983835,car1,car4,0.000000000,0.800000000,0.000000000,-0.046325907,0.791027725,0.000000000,1,0.047186771
5.461574,1788507998.699983835,car1,car5,0.800000000,0.800000000,0.000000000,0.768977493,0.805151880,0.000000000,1,0.031447381
5.461574,1788507998.699983835,car2,car1,-0.800000000,0.000000000,0.000000000,-0.769980103,0.002798229,0.000000000,1,0.030150030
5.461574,1788507998.699983835,car2,car4,-0.800000000,0.800000000,0.000000000,-0.816306010,0.793825954,0.000000000,1,0.017435733
5.461574,1788507998.699983835,car2,car5,0.000000000,0.800000000,0.000000000,-0.001002610,0.807950109,0.000000000,1,0.008013081
5.461574,1788507998.699983835,car4,car1,0.000000000,-0.800000000,0.000000000,0.046325907,-0.791027725,0.000000000,1,0.047186771
5.461574,1788507998.699983835,car4,car2,0.800000000,-0.800000000,0.000000000,0.816306010,-0.793825954,0.000000000,1,0.017435733
5.461574,1788507998.699983835,car4,car5,0.800000000,0.000000000,0.000000000,0.815303400,0.014124155,0.000000000,1,0.020825125
5.461574,1788507998.699983835,car5,car1,-0.800000000,-0.800000000,0.000000000,-0.768977493,-0.805151880,0.000000000,1,0.031447381
5.461574,1788507998.699983835,car5,car2,0.000000000,-0.800000000,0.000000000,0.001002610,-0.807950109,0.000000000,1,0.008013081
5.461574,1788507998.699983835,car5,car4,-0.800000000,0.000000000,0.000000000,-0.815303400,-0.014124155,0.000000000,1,0.020825125
5.663451,1788507998.899998188,car1,car2,0.800000000,0.000000000,0.000000000,0.810698360,0.000270009,0.000000000,1,0.010701767
5.663451,1788507998.899998188,car1,car4,0.000000000,0.800000000,0.000000000,0.031463668,0.790101677,0.000000000,1,0.032983923
5.663451,1788507998.899998188,car1,car5,0.800000000,0.800000000,0.000000000,0.845178396,0.802394778,0.000000000,1,0.045241821
5.663451,1788507998.899998188,car2,car1,-0.800000000,0.000000000,0.000000000,-0.810698360,-0.000270009,0.000000000,1,0.010701767
5.663451,1788507998.899998188,car2,car4,-0.800000000,0.800000000,0.000000000,-0.779234692,0.789831668,0.000000000,1,0.023121267
5.663451,1788507998.899998188,car2,car5,0.000000000,0.800000000,0.000000000,0.034480035,0.802124768,0.000000000,1,0.034545441
5.663451,1788507998.899998188,car4,car1,0.000000000,-0.800000000,0.000000000,-0.031463668,-0.790101677,0.000000000,1,0.032983923
5.663451,1788507998.899998188,car4,car2,0.800000000,-0.800000000,0.000000000,0.779234692,-0.789831668,0.000000000,1,0.023121267
5.663451,1788507998.899998188,car4,car5,0.800000000,0.000000000,0.000000000,0.813714728,0.012293100,0.000000000,1,0.018417765
5.663451,1788507998.899998188,car5,car1,-0.800000000,-0.800000000,0.000000000,-0.845178396,-0.802394778,0.000000000,1,0.045241821
5.663451,1788507998.899998188,car5,car2,0.000000000,-0.800000000,0.000000000,-0.034480035,-0.802124768,0.000000000,1,0.034545441
5.663451,1788507998.899998188,car5,car4,-0.800000000,0.000000000,0.000000000,-0.813714728,-0.012293100,0.000000000,1,0.018417765
5.866785,1788507999.099755049,car1,car2,0.800000000,0.000000000,0.000000000,0.816696212,0.004223764,0.000000000,1,0.017222185
5.866785,1788507999.099755049,car1,car4,0.000000000,0.800000000,0.000000000,0.006015673,0.790696219,0.000000000,1,0.011079200
5.866785,1788507999.099755049,car1,car5,0.800000000,0.800000000,0.000000000,0.795731947,0.799844280,0.000000000,1,0.004270893
5.866785,1788507999.099755049,car2,car1,-0.800000000,0.000000000,0.000000000,-0.816696212,-0.004223764,0.000000000,1,0.017222185
5.866785,1788507999.099755049,car2,car4,-0.800000000,0.800000000,0.000000000,-0.810680538,0.786472455,0.000000000,1,0.017235672
5.866785,1788507999.099755049,car2,car5,0.000000000,0.800000000,0.000000000,-0.020964265,0.795620516,0.000000000,1,0.021416822
5.866785,1788507999.099755049,car4,car1,0.000000000,-0.800000000,0.000000000,-0.006015673,-0.790696219,0.000000000,1,0.011079200
5.866785,1788507999.099755049,car4,car2,0.800000000,-0.800000000,0.000000000,0.810680538,-0.786472455,0.000000000,1,0.017235672
5.866785,1788507999.099755049,car4,car5,0.800000000,0.000000000,0.000000000,0.789716274,0.009148061,0.000000000,1,0.013763795
5.866785,1788507999.099755049,car5,car1,-0.800000000,-0.800000000,0.000000000,-0.795731947,-0.799844280,0.000000000,1,0.004270893
5.866785,1788507999.099755049,car5,car2,0.000000000,-0.800000000,0.000000000,0.020964265,-0.795620516,0.000000000,1,0.021416822
5.866785,1788507999.099755049,car5,car4,-0.800000000,0.000000000,0.000000000,-0.789716274,-0.009148061,0.000000000,1,0.013763795
6.069575,1788507999.299907923,car1,car2,0.800000000,0.000000000,0.000000000,0.784174889,-0.000681594,0.000000000,1,0.015839782
6.069575,1788507999.299907923,car1,car4,0.000000000,0.800000000,0.000000000,-0.054632917,0.788130656,0.000000000,1,0.055907396
6.069575,1788507999.299907923,car1,car5,0.800000000,0.800000000,0.000000000,0.759198517,0.798915640,0.000000000,1,0.040815890
6.069575,1788507999.299907923,car2,car1,-0.800000000,0.000000000,0.000000000,-0.784174889,0.000681594,0.000000000,1,0.015839782
6.069575,1788507999.299907923,car2,car4,-0.800000000,0.800000000,0.000000000,-0.838807806,0.788812250,0.000000000,1,0.040388261
6.069575,1788507999.299907923,car2,car5,0.000000000,0.800000000,0.000000000,-0.024976373,0.799597234,0.000000000,1,0.024979620
6.069575,1788507999.299907923,car4,car1,0.000000000,-0.800000000,0.000000000,0.054632917,-0.788130656,0.000000000,1,0.055907396
6.069575,1788507999.299907923,car4,car2,0.800000000,-0.800000000,0.000000000,0.838807806,-0.788812250,0.000000000,1,0.040388261
6.069575,1788507999.299907923,car4,car5,0.800000000,0.000000000,0.000000000,0.813831434,0.010784984,0.000000000,1,0.017539225
6.069575,1788507999.299907923,car5,car1,-0.800000000,-0.800000000,0.000000000,-0.759198517,-0.798915640,0.000000000,1,0.040815890
6.069575,1788507999.299907923,car5,car2,0.000000000,-0.800000000,0.000000000,0.024976373,-0.799597234,0.000000000,1,0.024979620
6.069575,1788507999.299907923,car5,car4,-0.800000000,0.000000000,0.000000000,-0.813831434,-0.010784984,0.000000000,1,0.017539225
6.271498,1788507999.509977579,car1,car2,0.800000000,0.000000000,0.000000000,0.785061836,-0.000634626,0.000000000,1,0.014951638
6.271498,1788507999.509977579,car1,car4,0.000000000,0.800000000,0.000000000,0.012409449,0.787119672,0.000000000,1,0.017885672
6.271498,1788507999.509977579,car1,car5,0.800000000,0.800000000,0.000000000,0.826270103,0.797472581,0.000000000,1,0.026391404
6.271498,1788507999.509977579,car2,car1,-0.800000000,0.000000000,0.000000000,-0.785061836,0.000634626,0.000000000,1,0.014951638
6.271498,1788507999.509977579,car2,car4,-0.800000000,0.800000000,0.000000000,-0.772652388,0.787754297,0.000000000,1,0.029964131
6.271498,1788507999.509977579,car2,car5,0.000000000,0.800000000,0.000000000,0.041208267,0.798107207,0.000000000,1,0.041251715
6.271498,1788507999.509977579,car4,car1,0.000000000,-0.800000000,0.000000000,-0.012409449,-0.787119672,0.000000000,1,0.017885672
6.271498,1788507999.509977579,car4,car2,0.800000000,-0.800000000,0.000000000,0.772652388,-0.787754297,0.000000000,1,0.029964131
6.271498,1788507999.509977579,car4,car5,0.800000000,0.000000000,0.000000000,0.813860655,0.010352910,0.000000000,1,0.017300303
6.271498,1788507999.509977579,car5,car1,-0.800000000,-0.800000000,0.000000000,-0.826270103,-0.797472581,0.000000000,1,0.026391404
6.271498,1788507999.509977579,car5,car2,0.000000000,-0.800000000,0.000000000,-0.041208267,-0.798107207,0.000000000,1,0.041251715
6.271498,1788507999.509977579,car5,car4,-0.800000000,0.000000000,0.000000000,-0.813860655,-0.010352910,0.000000000,1,0.017300303
6.473396,1788507999.699897766,car1,car2,0.800000000,0.000000000,0.000000000,0.815712363,-0.001032919,0.000000000,1,0.015746278
6.473396,1788507999.699897766,car1,car4,0.000000000,0.800000000,0.000000000,0.034725219,0.787439167,0.000000000,1,0.036927163
6.473396,1788507999.699897766,car1,car5,0.800000000,0.800000000,0.000000000,0.809647232,0.797213435,0.000000000,1,0.010041615
6.473396,1788507999.699897766,car2,car1,-0.800000000,0.000000000,0.000000000,-0.815712363,0.001032919,0.000000000,1,0.015746278
6.473396,1788507999.699897766,car2,car4,-0.800000000,0.800000000,0.000000000,-0.780987144,0.788472086,0.000000000,1,0.022234692
6.473396,1788507999.699897766,car2,car5,0.000000000,0.800000000,0.000000000,-0.006065130,0.798246354,0.000000000,1,0.006313563
6.473396,1788507999.699897766,car4,car1,0.000000000,-0.800000000,0.000000000,-0.034725219,-0.787439167,0.000000000,1,0.036927163
6.473396,1788507999.699897766,car4,car2,0.800000000,-0.800000000,0.000000000,0.780987144,-0.788472086,0.000000000,1,0.022234692
6.473396,1788507999.699897766,car4,car5,0.800000000,0.000000000,0.000000000,0.774922013,0.009774268,0.000000000,1,0.026915455
6.473396,1788507999.699897766,car5,car1,-0.800000000,-0.800000000,0.000000000,-0.809647232,-0.797213435,0.000000000,1,0.010041615
6.473396,1788507999.699897766,car5,car2,0.000000000,-0.800000000,0.000000000,0.006065130,-0.798246354,0.000000000,1,0.006313563
6.473396,1788507999.699897766,car5,car4,-0.800000000,0.000000000,0.000000000,-0.774922013,-0.009774268,0.000000000,1,0.026915455
6.675520,1788507999.910180330,car1,car2,0.800000000,0.000000000,0.000000000,0.801515847,-0.003477648,0.000000000,1,0.003793656
6.675520,1788507999.910180330,car1,car4,0.000000000,0.800000000,0.000000000,-0.036828607,0.787895605,0.000000000,1,0.038766773
6.675520,1788507999.910180330,car1,car5,0.800000000,0.800000000,0.000000000,0.761481911,0.794898316,0.000000000,1,0.038854477
6.675520,1788507999.910180330,car2,car1,-0.800000000,0.000000000,0.000000000,-0.801515847,0.003477648,0.000000000,1,0.003793656
6.675520,1788507999.910180330,car2,car4,-0.800000000,0.800000000,0.000000000,-0.838344455,0.791373253,0.000000000,1,0.039302900
6.675520,1788507999.910180330,car2,car5,0.000000000,0.800000000,0.000000000,-0.040033937,0.798375964,0.000000000,1,0.040066864
6.675520,1788507999.910180330,car4,car1,0.000000000,-0.800000000,0.000000000,0.036828607,-0.787895605,0.000000000,1,0.038766773
6.675520,1788507999.910180330,car4,car2,0.800000000,-0.800000000,0.000000000,0.838344455,-0.791373253,0.000000000,1,0.039302900
6.675520,1788507999.910180330,car4,car5,0.800000000,0.000000000,0.000000000,0.798310518,0.007002711,0.000000000,1,0.007203632
6.675520,1788507999.910180330,car5,car1,-0.800000000,-0.800000000,0.000000000,-0.761481911,-0.794898316,0.000000000,1,0.038854477
6.675520,1788507999.910180330,car5,car2,0.000000000,-0.800000000,0.000000000,0.040033937,-0.798375964,0.000000000,1,0.040066864
6.675520,1788507999.910180330,car5,car4,-0.800000000,0.000000000,0.000000000,-0.798310518,-0.007002711,0.000000000,1,0.007203632
6.877595,1788508000.109818935,car1,car2,0.800000000,0.000000000,0.000000000,0.778645396,-0.005949840,0.000000000,1,0.022167988
6.877595,1788508000.109818935,car1,car4,0.000000000,0.800000000,0.000000000,0.006235063,0.788101837,0.000000000,1,0.013432881
6.877595,1788508000.109818935,car1,car5,0.800000000,0.800000000,0.000000000,0.814087749,0.795643911,0.000000000,1,0.014745853
6.877595,1788508000.109818935,car2,car1,-0.800000000,0.000000000,0.000000000,-0.778645396,0.005949840,0.000000000,1,0.022167988
6.877595,1788508000.109818935,car2,car4,-0.800000000,0.800000000,0.000000000,-0.772410333,0.794051677,0.000000000,1,0.028223612
6.877595,1788508000.109818935,car2,car5,0.000000000,0.800000000,0.000000000,0.035442352,0.801593751,0.000000000,1,0.035478168
6.877595,1788508000.109818935,car4,car1,0.000000000,-0.800000000,0.000000000,-0.006235063,-0.788101837,0.000000000,1,0.013432881
6.877595,1788508000.109818935,car4,car2,0.800000000,-0.800000000,0.000000000,0.772410333,-0.794051677,0.000000000,1,0.028223612
6.877595,1788508000.109818935,car4,car5,0.800000000,0.000000000,0.000000000,0.807852685,0.007542074,0.000000000,1,0.010887954
6.877595,1788508000.109818935,car5,car1,-0.800000000,-0.800000000,0.000000000,-0.814087749,-0.795643911,0.000000000,1,0.014745853
6.877595,1788508000.109818935,car5,car2,0.000000000,-0.800000000,0.000000000,-0.035442352,-0.801593751,0.000000000,1,0.035478168
6.877595,1788508000.109818935,car5,car4,-0.800000000,0.000000000,0.000000000,-0.807852685,-0.007542074,0.000000000,1,0.010887954
7.080190,1788508000.320050716,car1,car2,0.800000000,0.000000000,0.000000000,0.818260908,-0.007584229,0.000000000,1,0.019773247
7.080190,1788508000.320050716,car1,car4,0.000000000,0.800000000,0.000000000,0.029488415,0.788238332,0.000000000,1,0.031747495
7.080190,1788508000.320050716,car1,car5,0.800000000,0.800000000,0.000000000,0.835664749,0.795115277,0.000000000,1,0.035997706
7.080190,1788508000.320050716,car2,car1,-0.800000000,0.000000000,0.000000000,-0.818260908,0.007584229,0.000000000,1,0.019773247
7.080190,1788508000.320050716,car2,car4,-0.800000000,0.800000000,0.000000000,-0.788772494,0.795822561,0.000000000,1,0.011979478
7.080190,1788508000.320050716,car2,car5,0.000000000,0.800000000,0.000000000,0.017403841,0.802699506,0.000000000,1,0.017611957
7.080190,1788508000.320050716,car4,car1,0.000000000,-0.800000000,0.000000000,-0.029488415,-0.788238332,0.000000000,1,0.031747495
7.080190,1788508000.320050716,car4,car2,0.800000000,-0.800000000,0.000000000,0.788772494,-0.795822561,0.000000000,1,0.011979478
7.080190,1788508000.320050716,car4,car5,0.800000000,0.000000000,0.000000000,0.806176335,0.006876945,0.000000000,1,0.009243348
7.080190,1788508000.320050716,car5,car1,-0.800000000,-0.800000000,0.000000000,-0.835664749,-0.795115277,0.000000000,1,0.035997706
7.080190,1788508000.320050716,car5,car2,0.000000000,-0.800000000,0.000000000,-0.017403841,-0.802699506,0.000000000,1,0.017611957
7.080190,1788508000.320050716,car5,car4,-0.800000000,0.000000000,0.000000000,-0.806176335,-0.006876945,0.000000000,1,0.009243348
7.282239,1788508000.519792557,car1,car2,0.800000000,0.000000000,0.000000000,0.813323289,-0.003670618,0.000000000,1,0.013819677
7.282239,1788508000.519792557,car1,car4,0.000000000,0.800000000,0.000000000,-0.023778081,0.791267291,0.000000000,1,0.025330956
7.282239,1788508000.519792557,car1,car5,0.800000000,0.800000000,0.000000000,0.767362624,0.801441982,0.000000000,1,0.032669215
7.282239,1788508000.519792557,car2,car1,-0.800000000,0.000000000,0.000000000,-0.813323289,0.003670618,0.000000000,1,0.013819677
7.282239,1788508000.519792557,car2,car4,-0.800000000,0.800000000,0.000000000,-0.837101370,0.794937909,0.000000000,1,0.037445112
7.282239,1788508000.519792557,car2,car5,0.000000000,0.800000000,0.000000000,-0.045960665,0.805112600,0.000000000,1,0.046244150
7.282239,1788508000.519792557,car4,car1,0.000000000,-0.800000000,0.000000000,0.023778081,-0.791267291,0.000000000,1,0.025330956
7.282239,1788508000.519792557,car4,car2,0.800000000,-0.800000000,0.000000000,0.837101370,-0.794937909,0.000000000,1,0.037445112
7.282239,1788508000.519792557,car4,car5,0.800000000,0.000000000,0.000000000,0.791140705,0.010174692,0.000000000,1,0.013491162
7.282239,1788508000.519792557,car5,car1,-0.800000000,-0.800000000,0.000000000,-0.767362624,-0.801441982,0.000000000,1,0.032669215
7.282239,1788508000.519792557,car5,car2,0.000000000,-0.800000000,0.000000000,0.045960665,-0.805112600,0.000000000,1,0.046244150
7.282239,1788508000.519792557,car5,car4,-0.800000000,0.000000000,0.000000000,-0.791140705,-0.010174692,0.000000000,1,0.013491162
7.484234,1788508000.719798326,car1,car2,0.800000000,0.000000000,0.000000000,0.775002629,-0.004862592,0.000000000,1,0.025465926
7.484234,1788508000.719798326,car1,car4,0.000000000,0.800000000,0.000000000,-0.004993469,0.793919638,0.000000000,1,0.007868007
7.484234,1788508000.719798326,car1,car5,0.800000000,0.800000000,0.000000000,0.786185056,0.799524739,0.000000000,1,0.013823117
7.484234,1788508000.719798326,car2,car1,-0.800000000,0.000000000,0.000000000,-0.775002629,0.004862592,0.000000000,1,0.025465926
7.484234,1788508000.719798326,car2,car4,-0.800000000,0.800000000,0.000000000,-0.779996097,0.798782229,0.000000000,1,0.020040936
7.484234,1788508000.719798326,car2,car5,0.000000000,0.800000000,0.000000000,0.011182427,0.804387331,0.000000000,1,0.012012300
7.484234,1788508000.719798326,car4,car1,0.000000000,-0.800000000,0.000000000,0.004993469,-0.793919638,0.000000000,1,0.007868007
7.484234,1788508000.719798326,car4,car2,0.800000000,-0.800000000,0.000000000,0.779996097,-0.798782229,0.000000000,1,0.020040936
7.484234,1788508000.719798326,car4,car5,0.800000000,0.000000000,0.000000000,0.791178524,0.005605102,0.000000000,1,0.010451583
7.484234,1788508000.719798326,car5,car1,-0.800000000,-0.800000000,0.000000000,-0.786185056,-0.799524739,0.000000000,1,0.013823117
7.484234,1788508000.719798326,car5,car2,0.000000000,-0.800000000,0.000000000,-0.011182427,-0.804387331,0.000000000,1,0.012012300
7.484234,1788508000.719798326,car5,car4,-0.800000000,0.000000000,0.000000000,-0.791178524,-0.005605102,0.000000000,1,0.010451583
7.686354,1788508000.909954309,car1,car2,0.800000000,0.000000000,0.000000000,0.811457485,-0.006919101,0.000000000,1,0.013384615
7.686354,1788508000.909954309,car1,car4,0.000000000,0.800000000,0.000000000,0.034625143,0.795580074,0.000000000,1,0.034906106
7.686354,1788508000.909954309,car1,car5,0.800000000,0.800000000,0.000000000,0.860659212,0.803263471,0.000000000,1,0.060746936
7.686354,1788508000.909954309,car2,car1,-0.800000000,0.000000000,0.000000000,-0.811457485,0.006919101,0.000000000,1,0.013384615
7.686354,1788508000.909954309,car2,car4,-0.800000000,0.800000000,0.000000000,-0.776832342,0.802499175,0.000000000,1,0.023302065
7.686354,1788508000.909954309,car2,car5,0.000000000,0.800000000,0.000000000,0.049201727,0.810182571,0.000000000,1,0.050244350
7.686354,1788508000.909954309,car4,car1,0.000000000,-0.800000000,0.000000000,-0.034625143,-0.795580074,0.000000000,1,0.034906106
7.686354,1788508000.909954309,car4,car2,0.800000000,-0.800000000,0.000000000,0.776832342,-0.802499175,0.000000000,1,0.023302065
7.686354,1788508000.909954309,car4,car5,0.800000000,0.000000000,0.000000000,0.826034069,0.007683396,0.000000000,1,0.027144195
7.686354,1788508000.909954309,car5,car1,-0.800000000,-0.800000000,0.000000000,-0.860659212,-0.803263471,0.000000000,1,0.060746936
7.686354,1788508000.909954309,car5,car2,0.000000000,-0.800000000,0.000000000,-0.049201727,-0.810182571,0.000000000,1,0.050244350
7.686354,1788508000.909954309,car5,car4,-0.800000000,0.000000000,0.000000000,-0.826034069,-0.007683396,0.000000000,1,0.027144195
7.889588,1788508001.129949570,car1,car2,0.800000000,0.000000000,0.000000000,0.819616497,-0.006396323,0.000000000,1,0.020632981
7.889588,1788508001.129949570,car1,car4,0.000000000,0.800000000,0.000000000,-0.029851645,0.796932995,0.000000000,1,0.030008786
7.889588,1788508001.129949570,car1,car5,0.800000000,0.800000000,0.000000000,0.784832299,0.803568304,0.000000000,1,0.015581783
7.889588,1788508001.129949570,car2,car1,-0.800000000,0.000000000,0.000000000,-0.819616497,0.006396323,0.000000000,1,0.020632981
7.889588,1788508001.129949570,car2,car4,-0.800000000,0.800000000,0.000000000,-0.849468142,0.803329319,0.000000000,1,0.049580051
7.889588,1788508001.129949570,car2,car5,0.000000000,0.800000000,0.000000000,-0.034784198,0.809964627,0.000000000,1,0.036183342
7.889588,1788508001.129949570,car4,car1,0.000000000,-0.800000000,0.000000000,0.029851645,-0.796932995,0.000000000,1,0.030008786
7.889588,1788508001.129949570,car4,car2,0.800000000,-0.800000000,0.000000000,0.849468142,-0.803329319,0.000000000,1,0.049580051
7.889588,1788508001.129949570,car4,car5,0.800000000,0.000000000,0.000000000,0.814683944,0.006635308,0.000000000,1,0.016113520
7.889588,1788508001.129949570,car5,car1,-0.800000000,-0.800000000,0.000000000,-0.784832299,-0.803568304,0.000000000,1,0.015581783
7.889588,1788508001.129949570,car5,car2,0.000000000,-0.800000000,0.000000000,0.034784198,-0.809964627,0.000000000,1,0.036183342
7.889588,1788508001.129949570,car5,car4,-0.800000000,0.000000000,0.000000000,-0.814683944,-0.006635308,0.000000000,1,0.016113520
8.091363,1788508001.326925039,car1,car2,0.800000000,0.000000000,0.000000000,0.791529119,-0.004158616,0.000000000,1,0.009436626
8.091363,1788508001.326925039,car1,car4,0.000000000,0.800000000,0.000000000,-0.018393546,0.801397979,0.000000000,1,0.018446596
8.091363,1788508001.326925039,car1,car5,0.800000000,0.800000000,0.000000000,0.758685768,0.804786146,0.000000000,1,0.041590540
8.091363,1788508001.326925039,car2,car1,-0.800000000,0.000000000,0.000000000,-0.791529119,0.004158616,0.000000000,1,0.009436626
8.091363,1788508001.326925039,car2,car4,-0.800000000,0.800000000,0.000000000,-0.809922665,0.805556595,0.000000000,1,0.011372556
8.091363,1788508001.326925039,car2,car5,0.000000000,0.800000000,0.000000000,-0.032843351,0.808944762,0.000000000,1,0.034039602
8.091363,1788508001.326925039,car4,car1,0.000000000,-0.800000000,0.000000000,0.018393546,-0.801397979,0.000000000,1,0.018446596
8.091363,1788508001.326925039,car4,car2,0.800000000,-0.800000000,0.000000000,0.809922665,-0.805556595,0.000000000,1,0.011372556
8.091363,1788508001.326925039,car4,car5,0.800000000,0.000000000,0.000000000,0.777079314,0.003388166,0.000000000,1,0.023169754
8.091363,1788508001.326925039,car5,car1,-0.800000000,-0.800000000,0.000000000,-0.758685768,-0.804786146,0.000000000,1,0.041590540
8.091363,1788508001.326925039,car5,car2,0.000000000,-0.800000000,0.000000000,0.032843351,-0.808944762,0.000000000,1,0.034039602
8.091363,1788508001.326925039,car5,car4,-0.800000000,0.000000000,0.000000000,-0.777079314,-0.003388166,0.000000000,1,0.023169754
8.293467,1788508001.530059814,car1,car2,0.800000000,0.000000000,0.000000000,0.803981602,-0.005353093,0.000000000,1,0.006671489
8.293467,1788508001.530059814,car1,car4,0.000000000,0.800000000,0.000000000,0.038993359,0.804136217,0.000000000,1,0.039212119
8.293467,1788508001.530059814,car1,car5,0.800000000,0.800000000,0.000000000,0.839865506,0.807297826,0.000000000,1,0.040527976
8.293467,1788508001.530059814,car2,car1,-0.800000000,0.000000000,0.000000000,-0.803981602,0.005353093,0.000000000,1,0.006671489
8.293467,1788508001.530059814,car2,car4,-0.800000000,0.800000000,0.000000000,-0.764988244,0.809489310,0.000000000,1,0.036274924
8.293467,1788508001.530059814,car2,car5,0.000000000,0.800000000,0.000000000,0.035883904,0.812650919,0.000000000,1,0.038048657
8.293467,1788508001.530059814,car4,car1,0.000000000,-0.800000000,0.000000000,-0.038993359,-0.804136217,0.000000000,1,0.039212119
8.293467,1788508001.530059814,car4,car2,0.800000000,-0.800000000,0.000000000,0.764988244,-0.809489310,0.000000000,1,0.036274924
8.293467,1788508001.530059814,car4,car5,0.800000000,0.000000000,0.000000000,0.800872147,0.003161609,0.000000000,1,0.003279697
8.293467,1788508001.530059814,car5,car1,-0.800000000,-0.800000000,0.000000000,-0.839865506,-0.807297826,0.000000000,1,0.040527976
8.293467,1788508001.530059814,car5,car2,0.000000000,-0.800000000,0.000000000,-0.035883904,-0.812650919,0.000000000,1,0.038048657
8.293467,1788508001.530059814,car5,car4,-0.800000000,0.000000000,0.000000000,-0.800872147,-0.003161609,0.000000000,1,0.003279697
8.495182,1788508001.729978800,car1,car2,0.800000000,0.000000000,0.000000000,0.803350538,-0.002057612,0.000000000,1,0.003931904
8.495182,1788508001.729978800,car1,car4,0.000000000,0.800000000,0.000000000,-0.023085266,0.804689646,0.000000000,1,0.023556789
8.495182,1788508001.729978800,car1,car5,0.800000000,0.800000000,0.000000000,0.804139227,0.805360258,0.000000000,1,0.006772412
8.495182,1788508001.729978800,car2,car1,-0.800000000,0.000000000,0.000000000,-0.803350538,0.002057612,0.000000000,1,0.003931904
8.495182,1788508001.729978800,car2,car4,-0.800000000,0.800000000,0.000000000,-0.826435804,0.806747258,0.000000000,1,0.027283278
8.495182,1788508001.729978800,car2,car5,0.000000000,0.800000000,0.000000000,0.000788689,0.807417870,0.000000000,1,0.007459680
8.495182,1788508001.729978800,car4,car1,0.000000000,-0.800000000,0.000000000,0.023085266,-0.804689646,0.000000000,1,0.023556789
8.495182,1788508001.729978800,car4,car2,0.800000000,-0.800000000,0.000000000,0.826435804,-0.806747258,0.000000000,1,0.027283278
8.495182,1788508001.729978800,car4,car5,0.800000000,0.000000000,0.000000000,0.827224493,0.000670612,0.000000000,1,0.027232751
8.495182,1788508001.729978800,car5,car1,-0.800000000,-0.800000000,0.000000000,-0.804139227,-0.805360258,0.000000000,1,0.006772412
8.495182,1788508001.729978800,car5,car2,0.000000000,-0.800000000,0.000000000,-0.000788689,-0.807417870,0.000000000,1,0.007459680
8.495182,1788508001.729978800,car5,car4,-0.800000000,0.000000000,0.000000000,-0.827224493,-0.000670612,0.000000000,1,0.027232751
8.697194,1788508001.929867268,car1,car2,0.800000000,0.000000000,0.000000000,0.788561106,-0.000042230,0.000000000,1,0.011438972
8.697194,1788508001.929867268,car1,car4,0.000000000,0.800000000,0.000000000,-0.031057984,0.806381971,0.000000000,1,0.031706906
8.697194,1788508001.929867268,car1,car5,0.800000000,0.800000000,0.000000000,0.754704475,0.805393189,0.000000000,1,0.045615469
8.697194,1788508001.929867268,car2,car1,-0.800000000,0.000000000,0.000000000,-0.788561106,0.000042230,0.000000000,1,0.011438972
8.697194,1788508001.929867268,car2,car4,-0.800000000,0.800000000,0.000000000,-0.819619089,0.806424201,0.000000000,1,0.020644104
8.697194,1788508001.929867268,car2,car5,0.000000000,0.800000000,0.000000000,-0.033856630,0.805435419,0.000000000,1,0.034290162
8.697194,1788508001.929867268,car4,car1,0.000000000,-0.800000000,0.000000000,0.031057984,-0.806381971,0.000000000,1,0.031706906
8.697194,1788508001.929867268,car4,car2,0.800000000,-0.800000000,0.000000000,0.819619089,-0.806424201,0.000000000,1,0.020644104
8.697194,1788508001.929867268,car4,car5,0.800000000,0.000000000,0.000000000,0.785762459,-0.000988781,0.000000000,1,0.014271835
8.697194,1788508001.929867268,car5,car1,-0.800000000,-0.800000000,0.000000000,-0.754704475,-0.805393189,0.000000000,1,0.045615469
8.697194,1788508001.929867268,car5,car2,0.000000000,-0.800000000,0.000000000,0.033856630,-0.805435419,0.000000000,1,0.034290162
8.697194,1788508001.929867268,car5,car4,-0.800000000,0.000000000,0.000000000,-0.785762459,0.000988781,0.000000000,1,0.014271835
8.900029,1788508002.139802217,car1,car2,0.800000000,0.000000000,0.000000000,0.809460193,-0.000392079,0.000000000,1,0.009468314
8.900029,1788508002.139802217,car1,car4,0.000000000,0.800000000,0.000000000,0.054296106,0.802281260,0.000000000,1,0.054344009
8.900029,1788508002.139802217,car1,car5,0.800000000,0.800000000,0.000000000,0.834913403,0.803535581,0.000000000,1,0.035091965
8.900029,1788508002.139802217,car2,car1,-0.800000000,0.000000000,0.000000000,-0.809460193,0.000392079,0.000000000,1,0.009468314
8.900029,1788508002.139802217,car2,car4,-0.800000000,0.800000000,0.000000000,-0.755164087,0.802673340,0.000000000,1,0.044915541
8.900029,1788508002.139802217,car2,car5,0.000000000,0.800000000,0.000000000,0.025453210,0.803927660,0.000000000,1,0.025754464
8.900029,1788508002.139802217,car4,car1,0.000000000,-0.800000000,0.000000000,-0.054296106,-0.802281260,0.000000000,1,0.054344009
8.900029,1788508002.139802217,car4,car2,0.800000000,-0.800000000,0.000000000,0.755164087,-0.802673340,0.000000000,1,0.044915541
8.900029,1788508002.139802217,car4,car5,0.800000000,0.000000000,0.000000000,0.780617297,0.001254320,0.000000000,1,0.019423247
8.900029,1788508002.139802217,car5,car1,-0.800000000,-0.800000000,0.000000000,-0.834913403,-0.803535581,0.000000000,1,0.035091965
8.900029,1788508002.139802217,car5,car2,0.000000000,-0.800000000,0.000000000,-0.025453210,-0.803927660,0.000000000,1,0.025754464
8.900029,1788508002.139802217,car5,car4,-0.800000000,0.000000000,0.000000000,-0.780617297,-0.001254320,0.000000000,1,0.019423247
9.101961,1788508002.339855909,car1,car2,0.800000000,0.000000000,0.000000000,0.802144587,-0.000013143,0.000000000,1,0.002144627
9.101961,1788508002.339855909,car1,car4,0.000000000,0.800000000,0.000000000,-0.007694542,0.802585691,0.000000000,1,0.008117375
9.101961,1788508002.339855909,car1,car5,0.800000000,0.800000000,0.000000000,0.820906103,0.801689953,0.000000000,1,0.020974295
9.101961,1788508002.339855909,car2,car1,-0.800000000,0.000000000,0.000000000,-0.802144587,0.000013143,0.000000000,1,0.002144627
9.101961,1788508002.339855909,car2,car4,-0.800000000,0.800000000,0.000000000,-0.809839129,0.802598834,0.000000000,1,0.010176562
9.101961,1788508002.339855909,car2,car5,0.000000000,0.800000000,0.000000000,0.018761516,0.801703095,0.000000000,1,0.018838657
9.101961,1788508002.339855909,car4,car1,0.000000000,-0.800000000,0.000000000,0.007694542,-0.802585691,0.000000000,1,0.008117375
9.101961,1788508002.339855909,car4,car2,0.800000000,-0.800000000,0.000000000,0.809839129,-0.802598834,0.000000000,1,0.010176562
9.101961,1788508002.339855909,car4,car5,0.800000000,0.000000000,0.000000000,0.828600645,-0.000895739,0.000000000,1,0.028614668
9.101961,1788508002.339855909,car5,car1,-0.800000000,-0.800000000,0.000000000,-0.820906103,-0.801689953,0.000000000,1,0.020974295
9.101961,1788508002.339855909,car5,car2,0.000000000,-0.800000000,0.000000000,-0.018761516,-0.801703095,0.000000000,1,0.018838657
9.101961,1788508002.339855909,car5,car4,-0.800000000,0.000000000,0.000000000,-0.828600645,0.000895739,0.000000000,1,0.028614668
9.303548,1788508002.539830923,car1,car2,0.800000000,0.000000000,0.000000000,0.791922092,0.001888275,0.000000000,1,0.008295672
9.303548,1788508002.539830923,car1,car4,0.000000000,0.800000000,0.000000000,-0.043425679,0.800873041,0.000000000,1,0.043434454
9.303548,1788508002.539830923,car1,car5,0.800000000,0.800000000,0.000000000,0.741434097,0.799238682,0.000000000,1,0.058570851
9.303548,1788508002.539830923,car2,car1,-0.800000000,0.000000000,0.000000000,-0.791922092,-0.001888275,0.000000000,1,0.008295672
9.303548,1788508002.539830923,car2,car4,-0.800000000,0.800000000,0.000000000,-0.835347772,0.798984766,0.000000000,1,0.035362348
9.303548,1788508002.539830923,car2,car5,0.000000000,0.800000000,0.000000000,-0.050487995,0.797350407,0.000000000,1,0.050557472
9.303548,1788508002.539830923,car4,car1,0.000000000,-0.800000000,0.000000000,0.043425679,-0.800873041,0.000000000,1,0.043434454
9.303548,1788508002.539830923,car4,car2,0.800000000,-0.800000000,0.000000000,0.835347772,-0.798984766,0.000000000,1,0.035362348
9.303548,1788508002.539830923,car4,car5,0.800000000,0.000000000,0.000000000,0.784859776,-0.001634359,0.000000000,1,0.015228181
9.303548,1788508002.539830923,car5,car1,-0.800000000,-0.800000000,0.000000000,-0.741434097,-0.799238682,0.000000000,1,0.058570851
9.303548,1788508002.539830923,car5,car2,0.000000000,-0.800000000,0.000000000,0.050487995,-0.797350407,0.000000000,1,0.050557472
9.303548,1788508002.539830923,car5,car4,-0.800000000,0.000000000,0.000000000,-0.784859776,0.001634359,0.000000000,1,0.015228181
9.505295,1788508002.739845991,car1,car2,0.800000000,0.000000000,0.000000000,0.798643768,0.000993520,0.000000000,1,0.001681204
9.505295,1788508002.739845991,car1,car4,0.000000000,0.800000000,0.000000000,0.030941606,0.803163737,0.000000000,1,0.031102929
9.505295,1788508002.739845991,car1,car5,0.800000000,0.800000000,0.000000000,0.800840318,0.802823156,0.000000000,1,0.002945564
9.505295,1788508002.739845991,car2,car1,-0.800000000,0.000000000,0.000000000,-0.798643768,-0.000993520,0.000000000,1,0.001681204
9.505295,1788508002.739845991,car2,car4,-0.800000000,0.800000000,0.000000000,-0.767702162,0.802170217,0.000000000,1,0.032370668
9.505295,1788508002.739845991,car2,car5,0.000000000,0.800000000,0.000000000,0.002196550,0.801829636,0.000000000,1,0.002858741
9.505295,1788508002.739845991,car4,car1,0.000000000,-0.800000000,0.000000000,-0.030941606,-0.803163737,0.000000000,1,0.031102929
9.505295,1788508002.739845991,car4,car2,0.800000000,-0.800000000,0.000000000,0.767702162,-0.802170217,0.000000000,1,0.032370668
9.505295,1788508002.739845991,car4,car5,0.800000000,0.000000000,0.000000000,0.769898713,-0.000340581,0.000000000,1,0.030103214
9.505295,1788508002.739845991,car5,car1,-0.800000000,-0.800000000,0.000000000,-0.800840318,-0.802823156,0.000000000,1,0.002945564
9.505295,1788508002.739845991,car5,car2,0.000000000,-0.800000000,0.000000000,-0.002196550,-0.801829636,0.000000000,1,0.002858741
9.505295,1788508002.739845991,car5,car4,-0.800000000,0.000000000,0.000000000,-0.769898713,0.000340581,0.000000000,1,0.030103214
9.709165,1788508002.949823380,car1,car2,0.800000000,0.000000000,0.000000000,0.807625592,-0.002120391,0.000000000,1,0.007914904
9.709165,1788508002.949823380,car1,car4,0.000000000,0.800000000,0.000000000,0.014554322,0.801528201,0.000000000,1,0.014634332
9.709165,1788508002.949823380,car1,car5,0.800000000,0.800000000,0.000000000,0.844111145,0.799157426,0.000000000,1,0.044119191
9.709165,1788508002.949823380,car2,car1,-0.800000000,0.000000000,0.000000000,-0.807625592,0.002120391,0.000000000,1,0.007914904
9.709165,1788508002.949823380,car2,car4,-0.800000000,0.800000000,0.000000000,-0.793071270,0.803648591,0.000000000,1,0.007830678
9.709165,1788508002.949823380,car2,car5,0.000000000,0.800000000,0.000000000,0.036485553,0.801277816,0.000000000,1,0.036507922
9.709165,1788508002.949823380,car4,car1,0.000000000,-0.800000000,0.000000000,-0.014554322,-0.801528201,0.000000000,1,0.014634332
9.709165,1788508002.949823380,car4,car2,0.800000000,-0.800000000,0.000000000,0.793071270,-0.803648591,0.000000000,1,0.007830678
9.709165,1788508002.949823380,car4,car5,0.800000000,0.000000000,0.000000000,0.829556823,-0.002370775,0.000000000,1,0.029651751
9.709165,1788508002.949823380,car5,car1,-0.800000000,-0.800000000,0.000000000,-0.844111145,-0.799157426,0.000000000,1,0.044119191
9.709165,1788508002.949823380,car5,car2,0.000000000,-0.800000000,0.000000000,-0.036485553,-0.801277816,0.000000000,1,0.036507922
9.709165,1788508002.949823380,car5,car4,-0.800000000,0.000000000,0.000000000,-0.829556823,0.002370775,0.000000000,1,0.029651751
9.911347,1788508003.150188923,car1,car2,0.800000000,0.000000000,0.000000000,0.797824144,-0.002162471,0.000000000,1,0.003067675
9.911347,1788508003.150188923,car1,car4,0.000000000,0.800000000,0.000000000,-0.040128171,0.800217927,0.000000000,1,0.040128763
9.911347,1788508003.150188923,car1,car5,0.800000000,0.800000000,0.000000000,0.774986267,0.796222866,0.000000000,1,0.025297304
9.911347,1788508003.150188923,car2,car1,-0.800000000,0.000000000,0.000000000,-0.797824144,0.002162471,0.000000000,1,0.003067675
9.911347,1788508003.150188923,car2,car4,-0.800000000,0.800000000,0.000000000,-0.837952316,0.802380398,0.000000000,1,0.038026893
9.911347,1788508003.150188923,car2,car5,0.000000000,0.800000000,0.000000000,-0.022837877,0.798385337,0.000000000,1,0.022894885
9.911347,1788508003.150188923,car4,car1,0.000000000,-0.800000000,0.000000000,0.040128171,-0.800217927,0.000000000,1,0.040128763
9.911347,1788508003.150188923,car4,car2,0.800000000,-0.800000000,0.000000000,0.837952316,-0.802380398,0.000000000,1,0.038026893
9.911347,1788508003.150188923,car4,car5,0.800000000,0.000000000,0.000000000,0.815114439,-0.003995061,0.000000000,1,0.015633514
9.911347,1788508003.150188923,car5,car1,-0.800000000,-0.800000000,0.000000000,-0.774986267,-0.796222866,0.000000000,1,0.025297304
9.911347,1788508003.150188923,car5,car2,0.000000000,-0.800000000,0.000000000,0.022837877,-0.798385337,0.000000000,1,0.022894885
9.911347,1788508003.150188923,car5,car4,-0.800000000,0.000000000,0.000000000,-0.815114439,0.003995061,0.000000000,1,0.015633514
10.113189,1788508003.349913836,car1,car2,0.800000000,0.000000000,0.000000000,0.793578565,-0.002958268,0.000000000,1,0.007070090
10.113189,1788508003.349913836,car1,car4,0.000000000,0.800000000,0.000000000,0.010094821,0.797172561,0.000000000,1,0.010483312
10.113189,1788508003.349913836,car1,car5,0.800000000,0.800000000,0.000000000,0.783635676,0.795096532,0.000000000,1,0.017083182
10.113189,1788508003.349913836,car2,car1,-0.800000000,0.000000000,0.000000000,-0.793578565,0.002958268,0.000000000,1,0.007070090
10.113189,1788508003.349913836,car2,car4,-0.800000000,0.800000000,0.000000000,-0.783483744,0.800130829,0.000000000,1,0.016516774
10.113189,1788508003.349913836,car2,car5,0.000000000,0.800000000,0.000000000,-0.009942889,0.798054799,0.000000000,1,0.010131380
10.113189,1788508003.349913836,car4,car1,0.000000000,-0.800000000,0.000000000,-0.010094821,-0.797172561,0.000000000,1,0.010483312
10.113189,1788508003.349913836,car4,car2,0.800000000,-0.800000000,0.000000000,0.783483744,-0.800130829,0.000000000,1,0.016516774
10.113189,1788508003.349913836,car4,car5,0.800000000,0.000000000,0.000000000,0.773540854,-0.002076030,0.000000000,1,0.026540465
10.113189,1788508003.349913836,car5,car1,-0.800000000,-0.800000000,0.000000000,-0.783635676,-0.795096532,0.000000000,1,0.017083182
10.113189,1788508003.349913836,car5,car2,0.000000000,-0.800000000,0.000000000,0.009942889,-0.798054799,0.000000000,1,0.010131380
10.113189,1788508003.349913836,car5,car4,-0.800000000,0.000000000,0.000000000,-0.773540854,0.002076030,0.000000000,1,0.026540465
10.315072,1788508003.549885273,car1,car2,0.800000000,0.000000000,0.000000000,0.808484316,-0.002686158,0.000000000,1,0.008899385
10.315072,1788508003.549885273,car1,car4,0.000000000,0.800000000,0.000000000,0.024508297,0.796586424,0.000000000,1,0.024744881
10.315072,1788508003.549885273,car1,car5,0.800000000,0.800000000,0.000000000,0.842360735,0.792633802,0.000000000,1,0.042996427
10.315072,1788508003.549885273,car2,car1,-0.800000000,0.000000000,0.000000000,-0.808484316,0.002686158,0.000000000,1,0.008899385
10.315072,1788508003.549885273,car2,car4,-0.800000000,0.800000000,0.000000000,-0.783976018,0.799272582,0.000000000,1,0.016040484
10.315072,1788508003.549885273,car2,car5,0.000000000,0.800000000,0.000000000,0.033876419,0.795319960,0.000000000,1,0.034198166
10.315072,1788508003.549885273,car4,car1,0.000000000,-0.800000000,0.000000000,-0.024508297,-0.796586424,0.000000000,1,0.024744881
10.315072,1788508003.549885273,car4,car2,0.800000000,-0.800000000,0.000000000,0.783976018,-0.799272582,0.000000000,1,0.016040484
10.315072,1788508003.549885273,car4,car5,0.800000000,0.000000000,0.000000000,0.817852437,-0.003952622,0.000000000,1,0.018284768
10.315072,1788508003.549885273,car5,car1,-0.800000000,-0.800000000,0.000000000,-0.842360735,-0.792633802,0.000000000,1,0.042996427
10.315072,1788508003.549885273,car5,car2,0.000000000,-0.800000000,0.000000000,-0.033876419,-0.795319960,0.000000000,1,0.034198166
10.315072,1788508003.549885273,car5,car4,-0.800000000,0.000000000,0.000000000,-0.817852437,0.003952622,0.000000000,1,0.018284768
10.517834,1788508003.749848127,car1,car2,0.800000000,0.000000000,0.000000000,0.804949403,0.001948640,0.000000000,1,0.005319190
10.517834,1788508003.749848127,car1,car4,0.000000000,0.800000000,0.000000000,-0.026791751,0.799816772,0.000000000,1,0.026792378
10.517834,1788508003.749848127,car1,car5,0.800000000,0.800000000,0.000000000,0.781718969,0.791939303,0.000000000,1,0.019979262
10.517834,1788508003.749848127,car2,car1,-0.800000000,0.000000000,0.000000000,-0.804949403,-0.001948640,0.000000000,1,0.005319190
10.517834,1788508003.749848127,car2,car4,-0.800000000,0.800000000,0.000000000,-0.831741154,0.797868133,0.000000000,1,0.031812666
10.517834,1788508003.749848127,car2,car5,0.000000000,0.800000000,0.000000000,-0.023230433,0.789990664,0.000000000,1,0.025295056
10.517834,1788508003.749848127,car4,car1,0.000000000,-0.800000000,0.000000000,0.026791751,-0.799816772,0.000000000,1,0.026792378
10.517834,1788508003.749848127,car4,car2,0.800000000,-0.800000000,0.000000000,0.831741154,-0.797868133,0.000000000,1,0.031812666
10.517834,1788508003.749848127,car4,car5,0.800000000,0.000000000,0.000000000,0.808510721,-0.007877469,0.000000000,1,0.011596848
10.517834,1788508003.749848127,car5,car1,-0.800000000,-0.800000000,0.000000000,-0.781718969,-0.791939303,0.000000000,1,0.019979262
10.517834,1788508003.749848127,car5,car2,0.000000000,-0.800000000,0.000000000,0.023230433,-0.789990664,0.000000000,1,0.025295056
10.517834,1788508003.749848127,car5,car4,-0.800000000,0.000000000,0.000000000,-0.808510721,0.007877469,0.000000000,1,0.011596848
10.719961,1788508003.949849606,car1,car2,0.800000000,0.000000000,0.000000000,0.775189221,0.000199690,0.000000000,1,0.024811583
10.719961,1788508003.949849606,car1,car4,0.000000000,0.800000000,0.000000000,-0.017490625,0.799541816,0.000000000,1,0.017496626
10.719961,1788508003.949849606,car1,car5,0.800000000,0.800000000,0.000000000,0.756539047,0.792398736,0.000000000,1,0.044120672
10.719961,1788508003.949849606,car2,car1,-0.800000000,0.000000000,0.000000000,-0.775189221,-0.000199690,0.000000000,1,0.024811583
10.719961,1788508003.949849606,car2,car4,-0.800000000,0.800000000,0.000000000,-0.792679846,0.799342126,0.000000000,1,0.007349656
10.719961,1788508003.949849606,car2,car5,0.000000000,0.800000000,0.000000000,-0.018650174,0.792199045,0.000000000,1,0.020215932
10.719961,1788508003.949849606,car4,car1,0.000000000,-0.800000000,0.000000000,0.017490625,-0.799541816,0.000000000,1,0.017496626
10.719961,1788508003.949849606,car4,car2,0.800000000,-0.800000000,0.000000000,0.792679846,-0.799342126,0.000000000,1,0.007349656
10.719961,1788508003.949849606,car4,car5,0.800000000,0.000000000,0.000000000,0.774029672,-0.007143080,0.000000000,1,0.026934764
10.719961,1788508003.949849606,car5,car1,-0.800000000,-0.800000000,0.000000000,-0.756539047,-0.792398736,0.000000000,1,0.044120672
10.719961,1788508003.949849606,car5,car2,0.000000000,-0.800000000,0.000000000,0.018650174,-0.792199045,0.000000000,1,0.020215932
10.719961,1788508003.949849606,car5,car4,-0.800000000,0.000000000,0.000000000,-0.774029672,0.007143080,0.000000000,1,0.026934764
10.922036,1788508004.150139570,car1,car2,0.800000000,0.000000000,0.000000000,0.806344032,-0.002510339,0.000000000,1,0.006822650
10.922036,1788508004.150139570,car1,car4,0.000000000,0.800000000,0.000000000,0.050564945,0.794216856,0.000000000,1,0.050894581
10.922036,1788508004.150139570,car1,car5,0.800000000,0.800000000,0.000000000,0.841338515,0.794407293,0.000000000,1,0.041715120
10.922036,1788508004.150139570,car2,car1,-0.800000000,0.000000000,0.000000000,-0.806344032,0.002510339,0.000000000,1,0.006822650
10.922036,1788508004.150139570,car2,car4,-0.800000000,0.800000000,0.000000000,-0.755779088,0.796727195,0.000000000,1,0.044341858
10.922036,1788508004.150139570,car2,car5,0.000000000,0.800000000,0.000000000,0.034994483,0.796917632,0.000000000,1,0.035129971
10.922036,1788508004.150139570,car4,car1,0.000000000,-0.800000000,0.000000000,-0.050564945,-0.794216856,0.000000000,1,0.050894581
10.922036,1788508004.150139570,car4,car2,0.800000000,-0.800000000,0.000000000,0.755779088,-0.796727195,0.000000000,1,0.044341858
10.922036,1788508004.150139570,car4,car5,0.800000000,0.000000000,0.000000000,0.790773571,0.000190437,0.000000000,1,0.009228395
10.922036,1788508004.150139570,car5,car1,-0.800000000,-0.800000000,0.000000000,-0.841338515,-0.794407293,0.000000000,1,0.041715120
10.922036,1788508004.150139570,car5,car2,0.000000000,-0.800000000,0.000000000,-0.034994483,-0.796917632,0.000000000,1,0.035129971
10.922036,1788508004.150139570,car5,car4,-0.800000000,0.000000000,0.000000000,-0.790773571,-0.000190437,0.000000000,1,0.009228395
11.124053,1788508004.359924793,car1,car2,0.800000000,0.000000000,0.000000000,0.816142917,-0.001029134,0.000000000,1,0.016175688
11.124053,1788508004.359924793,car1,car4,0.000000000,0.800000000,0.000000000,-0.014262855,0.796368048,0.000000000,1,0.014718020
11.124053,1788508004.359924793,car1,car5,0.800000000,0.800000000,0.000000000,0.807019234,0.798669204,0.000000000,1,0.007144275
11.124053,1788508004.359924793,car2,car1,-0.800000000,0.000000000,0.000000000,-0.816142917,0.001029134,0.000000000,1,0.016175688
11.124053,1788508004.359924793,car2,car4,-0.800000000,0.800000000,0.000000000,-0.830405772,0.797397181,0.000000000,1,0.030516973
11.124053,1788508004.359924793,car2,car5,0.000000000,0.800000000,0.000000000,-0.009123683,0.799698338,0.000000000,1,0.009128669
11.124053,1788508004.359924793,car4,car1,0.000000000,-0.800000000,0.000000000,0.014262855,-0.796368048,0.000000000,1,0.014718020
11.124053,1788508004.359924793,car4,car2,0.800000000,-0.800000000,0.000000000,0.830405772,-0.797397181,0.000000000,1,0.030516973
11.124053,1788508004.359924793,car4,car5,0.800000000,0.000000000,0.000000000,0.821282089,0.002301157,0.000000000,1,0.021406135
11.124053,1788508004.359924793,car5,car1,-0.800000000,-0.800000000,0.000000000,-0.807019234,-0.798669204,0.000000000,1,0.007144275
11.124053,1788508004.359924793,car5,car2,0.000000000,-0.800000000,0.000000000,0.009123683,-0.799698338,0.000000000,1,0.009128669
11.124053,1788508004.359924793,car5,car4,-0.800000000,0.000000000,0.000000000,-0.821282089,-0.002301157,0.000000000,1,0.021406135
11.325970,1788508004.559861660,car1,car2,0.800000000,0.000000000,0.000000000,0.785057724,0.001798540,0.000000000,1,0.015050129
11.325970,1788508004.559861660,car1,car4,0.000000000,0.800000000,0.000000000,-0.039570510,0.799640313,0.000000000,1,0.039572145
11.325970,1788508004.559861660,car1,car5,0.800000000,0.800000000,0.000000000,0.745080650,0.799380258,0.000000000,1,0.054922847
11.325970,1788508004.559861660,car2,car1,-0.800000000,0.000000000,0.000000000,-0.785057724,-0.001798540,0.000000000,1,0.015050129
11.325970,1788508004.559861660,car2,car4,-0.800000000,0.800000000,0.000000000,-0.824628234,0.797841772,0.000000000,1,0.024722618
11.325970,1788508004.559861660,car2,car5,0.000000000,0.800000000,0.000000000,-0.039977074,0.797581717,0.000000000,1,0.040050150
11.325970,1788508004.559861660,car4,car1,0.000000000,-0.800000000,0.000000000,0.039570510,-0.799640313,0.000000000,1,0.039572145
11.325970,1788508004.559861660,car4,car2,0.800000000,-0.800000000,0.000000000,0.824628234,-0.797841772,0.000000000,1,0.024722618
11.325970,1788508004.559861660,car4,car5,0.800000000,0.000000000,0.000000000,0.784651160,-0.000260055,0.000000000,1,0.015351043
11.325970,1788508004.559861660,car5,car1,-0.800000000,-0.800000000,0.000000000,-0.745080650,-0.799380258,0.000000000,1,0.054922847
11.325970,1788508004.559861660,car5,car2,0.000000000,-0.800000000,0.000000000,0.039977074,-0.797581717,0.000000000,1,0.040050150
11.325970,1788508004.559861660,car5,car4,-0.800000000,0.000000000,0.000000000,-0.784651160,0.000260055,0.000000000,1,0.015351043
11.529261,1788508004.770066500,car1,car2,0.800000000,0.000000000,0.000000000,0.785548568,-0.000537753,0.000000000,1,0.014461434
11.529261,1788508004.770066500,car1,car4,0.000000000,0.800000000,0.000000000,0.032541573,0.799064606,0.000000000,1,0.032555014
11.529261,1788508004.770066500,car1,car5,0.800000000,0.800000000,0.000000000,0.812401891,0.795612961,0.000000000,1,0.013154961
11.529261,1788508004.770066500,car2,car1,-0.800000000,0.000000000,0.000000000,-0.785548568,0.000537753,0.000000000,1,0.014461434
11.529261,1788508004.770066500,car2,car4,-0.800000000,0.800000000,0.000000000,-0.753006995,0.799602360,0.000000000,1,0.046994688
11.529261,1788508004.770066500,car2,car5,0.000000000,0.800000000,0.000000000,0.026853323,0.796150714,0.000000000,1,0.027127808
11.529261,1788508004.770066500,car4,car1,0.000000000,-0.800000000,0.000000000,-0.032541573,-0.799064606,0.000000000,1,0.032555014
11.529261,1788508004.770066500,car4,car2,0.800000000,-0.800000000,0.000000000,0.753006995,-0.799602360,0.000000000,1,0.046994688
11.529261,1788508004.770066500,car4,car5,0.800000000,0.000000000,0.000000000,0.779860318,-0.003451645,0.000000000,1,0.020433322
11.529261,1788508004.770066500,car5,car1,-0.800000000,-0.800000000,0.000000000,-0.812401891,-0.795612961,0.000000000,1,0.013154961
11.529261,1788508004.770066500,car5,car2,0.000000000,-0.800000000,0.000000000,-0.026853323,-0.796150714,0.000000000,1,0.027127808
11.529261,1788508004.770066500,car5,car4,-0.800000000,0.000000000,0.000000000,-0.779860318,0.003451645,0.000000000,1,0.020433322
11.731693,1788508004.969899654,car1,car2,0.800000000,0.000000000,0.000000000,0.821700573,0.001694381,0.000000000,1,0.021766621
11.731693,1788508004.969899654,car1,car4,0.000000000,0.800000000,0.000000000,0.014527380,0.801333472,0.000000000,1,0.014588452
11.731693,1788508004.969899654,car1,car5,0.800000000,0.800000000,0.000000000,0.837930202,0.792964265,0.000000000,1,0.038577219
11.731693,1788508004.969899654,car2,car1,-0.800000000,0.000000000,0.000000000,-0.821700573,-0.001694381,0.000000000,1,0.021766621
11.731693,1788508004.969899654,car2,car4,-0.800000000,0.800000000,0.000000000,-0.807173193,0.799639091,0.000000000,1,0.007182266
11.731693,1788508004.969899654,car2,car5,0.000000000,0.800000000,0.000000000,0.016229630,0.791269884,0.000000000,1,0.018428668
11.731693,1788508004.969899654,car4,car1,0.000000000,-0.800000000,0.000000000,-0.014527380,-0.801333472,0.000000000,1,0.014588452
11.731693,1788508004.969899654,car4,car2,0.800000000,-0.800000000,0.000000000,0.807173193,-0.799639091,0.000000000,1,0.007182266
11.731693,1788508004.969899654,car4,car5,0.800000000,0.000000000,0.000000000,0.823402822,-0.008369207,0.000000000,1,0.024854290
11.731693,1788508004.969899654,car5,car1,-0.800000000,-0.800000000,0.000000000,-0.837930202,-0.792964265,0.000000000,1,0.038577219
11.731693,1788508004.969899654,car5,car2,0.000000000,-0.800000000,0.000000000,-0.016229630,-0.791269884,0.000000000,1,0.018428668
11.731693,1788508004.969899654,car5,car4,-0.800000000,0.000000000,0.000000000,-0.823402822,0.008369207,0.000000000,1,0.024854290
11.933234,1788508005.170060873,car1,car2,0.800000000,0.000000000,0.000000000,0.805392325,0.006694794,0.000000000,1,0.008596361
11.933234,1788508005.170060873,car1,car4,0.000000000,0.800000000,0.000000000,-0.030851305,0.802806586,0.000000000,1,0.030978701
11.933234,1788508005.170060873,car1,car5,0.800000000,0.800000000,0.000000000,0.754990399,0.799397081,0.000000000,1,0.045013639
11.933234,1788508005.170060873,car2,car1,-0.800000000,0.000000000,0.000000000,-0.805392325,-0.006694794,0.000000000,1,0.008596361
11.933234,1788508005.170060873,car2,car4,-0.800000000,0.800000000,0.000000000,-0.836243629,0.796111792,0.000000000,1,0.036451596
11.933234,1788508005.170060873,car2,car5,0.000000000,0.800000000,0.000000000,-0.050401926,0.792702287,0.000000000,1,0.050927505
11.933234,1788508005.170060873,car4,car1,0.000000000,-0.800000000,0.000000000,0.030851305,-0.802806586,0.000000000,1,0.030978701
11.933234,1788508005.170060873,car4,car2,0.800000000,-0.800000000,0.000000000,0.836243629,-0.796111792,0.000000000,1,0.036451596
11.933234,1788508005.170060873,car4,car5,0.800000000,0.000000000,0.000000000,0.785841703,-0.003409505,0.000000000,1,0.014563038
11.933234,1788508005.170060873,car5,car1,-0.800000000,-0.800000000,0.000000000,-0.754990399,-0.799397081,0.000000000,1,0.045013639
11.933234,1788508005.170060873,car5,car2,0.000000000,-0.800000000,0.000000000,0.050401926,-0.792702287,0.000000000,1,0.050927505
11.933234,1788508005.170060873,car5,car4,-0.800000000,0.000000000,0.000000000,-0.785841703,0.003409505,0.000000000,1,0.014563038
12.135293,1788508005.369875908,car1,car2,0.800000000,0.000000000,0.000000000,0.776177764,0.002610669,0.000000000,1,0.023964860
12.135293,1788508005.369875908,car1,car4,0.000000000,0.800000000,0.000000000,0.005856872,0.802187741,0.000000000,1,0.006252132
12.135293,1788508005.369875908,car1,car5,0.800000000,0.800000000,0.000000000,0.782123089,0.794665813,0.000000000,1,0.018655763
12.135293,1788508005.369875908,car2,car1,-0.800000000,0.000000000,0.000000000,-0.776177764,-0.002610669,0.000000000,1,0.023964860
12.135293,1788508005.369875908,car2,car4,-0.800000000,0.800000000,0.000000000,-0.770320892,0.799577072,0.000000000,1,0.029682121
12.135293,1788508005.369875908,car2,car5,0.000000000,0.800000000,0.000000000,0.005945325,0.792055145,0.000000000,1,0.009923085
12.135293,1788508005.369875908,car4,car1,0.000000000,-0.800000000,0.000000000,-0.005856872,-0.802187741,0.000000000,1,0.006252132
12.135293,1788508005.369875908,car4,car2,0.800000000,-0.800000000,0.000000000,0.770320892,-0.799577072,0.000000000,1,0.029682121
12.135293,1788508005.369875908,car4,car5,0.800000000,0.000000000,0.000000000,0.776266217,-0.007521927,0.000000000,1,0.024897225
12.135293,1788508005.369875908,car5,car1,-0.800000000,-0.800000000,0.000000000,-0.782123089,-0.794665813,0.000000000,1,0.018655763
12.135293,1788508005.369875908,car5,car2,0.000000000,-0.800000000,0.000000000,-0.005945325,-0.792055145,0.000000000,1,0.009923085
12.135293,1788508005.369875908,car5,car4,-0.800000000,0.000000000,0.000000000,-0.776266217,0.007521927,0.000000000,1,0.024897225
12.337209,1788508005.569850445,car1,car2,0.800000000,0.000000000,0.000000000,0.814138412,0.000756845,0.000000000,1,0.014158655
12.337209,1788508005.569850445,car1,car4,0.000000000,0.800000000,0.000000000,0.021418571,0.802002266,0.000000000,1,0.021511957
12.337209,1788508005.569850445,car1,car5,0.800000000,0.800000000,0.000000000,0.847568512,0.793372288,0.000000000,1,0.048028012
12.337209,1788508005.569850445,car2,car1,-0.800000000,0.000000000,0.000000000,-0.814138412,-0.000756845,0.000000000,1,0.014158655
12.337209,1788508005.569850445,car2,car4,-0.800000000,0.800000000,0.000000000,-0.792719841,0.801245421,0.000000000,1,0.007385918
12.337209,1788508005.569850445,car2,car5,0.000000000,0.800000000,0.000000000,0.033430099,0.792615443,0.000000000,1,0.034235993
12.337209,1788508005.569850445,car4,car1,0.000000000,-0.800000000,0.000000000,-0.021418571,-0.802002266,0.000000000,1,0.021511957
12.337209,1788508005.569850445,car4,car2,0.800000000,-0.800000000,0.000000000,0.792719841,-0.801245421,0.000000000,1,0.007385918
12.337209,1788508005.569850445,car4,car5,0.800000000,0.000000000,0.000000000,0.826149940,-0.008629978,0.000000000,1,0.027537173
12.337209,1788508005.569850445,car5,car1,-0.800000000,-0.800000000,0.000000000,-0.847568512,-0.793372288,0.000000000,1,0.048028012
12.337209,1788508005.569850445,car5,car2,0.000000000,-0.800000000,0.000000000,-0.033430099,-0.792615443,0.000000000,1,0.034235993
12.337209,1788508005.569850445,car5,car4,-0.800000000,0.000000000,0.000000000,-0.826149940,0.008629978,0.000000000,1,0.027537173
12.540551,1788508005.779995680,car1,car2,0.800000000,0.000000000,0.000000000,0.816699862,0.002473831,0.000000000,1,0.016882098
12.540551,1788508005.779995680,car1,car4,0.000000000,0.800000000,0.000000000,-0.025351107,0.801866993,0.000000000,1,0.025419762
12.540551,1788508005.779995680,car1,car5,0.800000000,0.800000000,0.000000000,0.784704208,0.796172664,0.000000000,1,0.015767363
12.540551,1788508005.779995680,car2,car1,-0.800000000,0.000000000,0.000000000,-0.816699862,-0.002473831,0.000000000,1,0.016882098
12.540551,1788508005.779995680,car2,car4,-0.800000000,0.800000000,0.000000000,-0.842050970,0.799393162,0.000000000,1,0.042055348
12.540551,1788508005.779995680,car2,car5,0.000000000,0.800000000,0.000000000,-0.031995654,0.793698832,0.000000000,1,0.032610222
12.540551,1788508005.779995680,car4,car1,0.000000000,-0.800000000,0.000000000,0.025351107,-0.801866993,0.000000000,1,0.025419762
12.540551,1788508005.779995680,car4,car2,0.800000000,-0.800000000,0.000000000,0.842050970,-0.799393162,0.000000000,1,0.042055348
12.540551,1788508005.779995680,car4,car5,0.800000000,0.000000000,0.000000000,0.810055315,-0.005694330,0.000000000,1,0.011555724
12.540551,1788508005.779995680,car5,car1,-0.800000000,-0.800000000,0.000000000,-0.784704208,-0.796172664,0.000000000,1,0.015767363
12.540551,1788508005.779995680,car5,car2,0.000000000,-0.800000000,0.000000000,0.031995654,-0.793698832,0.000000000,1,0.032610222
12.540551,1788508005.779995680,car5,car4,-0.800000000,0.000000000,0.000000000,-0.810055315,0.005694330,0.000000000,1,0.011555724
12.742581,1788508005.980373859,car1,car2,0.800000000,0.000000000,0.000000000,0.770501912,0.008129880,0.000000000,1,0.030597911
12.742581,1788508005.980373859,car1,car4,0.000000000,0.800000000,0.000000000,-0.005048513,0.806055278,0.000000000,1,0.007883773
12.742581,1788508005.980373859,car1,car5,0.800000000,0.800000000,0.000000000,0.762482822,0.802280158,0.000000000,1,0.037586404
12.742581,1788508005.980373859,car2,car1,-0.800000000,0.000000000,0.000000000,-0.770501912,-0.008129880,0.000000000,1,0.030597911
12.742581,1788508005.980373859,car2,car4,-0.800000000,0.800000000,0.000000000,-0.775550425,0.797925398,0.000000000,1,0.024537434
12.742581,1788508005.980373859,car2,car5,0.000000000,0.800000000,0.000000000,-0.008019090,0.794150278,0.000000000,1,0.009925978
12.742581,1788508005.980373859,car4,car1,0.000000000,-0.800000000,0.000000000,0.005048513,-0.806055278,0.000000000,1,0.007883773
12.742581,1788508005.980373859,car4,car2,0.800000000,-0.800000000,0.000000000,0.775550425,-0.797925398,0.000000000,1,0.024537434
12.742581,1788508005.980373859,car4,car5,0.800000000,0.000000000,0.000000000,0.767531335,-0.003775120,0.000000000,1,0.032687394
12.742581,1788508005.980373859,car5,car1,-0.800000000,-0.800000000,0.000000000,-0.762482822,-0.802280158,0.000000000,1,0.037586404
12.742581,1788508005.980373859,car5,car2,0.000000000,-0.800000000,0.000000000,0.008019090,-0.794150278,0.000000000,1,0.009925978
12.742581,1788508005.980373859,car5,car4,-0.800000000,0.000000000,0.000000000,-0.767531335,0.003775120,0.000000000,1,0.032687394
12.944725,1788508006.180145979,car1,car2,0.800000000,0.000000000,0.000000000,0.809629917,0.002995998,0.000000000,1,0.010085202
12.944725,1788508006.180145979,car1,car4,0.000000000,0.800000000,0.000000000,0.031063378,0.797504097,0.000000000,1,0.031163488
12.944725,1788508006.180145979,car1,car5,0.800000000,0.800000000,0.000000000,0.845679283,0.799080402,0.000000000,1,0.045688539
12.944725,1788508006.180145979,car2,car1,-0.800000000,0.000000000,0.000000000,-0.809629917,-0.002995998,0.000000000,1,0.010085202
12.944725,1788508006.180145979,car2,car4,-0.800000000,0.800000000,0.000000000,-0.778566539,0.794508100,0.000000000,1,0.022125872
12.944725,1788508006.180145979,car2,car5,0.000000000,0.800000000,0.000000000,0.036049366,0.796084404,0.000000000,1,0.036261394
12.944725,1788508006.180145979,car4,car1,0.000000000,-0.800000000,0.000000000,-0.031063378,-0.797504097,0.000000000,1,0.031163488
12.944725,1788508006.180145979,car4,car2,0.800000000,-0.800000000,0.000000000,0.778566539,-0.794508100,0.000000000,1,0.022125872
12.944725,1788508006.180145979,car4,car5,0.800000000,0.000000000,0.000000000,0.814615905,0.001576304,0.000000000,1,0.014700661
12.944725,1788508006.180145979,car5,car1,-0.800000000,-0.800000000,0.000000000,-0.845679283,-0.799080402,0.000000000,1,0.045688539
12.944725,1788508006.180145979,car5,car2,0.000000000,-0.800000000,0.000000000,-0.036049366,-0.796084404,0.000000000,1,0.036261394
12.944725,1788508006.180145979,car5,car4,-0.800000000,0.000000000,0.000000000,-0.814615905,-0.001576304,0.000000000,1,0.014700661
13.146631,1788508006.380048037,car1,car2,0.800000000,0.000000000,0.000000000,0.825699270,0.007830694,0.000000000,1,0.026865819
13.146631,1788508006.380048037,car1,car4,0.000000000,0.800000000,0.000000000,-0.010541975,0.801040560,0.000000000,1,0.010593206
13.146631,1788508006.380048037,car1,car5,0.800000000,0.800000000,0.000000000,0.838618815,0.803704113,0.000000000,1,0.038796048
13.146631,1788508006.380048037,car2,car1,-0.800000000,0.000000000,0.000000000,-0.825699270,-0.007830694,0.000000000,1,0.026865819
13.146631,1788508006.380048037,car2,car4,-0.800000000,0.800000000,0.000000000,-0.836241245,0.793209866,0.000000000,1,0.036871856
13.146631,1788508006.380048037,car2,car5,0.000000000,0.800000000,0.000000000,0.012919545,0.795873418,0.000000000,1,0.013562571
13.146631,1788508006.380048037,car4,car1,0.000000000,-0.800000000,0.000000000,0.010541975,-0.801040560,0.000000000,1,0.010593206
13.146631,1788508006.380048037,car4,car2,0.800000000,-0.800000000,0.000000000,0.836241245,-0.793209866,0.000000000,1,0.036871856
13.146631,1788508006.380048037,car4,car5,0.800000000,0.000000000,0.000000000,0.849160790,0.002663553,0.000000000,1,0.049232894
13.146631,1788508006.380048037,car5,car1,-0.800000000,-0.800000000,0.000000000,-0.838618815,-0.803704113,0.000000000,1,0.038796048
13.146631,1788508006.380048037,car5,car2,0.000000000,-0.800000000,0.000000000,-0.012919545,-0.795873418,0.000000000,1,0.013562571
13.146631,1788508006.380048037,car5,car4,-0.800000000,0.000000000,0.000000000,-0.849160790,-0.002663553,0.000000000,1,0.049232894
13.350964,1788508006.590126038,car1,car2,0.800000000,0.000000000,0.000000000,0.780722499,0.005095959,0.000000000,1,0.019939680
13.350964,1788508006.590126038,car1,car4,0.000000000,0.800000000,0.000000000,-0.019750357,0.799309641,0.000000000,1,0.019762418
13.350964,1788508006.590126038,car1,car5,0.800000000,0.800000000,0.000000000,0.742998838,0.805578321,0.000000000,1,0.057273468
13.350964,1788508006.590126038,car2,car1,-0.800000000,0.000000000,0.000000000,-0.780722499,-0.005095959,0.000000000,1,0.019939680
13.350964,1788508006.590126038,car2,car4,-0.800000000,0.800000000,0.000000000,-0.800472856,0.794213682,0.000000000,1,0.005805606
13.350964,1788508006.590126038,car2,car5,0.000000000,0.800000000,0.000000000,-0.037723660,0.800482363,0.000000000,1,0.037726744
13.350964,1788508006.590126038,car4,car1,0.000000000,-0.800000000,0.000000000,0.019750357,-0.799309641,0.000000000,1,0.019762418
13.350964,1788508006.590126038,car4,car2,0.800000000,-0.800000000,0.000000000,0.800472856,-0.794213682,0.000000000,1,0.005805606
13.350964,1788508006.590126038,car4,car5,0.800000000,0.000000000,0.000000000,0.762749195,0.006268680,0.000000000,1,0.037774579
13.350964,1788508006.590126038,car5,car1,-0.800000000,-0.800000000,0.000000000,-0.742998838,-0.805578321,0.000000000,1,0.057273468
13.350964,1788508006.590126038,car5,car2,0.000000000,-0.800000000,0.000000000,0.037723660,-0.800482363,0.000000000,1,0.037726744
13.350964,1788508006.590126038,car5,car4,-0.800000000,0.000000000,0.000000000,-0.762749195,-0.006268680,0.000000000,1,0.037774579
13.554144,1788508006.790006876,car1,car2,0.800000000,0.000000000,0.000000000,0.798720717,0.004648745,0.000000000,1,0.004821555
13.554144,1788508006.790006876,car1,car4,0.000000000,0.800000000,0.000000000,0.018769979,0.798527151,0.000000000,1,0.018827677
13.554144,1788508006.790006876,car1,car5,0.800000000,0.800000000,0.000000000,0.806860447,0.805107802,0.000000000,1,0.008553092
13.554144,1788508006.790006876,car2,car1,-0.800000000,0.000000000,0.000000000,-0.798720717,-0.004648745,0.000000000,1,0.004821555
13.554144,1788508006.790006876,car2,car4,-0.800000000,0.800000000,0.000000000,-0.779950738,0.793878406,0.000000000,1,0.020962987
13.554144,1788508006.790006876,car2,car5,0.000000000,0.800000000,0.000000000,0.008139729,0.800459057,0.000000000,1,0.008152664
13.554144,1788508006.790006876,car4,car1,0.000000000,-0.800000000,0.000000000,-0.018769979,-0.798527151,0.000000000,1,0.018827677
13.554144,1788508006.790006876,car4,car2,0.800000000,-0.800000000,0.000000000,0.779950738,-0.793878406,0.000000000,1,0.020962987
13.554144,1788508006.790006876,car4,car5,0.800000000,0.000000000,0.000000000,0.788090467,0.006580651,0.000000000,1,0.013606687
13.554144,1788508006.790006876,car5,car1,-0.800000000,-0.800000000,0.000000000,-0.806860447,-0.805107802,0.000000000,1,0.008553092
13.554144,1788508006.790006876,car5,car2,0.000000000,-0.800000000,0.000000000,-0.008139729,-0.800459057,0.000000000,1,0.008152664
13.554144,1788508006.790006876,car5,car4,-0.800000000,0.000000000,0.000000000,-0.788090467,-0.006580651,0.000000000,1,0.013606687
13.756342,1788508006.989910126,car1,car2,0.800000000,0.000000000,0.000000000,0.823541164,0.005435050,0.000000000,1,0.024160426
13.756342,1788508006.989910126,car1,car4,0.000000000,0.800000000,0.000000000,-0.007105112,0.798644215,0.000000000,1,0.007233310
13.756342,1788508006.989910126,car1,car5,0.800000000,0.800000000,0.000000000,0.832854033,0.808565348,0.000000000,1,0.033952211
13.756342,1788508006.989910126,car2,car1,-0.800000000,0.000000000,0.000000000,-0.823541164,-0.005435050,0.000000000,1,0.024160426
13.756342,1788508006.989910126,car2,car4,-0.800000000,0.800000000,0.000000000,-0.830646276,0.793209165,0.000000000,1,0.031389643
13.756342,1788508006.989910126,car2,car5,0.000000000,0.800000000,0.000000000,0.009312868,0.803130299,0.000000000,1,0.009824881
13.756342,1788508006.989910126,car4,car1,0.000000000,-0.800000000,0.000000000,0.007105112,-0.798644215,0.000000000,1,0.007233310
13.756342,1788508006.989910126,car4,car2,0.800000000,-0.800000000,0.000000000,0.830646276,-0.793209165,0.000000000,1,0.031389643
13.756342,1788508006.989910126,car4,car5,0.800000000,0.000000000,0.000000000,0.839959145,0.009921134,0.000000000,1,0.041172347
13.756342,1788508006.989910126,car5,car1,-0.800000000,-0.800000000,0.000000000,-0.832854033,-0.808565348,0.000000000,1,0.033952211
13.756342,1788508006.989910126,car5,car2,0.000000000,-0.800000000,0.000000000,-0.009312868,-0.803130299,0.000000000,1,0.009824881
13.756342,1788508006.989910126,car5,car4,-0.800000000,0.000000000,0.000000000,-0.839959145,-0.009921134,0.000000000,1,0.041172347
13.958986,1788508007.199795008,car1,car2,0.800000000,0.000000000,0.000000000,0.802316546,0.003345281,0.000000000,1,0.004069065
13.958986,1788508007.199795008,car1,car4,0.000000000,0.800000000,0.000000000,-0.006555557,0.796474859,0.000000000,1,0.007443249
13.958986,1788508007.199795008,car1,car5,0.800000000,0.800000000,0.000000000,0.777899623,0.804372713,0.000000000,1,0.022528810
13.958986,1788508007.199795008,car2,car1,-0.800000000,0.000000000,0.000000000,-0.802316546,-0.003345281,0.000000000,1,0.004069065
13.958986,1788508007.199795008,car2,car4,-0.800000000,0.800000000,0.000000000,-0.808872104,0.793129578,0.000000000,1,0.011221271
13.958986,1788508007.199795008,car2,car5,0.000000000,0.800000000,0.000000000,-0.024416924,0.801027432,0.000000000,1,0.024438530
13.958986,1788508007.199795008,car4,car1,0.000000000,-0.800000000,0.000000000,0.006555557,-0.796474859,0.000000000,1,0.007443249
13.958986,1788508007.199795008,car4,car2,0.800000000,-0.800000000,0.000000000,0.808872104,-0.793129578,0.000000000,1,0.011221271
13.958986,1788508007.199795008,car4,car5,0.800000000,0.000000000,0.000000000,0.784455180,0.007897854,0.000000000,1,0.017436098
13.958986,1788508007.199795008,car5,car1,-0.800000000,-0.800000000,0.000000000,-0.777899623,-0.804372713,0.000000000,1,0.022528810
13.958986,1788508007.199795008,car5,car2,0.000000000,-0.800000000,0.000000000,0.024416924,-0.801027432,0.000000000,1,0.024438530
13.958986,1788508007.199795008,car5,car4,-0.800000000,0.000000000,0.000000000,-0.784455180,-0.007897854,0.000000000,1,0.017436098
14.160759,1788508007.389984608,car1,car2,0.800000000,0.000000000,0.000000000,0.750867724,0.005041987,0.000000000,1,0.049390304
14.160759,1788508007.389984608,car1,car4,0.000000000,0.800000000,0.000000000,-0.000371695,0.803315222,0.000000000,1,0.003335994
14.160759,1788508007.389984608,car1,car5,0.800000000,0.800000000,0.000000000,0.747506380,0.808535993,0.000000000,1,0.053183111
14.160759,1788508007.389984608,car2,car1,-0.800000000,0.000000000,0.000000000,-0.750867724,-0.005041987,0.000000000,1,0.049390304
14.160759,1788508007.389984608,car2,car4,-0.800000000,0.800000000,0.000000000,-0.751239419,0.798273236,0.000000000,1,0.048791146
14.160759,1788508007.389984608,car2,car5,0.000000000,0.800000000,0.000000000,-0.003361344,0.803494006,0.000000000,1,0.004848373
14.160759,1788508007.389984608,car4,car1,0.000000000,-0.800000000,0.000000000,0.000371695,-0.803315222,0.000000000,1,0.003335994
14.160759,1788508007.389984608,car4,car2,0.800000000,-0.800000000,0.000000000,0.751239419,-0.798273236,0.000000000,1,0.048791146
14.160759,1788508007.389984608,car4,car5,0.800000000,0.000000000,0.000000000,0.747878075,0.005220771,0.000000000,1,0.052382741
14.160759,1788508007.389984608,car5,car1,-0.800000000,-0.800000000,0.000000000,-0.747506380,-0.808535993,0.000000000,1,0.053183111
14.160759,1788508007.389984608,car5,car2,0.000000000,-0.800000000,0.000000000,0.003361344,-0.803494006,0.000000000,1,0.004848373
14.160759,1788508007.389984608,car5,car4,-0.800000000,0.000000000,0.000000000,-0.747878075,-0.005220771,0.000000000,1,0.052382741
14.362750,1788508007.599986792,car1,car2,0.800000000,0.000000000,0.000000000,0.822777271,0.006237611,0.000000000,1,0.023615924
14.362750,1788508007.599986792,car1,car4,0.000000000,0.800000000,0.000000000,0.001794696,0.808514833,0.000000000,1,0.008701915
14.362750,1788508007.599986792,car1,car5,0.800000000,0.800000000,0.000000000,0.840605617,0.811321020,0.000000000,1,0.042154259
14.362750,1788508007.599986792,car2,car1,-0.800000000,0.000000000,0.000000000,-0.822777271,-0.006237611,0.000000000,1,0.023615924
14.362750,1788508007.599986792,car2,car4,-0.800000000,0.800000000,0.000000000,-0.820982575,0.802277222,0.000000000,1,0.021105786
14.362750,1788508007.599986792,car2,car5,0.000000000,0.800000000,0.000000000,0.017828345,0.805083409,0.000000000,1,0.018538903
14.362750,1788508007.599986792,car4,car1,0.000000000,-0.800000000,0.000000000,-0.001794696,-0.808514833,0.000000000,1,0.008701915
14.362750,1788508007.599986792,car4,car2,0.800000000,-0.800000000,0.000000000,0.820982575,-0.802277222,0.000000000,1,0.021105786
14.362750,1788508007.599986792,car4,car5,0.800000000,0.000000000,0.000000000,0.838810921,0.002806187,0.000000000,1,0.038912238
14.362750,1788508007.599986792,car5,car1,-0.800000000,-0.800000000,0.000000000,-0.840605617,-0.811321020,0.000000000,1,0.042154259
14.362750,1788508007.599986792,car5,car2,0.000000000,-0.800000000,0.000000000,-0.017828345,-0.805083409,0.000000000,1,0.018538903
14.362750,1788508007.599986792,car5,car4,-0.800000000,0.000000000,0.000000000,-0.838810921,-0.002806187,0.000000000,1,0.038912238
14.564684,1788508007.800018311,car1,car2,0.800000000,0.000000000,0.000000000,0.817327738,0.004031464,0.000000000,1,0.017790537
14.564684,1788508007.800018311,car1,car4,0.000000000,0.800000000,0.000000000,-0.004832983,0.809453845,0.000000000,1,0.010617576
14.564684,1788508007.800018311,car1,car5,0.800000000,0.800000000,0.000000000,0.829703093,0.816648841,0.000000000,1,0.034050809
14.564684,1788508007.800018311,car2,car1,-0.800000000,0.000000000,0.000000000,-0.817327738,-0.004031464,0.000000000,1,0.017790537
14.564684,1788508007.800018311,car2,car4,-0.800000000,0.800000000,0.000000000,-0.822160721,0.805422381,0.000000000,1,0.022814464
14.564684,1788508007.800018311,car2,car5,0.000000000,0.800000000,0.000000000,0.012375355,0.812617376,0.000000000,1,0.017673358
14.564684,1788508007.800018311,car4,car1,0.000000000,-0.800000000,0.000000000,0.004832983,-0.809453845,0.000000000,1,0.010617576
14.564684,1788508007.800018311,car4,car2,0.800000000,-0.800000000,0.000000000,0.822160721,-0.805422381,0.000000000,1,0.022814464
14.564684,1788508007.800018311,car4,car5,0.800000000,0.000000000,0.000000000,0.834536076,0.007194996,0.000000000,1,0.035277592
14.564684,1788508007.800018311,car5,car1,-0.800000000,-0.800000000,0.000000000,-0.829703093,-0.816648841,0.000000000,1,0.034050809
14.564684,1788508007.800018311,car5,car2,0.000000000,-0.800000000,0.000000000,-0.012375355,-0.812617376,0.000000000,1,0.017673358
14.564684,1788508007.800018311,car5,car4,-0.800000000,0.000000000,0.000000000,-0.834536076,-0.007194996,0.000000000,1,0.035277592
14.766775,1788508007.990443707,car1,car2,0.800000000,0.000000000,0.000000000,0.756396890,0.004766449,0.000000000,1,0.043862858
14.766775,1788508007.990443707,car1,car4,0.000000000,0.800000000,0.000000000,-0.000611544,0.809586793,0.000000000,1,0.009606279
14.766775,1788508007.990443707,car1,car5,0.800000000,0.800000000,0.000000000,0.763478756,0.815291673,0.000000000,1,0.039593390
14.766775,1788508007.990443707,car2,car1,-0.800000000,0.000000000,0.000000000,-0.756396890,-0.004766449,0.000000000,1,0.043862858
14.766775,1788508007.990443707,car2,car4,-0.800000000,0.800000000,0.000000000,-0.757008433,0.804820344,0.000000000,1,0.043260958
14.766775,1788508007.990443707,car2,car5,0.000000000,0.800000000,0.000000000,0.007081866,0.810525224,0.000000000,1,0.012685943
14.766775,1788508007.990443707,car4,car1,0.000000000,-0.800000000,0.000000000,0.000611544,-0.809586793,0.000000000,1,0.009606279
14.766775,1788508007.990443707,car4,car2,0.800000000,-0.800000000,0.000000000,0.757008433,-0.804820344,0.000000000,1,0.043260958
14.766775,1788508007.990443707,car4,car5,0.800000000,0.000000000,0.000000000,0.764090300,0.005704880,0.000000000,1,0.036360036
14.766775,1788508007.990443707,car5,car1,-0.800000000,-0.800000000,0.000000000,-0.763478756,-0.815291673,0.000000000,1,0.039593390
14.766775,1788508007.990443707,car5,car2,0.000000000,-0.800000000,0.000000000,-0.007081866,-0.810525224,0.000000000,1,0.012685943
14.766775,1788508007.990443707,car5,car4,-0.800000000,0.000000000,0.000000000,-0.764090300,-0.005704880,0.000000000,1,0.036360036
14.971026,1788508008.209910393,car1,car2,0.800000000,0.000000000,0.000000000,0.796108842,0.003531158,0.000000000,1,0.005254540
14.971026,1788508008.209910393,car1,car4,0.000000000,0.800000000,0.000000000,0.002329826,0.806240410,0.000000000,1,0.006661141
14.971026,1788508008.209910393,car1,car5,0.800000000,0.800000000,0.000000000,0.801993608,0.807821184,0.000000000,1,0.008071270
14.971026,1788508008.209910393,car2,car1,-0.800000000,0.000000000,0.000000000,-0.796108842,-0.003531158,0.000000000,1,0.005254540
14.971026,1788508008.209910393,car2,car4,-0.800000000,0.800000000,0.000000000,-0.793779016,0.802709252,0.000000000,1,0.006785329
14.971026,1788508008.209910393,car2,car5,0.000000000,0.800000000,0.000000000,0.005884767,0.804290026,0.000000000,1,0.007282500
14.971026,1788508008.209910393,car4,car1,0.000000000,-0.800000000,0.000000000,-0.002329826,-0.806240410,0.000000000,1,0.006661141
14.971026,1788508008.209910393,car4,car2,0.800000000,-0.800000000,0.000000000,0.793779016,-0.802709252,0.000000000,1,0.006785329
14.971026,1788508008.209910393,car4,car5,0.800000000,0.000000000,0.000000000,0.799663782,0.001580775,0.000000000,1,0.001616135
14.971026,1788508008.209910393,car5,car1,-0.800000000,-0.800000000,0.000000000,-0.801993608,-0.807821184,0.000000000,1,0.008071270
14.971026,1788508008.209910393,car5,car2,0.000000000,-0.800000000,0.000000000,-0.005884767,-0.804290026,0.000000000,1,0.007282500
14.971026,1788508008.209910393,car5,car4,-0.800000000,0.000000000,0.000000000,-0.799663782,-0.001580775,0.000000000,1,0.001616135
15.173010,1788508008.411133289,car1,car2,0.800000000,0.000000000,0.000000000,0.842320442,0.001412705,0.000000000,1,0.042344014
15.173010,1788508008.411133289,car1,car4,0.000000000,0.800000000,0.000000000,0.008514285,0.802821890,0.000000000,1,0.008969733
15.173010,1788508008.411133289,car1,car5,0.800000000,0.800000000,0.000000000,0.842732906,0.803317264,0.000000000,1,0.042861469
15.173010,1788508008.411133289,car2,car1,-0.800000000,0.000000000,0.000000000,-0.842320442,-0.001412705,0.000000000,1,0.042344014
15.173010,1788508008.411133289,car2,car4,-0.800000000,0.800000000,0.000000000,-0.833806157,0.801409185,0.000000000,1,0.033835515
15.173010,1788508008.411133289,car2,car5,0.000000000,0.800000000,0.000000000,0.000412464,0.801904559,0.000000000,1,0.001948710
15.173010,1788508008.411133289,car4,car1,0.000000000,-0.800000000,0.000000000,-0.008514285,-0.802821890,0.000000000,1,0.008969733
15.173010,1788508008.411133289,car4,car2,0.800000000,-0.800000000,0.000000000,0.833806157,-0.801409185,0.000000000,1,0.033835515
15.173010,1788508008.411133289,car4,car5,0.800000000,0.000000000,0.000000000,0.834218621,0.000495374,0.000000000,1,0.034222207
15.173010,1788508008.411133289,car5,car1,-0.800000000,-0.800000000,0.000000000,-0.842732906,-0.803317264,0.000000000,1,0.042861469
15.173010,1788508008.411133289,car5,car2,0.000000000,-0.800000000,0.000000000,-0.000412464,-0.801904559,0.000000000,1,0.001948710
15.173010,1788508008.411133289,car5,car4,-0.800000000,0.000000000,0.000000000,-0.834218621,-0.000495374,0.000000000,1,0.034222207
15.375174,1788508008.600116491,car1,car2,0.800000000,0.000000000,0.000000000,0.775858760,0.000890478,0.000000000,1,0.024157658
15.375174,1788508008.600116491,car1,car4,0.000000000,0.800000000,0.000000000,0.003014922,0.803873882,0.000000000,1,0.004908840
15.375174,1788508008.600116491,car1,car5,0.800000000,0.800000000,0.000000000,0.772048354,0.804101810,0.000000000,1,0.028251006
15.375174,1788508008.600116491,car2,car1,-0.800000000,0.000000000,0.000000000,-0.775858760,-0.000890478,0.000000000,1,0.024157658
15.375174,1788508008.600116491,car2,car4,-0.800000000,0.800000000,0.000000000,-0.772843838,0.802983403,0.000000000,1,0.027319551
15.375174,1788508008.600116491,car2,car5,0.000000000,0.800000000,0.000000000,-0.003810406,0.803211331,0.000000000,1,0.004983156
15.375174,1788508008.600116491,car4,car1,0.000000000,-0.800000000,0.000000000,-0.003014922,-0.803873882,0.000000000,1,0.004908840
15.375174,1788508008.600116491,car4,car2,0.800000000,-0.800000000,0.000000000,0.772843838,-0.802983403,0.000000000,1,0.027319551
15.375174,1788508008.600116491,car4,car5,0.800000000,0.000000000,0.000000000,0.769033432,0.000227928,0.000000000,1,0.030967407
15.375174,1788508008.600116491,car5,car1,-0.800000000,-0.800000000,0.000000000,-0.772048354,-0.804101810,0.000000000,1,0.028251006
15.375174,1788508008.600116491,car5,car2,0.000000000,-0.800000000,0.000000000,0.003810406,-0.803211331,0.000000000,1,0.004983156
15.375174,1788508008.600116491,car5,car4,-0.800000000,0.000000000,0.000000000,-0.769033432,-0.000227928,0.000000000,1,0.030967407
15.577059,1788508008.809901237,car1,car2,0.800000000,0.000000000,0.000000000,0.775330424,-0.000909925,0.000000000,1,0.024686351
15.577059,1788508008.809901237,car1,car4,0.000000000,0.800000000,0.000000000,-0.009634137,0.800059527,0.000000000,1,0.009634321
15.577059,1788508008.809901237,car1,car5,0.800000000,0.800000000,0.000000000,0.780795455,0.800238699,0.000000000,1,0.019206028
15.577059,1788508008.809901237,car2,car1,-0.800000000,0.000000000,0.000000000,-0.775330424,0.000909925,0.000000000,1,0.024686351
15.577059,1788508008.809901237,car2,car4,-0.800000000,0.800000000,0.000000000,-0.784964561,0.800969452,0.000000000,1,0.015066660
15.577059,1788508008.809901237,car2,car5,0.000000000,0.800000000,0.000000000,0.005465031,0.801148623,0.000000000,1,0.005584433
15.577059,1788508008.809901237,car4,car1,0.000000000,-0.800000000,0.000000000,0.009634137,-0.800059527,0.000000000,1,0.009634321
15.577059,1788508008.809901237,car4,car2,0.800000000,-0.800000000,0.000000000,0.784964561,-0.800969452,0.000000000,1,0.015066660
15.577059,1788508008.809901237,car4,car5,0.800000000,0.000000000,0.000000000,0.790429592,0.000179172,0.000000000,1,0.009572085
15.577059,1788508008.809901237,car5,car1,-0.800000000,-0.800000000,0.000000000,-0.780795455,-0.800238699,0.000000000,1,0.019206028
15.577059,1788508008.809901237,car5,car2,0.000000000,-0.800000000,0.000000000,-0.005465031,-0.801148623,0.000000000,1,0.005584433
15.577059,1788508008.809901237,car5,car4,-0.800000000,0.000000000,0.000000000,-0.790429592,-0.000179172,0.000000000,1,0.009572085
15.779828,1788508009.020131588,car1,car2,0.800000000,0.000000000,0.000000000,0.852617621,-0.000371754,0.000000000,1,0.052618935
15.779828,1788508009.020131588,car1,car4,0.000000000,0.800000000,0.000000000,0.011763811,0.800573617,0.000000000,1,0.011777788
15.779828,1788508009.020131588,car1,car5,0.800000000,0.800000000,0.000000000,0.861160159,0.801287025,0.000000000,1,0.061173699
15.779828,1788508009.020131588,car2,car1,-0.800000000,0.000000000,0.000000000,-0.852617621,0.000371754,0.000000000,1,0.052618935
15.779828,1788508009.020131588,car2,car4,-0.800000000,0.800000000,0.000000000,-0.840853810,0.800945371,0.000000000,1,0.040864747
15.779828,1788508009.020131588,car2,car5,0.000000000,0.800000000,0.000000000,0.008542538,0.801658779,0.000000000,1,0.008702097
15.779828,1788508009.020131588,car4,car1,0.000000000,-0.800000000,0.000000000,-0.011763811,-0.800573617,0.000000000,1,0.011777788
15.779828,1788508009.020131588,car4,car2,0.800000000,-0.800000000,0.000000000,0.840853810,-0.800945371,0.000000000,1,0.040864747
15.779828,1788508009.020131588,car4,car5,0.800000000,0.000000000,0.000000000,0.849396348,0.000713408,0.000000000,1,0.049401499
15.779828,1788508009.020131588,car5,car1,-0.800000000,-0.800000000,0.000000000,-0.861160159,-0.801287025,0.000000000,1,0.061173699
15.779828,1788508009.020131588,car5,car2,0.000000000,-0.800000000,0.000000000,-0.008542538,-0.801658779,0.000000000,1,0.008702097
15.779828,1788508009.020131588,car5,car4,-0.800000000,0.000000000,0.000000000,-0.849396348,-0.000713408,0.000000000,1,0.049401499
15.981778,1788508009.220142603,car1,car2,0.800000000,0.000000000,0.000000000,0.798467994,-0.001896113,0.000000000,1,0.002437681
15.981778,1788508009.220142603,car1,car4,0.000000000,0.800000000,0.000000000,0.011649132,0.800525576,0.000000000,1,0.011660982
15.981778,1788508009.220142603,car1,car5,0.800000000,0.800000000,0.000000000,0.806815505,0.797786564,0.000000000,1,0.007165920
15.981778,1788508009.220142603,car2,car1,-0.800000000,0.000000000,0.000000000,-0.798467994,0.001896113,0.000000000,1,0.002437681
15.981778,1788508009.220142603,car2,car4,-0.800000000,0.800000000,0.000000000,-0.786818862,0.802421689,0.000000000,1,0.013401753
15.981778,1788508009.220142603,car2,car5,0.000000000,0.800000000,0.000000000,0.008347511,0.799682677,0.000000000,1,0.008353540
15.981778,1788508009.220142603,car4,car1,0.000000000,-0.800000000,0.000000000,-0.011649132,-0.800525576,0.000000000,1,0.011660982
15.981778,1788508009.220142603,car4,car2,0.800000000,-0.800000000,0.000000000,0.786818862,-0.802421689,0.000000000,1,0.013401753
15.981778,1788508009.220142603,car4,car5,0.800000000,0.000000000,0.000000000,0.795166373,-0.002739012,0.000000000,1,0.005555730
15.981778,1788508009.220142603,car5,car1,-0.800000000,-0.800000000,0.000000000,-0.806815505,-0.797786564,0.000000000,1,0.007165920
15.981778,1788508009.220142603,car5,car2,0.000000000,-0.800000000,0.000000000,-0.008347511,-0.799682677,0.000000000,1,0.008353540
15.981778,1788508009.220142603,car5,car4,-0.800000000,0.000000000,0.000000000,-0.795166373,0.002739012,0.000000000,1,0.005555730
16.183963,1788508009.410179138,car1,car2,0.800000000,0.000000000,0.000000000,0.747241855,-0.005322620,0.000000000,1,0.053025958
16.183963,1788508009.410179138,car1,car4,0.000000000,0.800000000,0.000000000,-0.027372122,0.796902850,0.000000000,1,0.027546785
16.183963,1788508009.410179138,car1,car5,0.800000000,0.800000000,0.000000000,0.738444209,0.795006350,0.000000000,1,0.061758011
16.183963,1788508009.410179138,car2,car1,-0.800000000,0.000000000,0.000000000,-0.747241855,0.005322620,0.000000000,1,0.053025958
16.183963,1788508009.410179138,car2,car4,-0.800000000,0.800000000,0.000000000,-0.774613976,0.802225471,0.000000000,1,0.025483385
16.183963,1788508009.410179138,car2,car5,0.000000000,0.800000000,0.000000000,-0.008797646,0.800328970,0.000000000,1,0.008803794
16.183963,1788508009.410179138,car4,car1,0.000000000,-0.800000000,0.000000000,0.027372122,-0.796902850,0.000000000,1,0.027546785
16.183963,1788508009.410179138,car4,car2,0.800000000,-0.800000000,0.000000000,0.774613976,-0.802225471,0.000000000,1,0.025483385
16.183963,1788508009.410179138,car4,car5,0.800000000,0.000000000,0.000000000,0.765816331,-0.001896501,0.000000000,1,0.034236237
16.183963,1788508009.410179138,car5,car1,-0.800000000,-0.800000000,0.000000000,-0.738444209,-0.795006350,0.000000000,1,0.061758011
16.183963,1788508009.410179138,car5,car2,0.000000000,-0.800000000,0.000000000,0.008797646,-0.800328970,0.000000000,1,0.008803794
16.183963,1788508009.410179138,car5,car4,-0.800000000,0.000000000,0.000000000,-0.765816331,0.001896501,0.000000000,1,0.034236237
16.385765,1788508009.620010138,car1,car2,0.800000000,0.000000000,0.000000000,0.817179799,-0.007202864,0.000000000,1,0.018628654
16.385765,1788508009.620010138,car1,car4,0.000000000,0.800000000,0.000000000,-0.023952365,0.793582246,0.000000000,1,0.024797245
16.385765,1788508009.620010138,car1,car5,0.800000000,0.800000000,0.000000000,0.806437850,0.790533587,0.000000000,1,0.011448095
16.385765,1788508009.620010138,car2,car1,-0.800000000,0.000000000,0.000000000,-0.817179799,0.007202864,0.000000000,1,0.018628654
16.385765,1788508009.620010138,car2,car4,-0.800000000,0.800000000,0.000000000,-0.841132164,0.800785109,0.000000000,1,0.041139656
16.385765,1788508009.620010138,car2,car5,0.000000000,0.800000000,0.000000000,-0.010741949,0.797736451,0.000000000,1,0.010977847
16.385765,1788508009.620010138,car4,car1,0.000000000,-0.800000000,0.000000000,0.023952365,-0.793582246,0.000000000,1,0.024797245
16.385765,1788508009.620010138,car4,car2,0.800000000,-0.800000000,0.000000000,0.841132164,-0.800785109,0.000000000,1,0.041139656
16.385765,1788508009.620010138,car4,car5,0.800000000,0.000000000,0.000000000,0.830390215,-0.003048658,0.000000000,1,0.030542748
16.385765,1788508009.620010138,car5,car1,-0.800000000,-0.800000000,0.000000000,-0.806437850,-0.790533587,0.000000000,1,0.011448095
16.385765,1788508009.620010138,car5,car2,0.000000000,-0.800000000,0.000000000,0.010741949,-0.797736451,0.000000000,1,0.010977847
16.385765,1788508009.620010138,car5,car4,-0.800000000,0.000000000,0.000000000,-0.830390215,0.003048658,0.000000000,1,0.030542748
16.589036,1788508009.830142736,car1,car2,0.800000000,0.000000000,0.000000000,0.825385690,-0.007929742,0.000000000,1,0.026595377
16.589036,1788508009.830142736,car1,car4,0.000000000,0.800000000,0.000000000,0.024663448,0.793676645,0.000000000,1,0.025461157
16.589036,1788508009.830142736,car1,car5,0.800000000,0.800000000,0.000000000,0.837533355,0.792401105,0.000000000,1,0.038294855
16.589036,1788508009.830142736,car2,car1,-0.800000000,0.000000000,0.000000000,-0.825385690,0.007929742,0.000000000,1,0.026595377
16.589036,1788508009.830142736,car2,car4,-0.800000000,0.800000000,0.000000000,-0.800722241,0.801606387,0.000000000,1,0.001761281
16.589036,1788508009.830142736,car2,car5,0.000000000,0.800000000,0.000000000,0.012147665,0.800330848,0.000000000,1,0.012152170
16.589036,1788508009.830142736,car4,car1,0.000000000,-0.800000000,0.000000000,-0.024663448,-0.793676645,0.000000000,1,0.025461157
16.589036,1788508009.830142736,car4,car2,0.800000000,-0.800000000,0.000000000,0.800722241,-0.801606387,0.000000000,1,0.001761281
16.589036,1788508009.830142736,car4,car5,0.800000000,0.000000000,0.000000000,0.812869906,-0.001275539,0.000000000,1,0.012932961
16.589036,1788508009.830142736,car5,car1,-0.800000000,-0.800000000,0.000000000,-0.837533355,-0.792401105,0.000000000,1,0.038294855
16.589036,1788508009.830142736,car5,car2,0.000000000,-0.800000000,0.000000000,-0.012147665,-0.800330848,0.000000000,1,0.012152170
16.589036,1788508009.830142736,car5,car4,-0.800000000,0.000000000,0.000000000,-0.812869906,0.001275539,0.000000000,1,0.012932961
16.791466,1788508010.030098438,car1,car2,0.800000000,0.000000000,0.000000000,0.757683635,-0.004412845,0.000000000,1,0.042545834
16.791466,1788508010.030098438,car1,car4,0.000000000,0.800000000,0.000000000,0.003361464,0.797892183,0.000000000,1,0.003967660
16.791466,1788508010.030098438,car1,car5,0.800000000,0.800000000,0.000000000,0.773912311,0.792431921,0.000000000,1,0.027163272
16.791466,1788508010.030098438,car2,car1,-0.800000000,0.000000000,0.000000000,-0.757683635,0.004412845,0.000000000,1,0.042545834
16.791466,1788508010.030098438,car2,car4,-0.800000000,0.800000000,0.000000000,-0.754322171,0.802305028,0.000000000,1,0.045735951
16.791466,1788508010.030098438,car2,car5,0.000000000,0.800000000,0.000000000,0.016228676,0.796844766,0.000000000,1,0.016532556
16.791466,1788508010.030098438,car4,car1,0.000000000,-0.800000000,0.000000000,-0.003361464,-0.797892183,0.000000000,1,0.003967660
16.791466,1788508010.030098438,car4,car2,0.800000000,-0.800000000,0.000000000,0.754322171,-0.802305028,0.000000000,1,0.045735951
16.791466,1788508010.030098438,car4,car5,0.800000000,0.000000000,0.000000000,0.770550847,-0.005460262,0.000000000,1,0.029951078
16.791466,1788508010.030098438,car5,car1,-0.800000000,-0.800000000,0.000000000,-0.773912311,-0.792431921,0.000000000,1,0.027163272
16.791466,1788508010.030098438,car5,car2,0.000000000,-0.800000000,0.000000000,-0.016228676,-0.796844766,0.000000000,1,0.016532556
16.791466,1788508010.030098438,car5,car4,-0.800000000,0.000000000,0.000000000,-0.770550847,0.005460262,0.000000000,1,0.029951078
16.993428,1788508010.230153799,car1,car2,0.800000000,0.000000000,0.000000000,0.798669815,-0.001487061,0.000000000,1,0.001995180
16.993428,1788508010.230153799,car1,car4,0.000000000,0.800000000,0.000000000,-0.021115541,0.800126344,0.000000000,1,0.021115919
16.993428,1788508010.230153799,car1,car5,0.800000000,0.800000000,0.000000000,0.783146381,0.791802794,0.000000000,1,0.018741362
16.993428,1788508010.230153799,car2,car1,-0.800000000,0.000000000,0.000000000,-0.798669815,0.001487061,0.000000000,1,0.001995180
16.993428,1788508010.230153799,car2,car4,-0.800000000,0.800000000,0.000000000,-0.819785357,0.801613405,0.000000000,1,0.019851030
16.993428,1788508010.230153799,car2,car5,0.000000000,0.800000000,0.000000000,-0.015523434,0.793289855,0.000000000,1,0.016911624
16.993428,1788508010.230153799,car4,car1,0.000000000,-0.800000000,0.000000000,0.021115541,-0.800126344,0.000000000,1,0.021115919
16.993428,1788508010.230153799,car4,car2,0.800000000,-0.800000000,0.000000000,0.819785357,-0.801613405,0.000000000,1,0.019851030
16.993428,1788508010.230153799,car4,car5,0.800000000,0.000000000,0.000000000,0.804261923,-0.008323550,0.000000000,1,0.009351229
16.993428,1788508010.230153799,car5,car1,-0.800000000,-0.800000000,0.000000000,-0.783146381,-0.791802794,0.000000000,1,0.018741362
16.993428,1788508010.230153799,car5,car2,0.000000000,-0.800000000,0.000000000,0.015523434,-0.793289855,0.000000000,1,0.016911624
16.993428,1788508010.230153799,car5,car4,-0.800000000,0.000000000,0.000000000,-0.804261923,0.008323550,0.000000000,1,0.009351229
17.195169,1788508010.429965019,car1,car2,0.800000000,0.000000000,0.000000000,0.843708277,-0.002085388,0.000000000,1,0.043757997
17.195169,1788508010.429965019,car1,car4,0.000000000,0.800000000,0.000000000,0.015453577,0.797551289,0.000000000,1,0.015646381
17.195169,1788508010.429965019,car1,car5,0.800000000,0.800000000,0.000000000,0.838260412,0.790634409,0.000000000,1,0.039390017
17.195169,1788508010.429965019,car2,car1,-0.800000000,0.000000000,0.000000000,-0.843708277,0.002085388,0.000000000,1,0.043757997
17.195169,1788508010.429965019,car2,car4,-0.800000000,0.800000000,0.000000000,-0.828254700,0.799636677,0.000000000,1,0.028257036
17.195169,1788508010.429965019,car2,car5,0.000000000,0.800000000,0.000000000,-0.005447865,0.792719796,0.000000000,1,0.009092887
17.195169,1788508010.429965019,car4,car1,0.000000000,-0.800000000,0.000000000,-0.015453577,-0.797551289,0.000000000,1,0.015646381
17.195169,1788508010.429965019,car4,car2,0.800000000,-0.800000000,0.000000000,0.828254700,-0.799636677,0.000000000,1,0.028257036
17.195169,1788508010.429965019,car4,car5,0.800000000,0.000000000,0.000000000,0.822806835,-0.006916881,0.000000000,1,0.023832645
17.195169,1788508010.429965019,car5,car1,-0.800000000,-0.800000000,0.000000000,-0.838260412,-0.790634409,0.000000000,1,0.039390017
17.195169,1788508010.429965019,car5,car2,0.000000000,-0.800000000,0.000000000,0.005447865,-0.792719796,0.000000000,1,0.009092887
17.195169,1788508010.429965019,car5,car4,-0.800000000,0.000000000,0.000000000,-0.822806835,0.006916881,0.000000000,1,0.023832645
17.399133,1788508010.640005827,car1,car2,0.800000000,0.000000000,0.000000000,0.776723742,-0.001933858,0.000000000,1,0.023356455
17.399133,1788508010.640005827,car1,car4,0.000000000,0.800000000,0.000000000,0.013839722,0.799545094,0.000000000,1,0.013847196
17.399133,1788508010.640005827,car1,car5,0.800000000,0.800000000,0.000000000,0.795195222,0.790787384,0.000000000,1,0.010390293
17.399133,1788508010.640005827,car2,car1,-0.800000000,0.000000000,0.000000000,-0.776723742,0.001933858,0.000000000,1,0.023356455
17.399133,1788508010.640005827,car2,car4,-0.800000000,0.800000000,0.000000000,-0.762884021,0.801478952,0.000000000,1,0.037145433
17.399133,1788508010.640005827,car2,car5,0.000000000,0.800000000,0.000000000,0.018471479,0.792721242,0.000000000,1,0.019853863
17.399133,1788508010.640005827,car4,car1,0.000000000,-0.800000000,0.000000000,-0.013839722,-0.799545094,0.000000000,1,0.013847196
17.399133,1788508010.640005827,car4,car2,0.800000000,-0.800000000,0.000000000,0.762884021,-0.801478952,0.000000000,1,0.037145433
17.399133,1788508010.640005827,car4,car5,0.800000000,0.000000000,0.000000000,0.781355500,-0.008757710,0.000000000,1,0.020598904
17.399133,1788508010.640005827,car5,car1,-0.800000000,-0.800000000,0.000000000,-0.795195222,-0.790787384,0.000000000,1,0.010390293
17.399133,1788508010.640005827,car5,car2,0.000000000,-0.800000000,0.000000000,-0.018471479,-0.792721242,0.000000000,1,0.019853863
17.399133,1788508010.640005827,car5,car4,-0.800000000,0.000000000,0.000000000,-0.781355500,0.008757710,0.000000000,1,0.020598904
