time_s,mocap_time_s,source_id,target_id,desired_x,desired_y,desired_z,actual_x,actual_y,actual_z,edge_valid,edge_error_m
0.000000,1788508071.929908514,car1,car2,0.800000000,0.000000000,0.000000000,0.541086391,0.397122264,0.000000000,1,0.474069984
0.000000,1788508071.929908514,car1,car4,0.000000000,0.800000000,0.000000000,-0.431564927,0.423028022,0.000000000,1,0.573023698
0.000000,1788508071.929908514,car1,car5,0.800000000,0.800000000,0.000000000,0.336288989,1.006246462,0.000000000,1,0.507509119
0.000000,1788508071.929908514,car2,car1,-0.800000000,0.000000000,0.000000000,-0.541086391,-0.397122264,0.000000000,1,0.474069984
0.000000,1788508071.929908514,car2,car4,-0.800000000,0.800000000,0.000000000,-0.972651318,0.025905758,0.000000000,1,0.793114350
0.000000,1788508071.929908514,car2,car5,0.000000000,0.800000000,0.000000000,-0.204797402,0.609124199,0.000000000,1,0.279956331
0.000000,1788508071.929908514,car4,car1,0.000000000,-0.800000000,0.000000000,0.431564927,-0.423028022,0.000000000,1,0.573023698
0.000000,1788508071.929908514,car4,car2,0.800000000,-0.800000000,0.000000000,0.972651318,-0.025905758,0.000000000,1,0.793114350
0.000000,1788508071.929908514,car4,car5,0.800000000,0.000000000,0.000000000,0.767853916,0.583218440,0.000000000,1,0.584103689
0.000000,1788508071.929908514,car5,car1,-0.800000000,-0.800000000,0.000000000,-0.336288989,-1.006246462,0.000000000,1,0.507509119
0.000000,1788508071.929908514,car5,car2,0.000000000,-0.800000000,0.000000000,0.204797402,-0.609124199,0.000000000,1,0.279956331
0.000000,1788508071.929908514,car5,car4,-0.800000000,0.000000000,0.000000000,-0.767853916,-0.583218440,0.000000000,1,0.584103689
0.202432,1788508072.119751692,car1,car2,0.800000000,0.000000000,0.000000000,0.540921003,0.396913409,0.000000000,1,0.473985423
0.202432,1788508072.119751692,car1,car4,0.000000000,0.800000000,0.000000000,-0.431850493,0.422883645,0.000000000,1,0.573333754
0.202432,1788508072.119751692,car1,car5,0.800000000,0.800000000,0.000000000,0.335157454,1.006410450,0.000000000,1,0.508609739
0.202432,1788508072.119751692,car2,car1,-0.800000000,0.000000000,0.000000000,-0.540921003,-0.396913409,0.000000000,1,0.473985423
0.202432,1788508072.119751692,car2,car4,-0.800000000,0.800000000,0.000000000,-0.972771496,0.025970235,0.000000000,1,0.793077591
0.202432,1788508072.119751692,car2,car5,0.000000000,0.800000000,0.000000000,-0.205763549,0.609497041,0.000000000,1,0.280410441
0.202432,1788508072.119751692,car4,car1,0.000000000,-0.800000000,0.000000000,0.431850493,-0.422883645,0.000000000,1,0.573333754
0.202432,1788508072.119751692,car4,car2,0.800000000,-0.800000000,0.000000000,0.972771496,-0.025970235,0.000000000,1,0.793077591
0.202432,1788508072.119751692,car4,car5,0.800000000,0.000000000,0.000000000,0.767007947,0.583526805,0.000000000,1,0.584458731
0.202432,1788508072.119751692,car5,car1,-0.800000000,-0.800000000,0.000000000,-0.335157454,-1.006410450,0.000000000,1,0.508609739
0.202432,1788508072.119751692,car5,car2,0.000000000,-0.800000000,0.000000000,0.205763549,-0.609497041,0.000000000,1,0.280410441
0.202432,1788508072.119751692,car5,car4,-0.800000000,0.000000000,0.000000000,-0.767007947,-0.583526805,0.000000000,1,0.584458731
0.404295,1788508072.330140829,car1,car2,0.800000000,0.000000000,0.000000000,0.585634410,0.364677623,0.000000000,1,0.423015809
0.404295,1788508072.330140829,car1,car4,0.000000000,0.800000000,0.000000000,-0.390110910,0.426856160,0.000000000,1,0.539835945
0.404295,1788508072.330140829,car1,car5,0.800000000,0.800000000,0.000000000,0.410081983,0.965839878,0.000000000,1,0.423720339
0.404295,1788508072.330140829,car2,car1,-0.800000000,0.000000000,0.000000000,-0.585634410,-0.364677623,0.000000000,1,0.423015809
0.404295,1788508072.330140829,car2,car4,-0.800000000,0.800000000,0.000000000,-0.975745320,0.062178537,0.000000000,1,0.758463531
0.404295,1788508072.330140829,car2,car5,0.000000000,0.800000000,0.000000000,-0.175552428,0.601162255,0.000000000,1,0.265245365
0.404295,1788508072.330140829,car4,car1,0.000000000,-0.800000000,0.000000000,0.390110910,-0.426856160,0.000000000,1,0.539835945
0.404295,1788508072.330140829,car4,car2,0.800000000,-0.800000000,0.000000000,0.975745320,-0.062178537,0.000000000,1,0.758463531
0.404295,1788508072.330140829,car4,car5,0.800000000,0.000000000,0.000000000,0.800192893,0.538983718,0.000000000,1,0.538983752
0.404295,1788508072.330140829,car5,car1,-0.800000000,-0.800000000,0.000000000,-0.410081983,-0.965839878,0.000000000,1,0.423720339
0.404295,1788508072.330140829,car5,car2,0.000000000,-0.800000000,0.000000000,0.175552428,-0.601162255,0.000000000,1,0.265245365
0.404295,1788508072.330140829,car5,car4,-0.800000000,0.000000000,0.000000000,-0.800192893,-0.538983718,0.000000000,1,0.538983752
0.606477,1788508072.529812098,car1,car2,0.800000000,0.000000000,0.000000000,0.658799857,0.326100625,0.000000000,1,0.355357704
0.606477,1788508072.529812098,car1,car4,0.000000000,0.800000000,0.000000000,-0.320973098,0.433088735,0.000000000,1,0.487491135
0.606477,1788508072.529812098,car1,car5,0.800000000,0.800000000,0.000000000,0.516992658,0.911153033,0.000000000,1,0.304052877
0.606477,1788508072.529812098,car2,car1,-0.800000000,0.000000000,0.000000000,-0.658799857,-0.326100625,0.000000000,1,0.355357704
0.606477,1788508072.529812098,car2,car4,-0.800000000,0.800000000,0.000000000,-0.979772955,0.106988110,0.000000000,1,0.715949576
0.606477,1788508072.529812098,car2,car5,0.000000000,0.800000000,0.000000000,-0.141807199,0.585052408,0.000000000,1,0.257510677
0.606477,1788508072.529812098,car4,car1,0.000000000,-0.800000000,0.000000000,0.320973098,-0.433088735,0.000000000,1,0.487491135
0.606477,1788508072.529812098,car4,car2,0.800000000,-0.800000000,0.000000000,0.979772955,-0.106988110,0.000000000,1,0.715949576
0.606477,1788508072.529812098,car4,car5,0.800000000,0.000000000,0.000000000,0.837965757,0.478064299,0.000000000,1,0.479569466
0.606477,1788508072.529812098,car5,car1,-0.800000000,-0.800000000,0.000000000,-0.516992658,-0.911153033,0.000000000,1,0.304052877
0.606477,1788508072.529812098,car5,car2,0.000000000,-0.800000000,0.000000000,0.141807199,-0.585052408,0.000000000,1,0.257510677
0.606477,1788508072.529812098,car5,car4,-0.800000000,0.000000000,0.000000000,-0.837965757,-0.478064299,0.000000000,1,0.479569466
0.808566,1788508072.729833841,car1,car2,0.800000000,0.000000000,0.000000000,0.729746908,0.309848025,0.000000000,1,0.317712599
0.808566,1788508072.729833841,car1,car4,0.000000000,0.800000000,0.000000000,-0.251181483,0.441366941,0.000000000,1,0.437846787
0.808566,1788508072.729833841,car1,car5,0.800000000,0.800000000,0.000000000,0.628666520,0.850080609,0.000000000,1,0.178502742
0.808566,1788508072.729833841,car2,car1,-0.800000000,0.000000000,0.000000000,-0.729746908,-0.309848025,0.000000000,1,0.317712599
0.808566,1788508072.729833841,car2,car4,-0.800000000,0.800000000,0.000000000,-0.980928391,0.131518915,0.000000000,1,0.692533063
0.808566,1788508072.729833841,car2,car5,0.000000000,0.800000000,0.000000000,-0.101080388,0.540232584,0.000000000,1,0.278740660
0.808566,1788508072.729833841,car4,car1,0.000000000,-0.800000000,0.000000000,0.251181483,-0.441366941,0.000000000,1,0.437846787
0.808566,1788508072.729833841,car4,car2,0.800000000,-0.800000000,0.000000000,0.980928391,-0.131518915,0.000000000,1,0.692533063
0.808566,1788508072.729833841,car4,car5,0.800000000,0.000000000,0.000000000,0.879848003,0.408713669,0.000000000,1,0.416440352
0.808566,1788508072.729833841,car5,car1,-0.800000000,-0.800000000,0.000000000,-0.628666520,-0.850080609,0.000000000,1,0.178502742
0.808566,1788508072.729833841,car5,car2,0.000000000,-0.800000000,0.000000000,0.101080388,-0.540232584,0.000000000,1,0.278740660
0.808566,1788508072.729833841,car5,car4,-0.800000000,0.000000000,0.000000000,-0.879848003,-0.408713669,0.000000000,1,0.416440352
1.011708,1788508072.940113783,car1,car2,0.800000000,0.000000000,0.000000000,0.798541814,0.303693168,0.000000000,1,0.303696669
1.011708,1788508072.940113783,car1,car4,0.000000000,0.800000000,0.000000000,-0.176161349,0.459025800,0.000000000,1,0.383791904
1.011708,1788508072.940113783,car1,car5,0.800000000,0.800000000,0.000000000,0.707415968,0.807484239,0.000000000,1,0.092886042
1.011708,1788508072.940113783,car2,car1,-0.800000000,0.000000000,0.000000000,-0.798541814,-0.303693168,0.000000000,1,0.303696669
1.011708,1788508072.940113783,car2,car4,-0.800000000,0.800000000,0.000000000,-0.974703163,0.155332632,0.000000000,1,0.667920063
1.011708,1788508072.940113783,car2,car5,0.000000000,0.800000000,0.000000000,-0.091125846,0.503791071,0.000000000,1,0.309909098
1.011708,1788508072.940113783,car4,car1,0.000000000,-0.800000000,0.000000000,0.176161349,-0.459025800,0.000000000,1,0.383791904
1.011708,1788508072.940113783,car4,car2,0.800000000,-0.800000000,0.000000000,0.974703163,-0.155332632,0.000000000,1,0.667920063
1.011708,1788508072.940113783,car4,car5,0.800000000,0.000000000,0.000000000,0.883577317,0.348458439,0.000000000,1,0.358341250
1.011708,1788508072.940113783,car5,car1,-0.800000000,-0.800000000,0.000000000,-0.707415968,-0.807484239,0.000000000,1,0.092886042
1.011708,1788508072.940113783,car5,car2,0.000000000,-0.800000000,0.000000000,0.091125846,-0.503791071,0.000000000,1,0.309909098
1.011708,1788508072.940113783,car5,car4,-0.800000000,0.000000000,0.000000000,-0.883577317,-0.348458439,0.000000000,1,0.358341250
1.214474,1788508073.139910936,car1,car2,0.800000000,0.000000000,0.000000000,0.834074885,0.299176328,0.000000000,1,0.301110566
1.214474,1788508073.139910936,car1,car4,0.000000000,0.800000000,0.000000000,-0.109793603,0.448185384,0.000000000,1,0.368548720
1.214474,1788508073.139910936,car1,car5,0.800000000,0.800000000,0.000000000,0.738478541,0.806808174,0.000000000,1,0.061897020
1.214474,1788508073.139910936,car2,car1,-0.800000000,0.000000000,0.000000000,-0.834074885,-0.299176328,0.000000000,1,0.301110566
1.214474,1788508073.139910936,car2,car4,-0.800000000,0.800000000,0.000000000,-0.943868488,0.149009056,0.000000000,1,0.666698845
1.214474,1788508073.139910936,car2,car5,0.000000000,0.800000000,0.000000000,-0.095596343,0.507631846,0.000000000,1,0.307600063
1.214474,1788508073.139910936,car4,car1,0.000000000,-0.800000000,0.000000000,0.109793603,-0.448185384,0.000000000,1,0.368548720
1.214474,1788508073.139910936,car4,car2,0.800000000,-0.800000000,0.000000000,0.943868488,-0.149009056,0.000000000,1,0.666698845
1.214474,1788508073.139910936,car4,car5,0.800000000,0.000000000,0.000000000,0.848272145,0.358622789,0.000000000,1,0.361857023
1.214474,1788508073.139910936,car5,car1,-0.800000000,-0.800000000,0.000000000,-0.738478541,-0.806808174,0.000000000,1,0.061897020
1.214474,1788508073.139910936,car5,car2,0.000000000,-0.800000000,0.000000000,0.095596343,-0.507631846,0.000000000,1,0.307600063
1.214474,1788508073.139910936,car5,car4,-0.800000000,0.000000000,0.000000000,-0.848272145,-0.358622789,0.000000000,1,0.361857023
1.416595,1788508073.340766430,car1,car2,0.800000000,0.000000000,0.000000000,0.836677209,0.315524146,0.000000000,1,0.317648712
1.416595,1788508073.340766430,car1,car4,0.000000000,0.800000000,0.000000000,-0.082448542,0.466999874,0.000000000,1,0.343055165
1.416595,1788508073.340766430,car1,car5,0.800000000,0.800000000,0.000000000,0.742947698,0.830788448,0.000000000,1,0.064829729
1.416595,1788508073.340766430,car2,car1,-0.800000000,0.000000000,0.000000000,-0.836677209,-0.315524146,0.000000000,1,0.317648712
1.416595,1788508073.340766430,car2,car4,-0.800000000,0.800000000,0.000000000,-0.919125751,0.151475728,0.000000000,1,0.659374458
1.416595,1788508073.340766430,car2,car5,0.000000000,0.800000000,0.000000000,-0.093729511,0.515264302,0.000000000,1,0.299765973
1.416595,1788508073.340766430,car4,car1,0.000000000,-0.800000000,0.000000000,0.082448542,-0.466999874,0.000000000,1,0.343055165
1.416595,1788508073.340766430,car4,car2,0.800000000,-0.800000000,0.000000000,0.919125751,-0.151475728,0.000000000,1,0.659374458
1.416595,1788508073.340766430,car4,car5,0.800000000,0.000000000,0.000000000,0.825396240,0.363788575,0.000000000,1,0.364673959
1.416595,1788508073.340766430,car5,car1,-0.800000000,-0.800000000,0.000000000,-0.742947698,-0.830788448,0.000000000,1,0.064829729
1.416595,1788508073.340766430,car5,car2,0.000000000,-0.800000000,0.000000000,0.093729511,-0.515264302,0.000000000,1,0.299765973
1.416595,1788508073.340766430,car5,car4,-0.800000000,0.000000000,0.000000000,-0.825396240,-0.363788575,0.000000000,1,0.364673959
1.619112,1788508073.530027866,car1,car2,0.800000000,0.000000000,0.000000000,0.865050465,0.321536444,0.000000000,1,0.328050679
1.619112,1788508073.530027866,car1,car4,0.000000000,0.800000000,0.000000000,-0.051003933,0.488785639,0.000000000,1,0.315366104
1.619112,1788508073.530027866,car1,car5,0.800000000,0.800000000,0.000000000,0.796545863,0.836529687,0.000000000,1,0.036692630
1.619112,1788508073.530027866,car2,car1,-0.800000000,0.000000000,0.000000000,-0.865050465,-0.321536444,0.000000000,1,0.328050679
1.619112,1788508073.530027866,car2,car4,-0.800000000,0.800000000,0.000000000,-0.916054398,0.167249195,0.000000000,1,0.643305685
1.619112,1788508073.530027866,car2,car5,0.000000000,0.800000000,0.000000000,-0.068504602,0.514993243,0.000000000,1,0.293124090
1.619112,1788508073.530027866,car4,car1,0.000000000,-0.800000000,0.000000000,0.051003933,-0.488785639,0.000000000,1,0.315366104
1.619112,1788508073.530027866,car4,car2,0.800000000,-0.800000000,0.000000000,0.916054398,-0.167249195,0.000000000,1,0.643305685
1.619112,1788508073.530027866,car4,car5,0.800000000,0.000000000,0.000000000,0.847549796,0.347744048,0.000000000,1,0.350979922
1.619112,1788508073.530027866,car5,car1,-0.800000000,-0.800000000,0.000000000,-0.796545863,-0.836529687,0.000000000,1,0.036692630
1.619112,1788508073.530027866,car5,car2,0.000000000,-0.800000000,0.000000000,0.068504602,-0.514993243,0.000000000,1,0.293124090
1.619112,1788508073.530027866,car5,car4,-0.800000000,0.000000000,0.000000000,-0.847549796,-0.347744048,0.000000000,1,0.350979922
1.822956,1788508073.750359535,car1,car2,0.800000000,0.000000000,0.000000000,0.864092067,0.319938712,0.000000000,1,0.326295223
1.822956,1788508073.750359535,car1,car4,0.000000000,0.800000000,0.000000000,-0.023353815,0.481335655,0.000000000,1,0.319518960
1.822956,1788508073.750359535,car1,car5,0.800000000,0.800000000,0.000000000,0.807529703,0.821729615,0.000000000,1,0.022997230
1.822956,1788508073.750359535,car2,car1,-0.800000000,0.000000000,0.000000000,-0.864092067,-0.319938712,0.000000000,1,0.326295223
1.822956,1788508073.750359535,car2,car4,-0.800000000,0.800000000,0.000000000,-0.887445882,0.161396943,0.000000000,1,0.644562368
1.822956,1788508073.750359535,car2,car5,0.000000000,0.800000000,0.000000000,-0.056562364,0.501790904,0.000000000,1,0.303525891
1.822956,1788508073.750359535,car4,car1,0.000000000,-0.800000000,0.000000000,0.023353815,-0.481335655,0.000000000,1,0.319518960
1.822956,1788508073.750359535,car4,car2,0.800000000,-0.800000000,0.000000000,0.887445882,-0.161396943,0.000000000,1,0.644562368
1.822956,1788508073.750359535,car4,car5,0.800000000,0.000000000,0.000000000,0.830883518,0.340393960,0.000000000,1,0.341792101
1.822956,1788508073.750359535,car5,car1,-0.800000000,-0.800000000,0.000000000,-0.807529703,-0.821729615,0.000000000,1,0.022997230
1.822956,1788508073.750359535,car5,car2,0.000000000,-0.800000000,0.000000000,0.056562364,-0.501790904,0.000000000,1,0.303525891
1.822956,1788508073.750359535,car5,car4,-0.800000000,0.000000000,0.000000000,-0.830883518,-0.340393960,0.000000000,1,0.341792101
2.025363,1788508073.950273752,car1,car2,0.800000000,0.000000000,0.000000000,0.824560747,0.322578654,0.000000000,1,0.323512315
2.025363,1788508073.950273752,car1,car4,0.000000000,0.800000000,0.000000000,-0.063454628,0.506000534,0.000000000,1,0.300769307
2.025363,1788508073.950273752,car1,car5,0.800000000,0.800000000,0.000000000,0.772965968,0.809006855,0.000000000,1,0.028494953
2.025363,1788508073.950273752,car2,car1,-0.800000000,0.000000000,0.000000000,-0.824560747,-0.322578654,0.000000000,1,0.323512315
2.025363,1788508073.950273752,car2,car4,-0.800000000,0.800000000,0.000000000,-0.888015375,0.183421880,0.000000000,1,0.622828455
2.025363,1788508073.950273752,car2,car5,0.000000000,0.800000000,0.000000000,-0.051594779,0.486428201,0.000000000,1,0.317788128
2.025363,1788508073.950273752,car4,car1,0.000000000,-0.800000000,0.000000000,0.063454628,-0.506000534,0.000000000,1,0.300769307
2.025363,1788508073.950273752,car4,car2,0.800000000,-0.800000000,0.000000000,0.888015375,-0.183421880,0.000000000,1,0.622828455
2.025363,1788508073.950273752,car4,car5,0.800000000,0.000000000,0.000000000,0.836420596,0.303006321,0.000000000,1,0.305187304
2.025363,1788508073.950273752,car5,car1,-0.800000000,-0.800000000,0.000000000,-0.772965968,-0.809006855,0.000000000,1,0.028494953
2.025363,1788508073.950273752,car5,car2,0.000000000,-0.800000000,0.000000000,0.051594779,-0.486428201,0.000000000,1,0.317788128
2.025363,1788508073.950273752,car5,car4,-0.800000000,0.000000000,0.000000000,-0.836420596,-0.303006321,0.000000000,1,0.305187304
2.227281,1788508074.139817715,car1,car2,0.800000000,0.000000000,0.000000000,0.848216429,0.320682175,0.000000000,1,0.324286728
2.227281,1788508074.139817715,car1,car4,0.000000000,0.800000000,0.000000000,-0.039737105,0.526114464,0.000000000,1,0.276753183
2.227281,1788508074.139817715,car1,car5,0.800000000,0.800000000,0.000000000,0.793059587,0.814280242,0.000000000,1,0.015877488
2.227281,1788508074.139817715,car2,car1,-0.800000000,0.000000000,0.000000000,-0.848216429,-0.320682175,0.000000000,1,0.324286728
2.227281,1788508074.139817715,car2,car4,-0.800000000,0.800000000,0.000000000,-0.887953535,0.205432288,0.000000000,1,0.601037926
2.227281,1788508074.139817715,car2,car5,0.000000000,0.800000000,0.000000000,-0.055156842,0.493598066,0.000000000,1,0.311326874
2.227281,1788508074.139817715,car4,car1,0.000000000,-0.800000000,0.000000000,0.039737105,-0.526114464,0.000000000,1,0.276753183
2.227281,1788508074.139817715,car4,car2,0.800000000,-0.800000000,0.000000000,0.887953535,-0.205432288,0.000000000,1,0.601037926
2.227281,1788508074.139817715,car4,car5,0.800000000,0.000000000,0.000000000,0.832796693,0.288165778,0.000000000,1,0.290026100
2.227281,1788508074.139817715,car5,car1,-0.800000000,-0.800000000,0.000000000,-0.793059587,-0.814280242,0.000000000,1,0.015877488
2.227281,1788508074.139817715,car5,car2,0.000000000,-0.800000000,0.000000000,0.055156842,-0.493598066,0.000000000,1,0.311326874
2.227281,1788508074.139817715,car5,car4,-0.800000000,0.000000000,0.000000000,-0.832796693,-0.288165778,0.000000000,1,0.290026100
2.431785,1788508074.360719681,car1,car2,0.800000000,0.000000000,0.000000000,0.864034861,0.317747913,0.000000000,1,0.324136082
2.431785,1788508074.360719681,car1,car4,0.000000000,0.800000000,0.000000000,-0.025855064,0.549475208,0.000000000,1,0.251855426
2.431785,1788508074.360719681,car1,car5,0.800000000,0.800000000,0.000000000,0.824126288,0.808530167,0.000000000,1,0.025589872
2.431785,1788508074.360719681,car2,car1,-0.800000000,0.000000000,0.000000000,-0.864034861,-0.317747913,0.000000000,1,0.324136082
2.431785,1788508074.360719681,car2,car4,-0.800000000,0.800000000,0.000000000,-0.889889926,0.231727295,0.000000000,1,0.575338219
2.431785,1788508074.360719681,car2,car5,0.000000000,0.800000000,0.000000000,-0.039908573,0.490782253,0.000000000,1,0.311782471
2.431785,1788508074.360719681,car4,car1,0.000000000,-0.800000000,0.000000000,0.025855064,-0.549475208,0.000000000,1,0.251855426
2.431785,1788508074.360719681,car4,car2,0.800000000,-0.800000000,0.000000000,0.889889926,-0.231727295,0.000000000,1,0.575338219
2.431785,1788508074.360719681,car4,car5,0.800000000,0.000000000,0.000000000,0.849981353,0.259054959,0.000000000,1,0.263832536
2.431785,1788508074.360719681,car5,car1,-0.800000000,-0.800000000,0.000000000,-0.824126288,-0.808530167,0.000000000,1,0.025589872
2.431785,1788508074.360719681,car5,car2,0.000000000,-0.800000000,0.000000000,0.039908573,-0.490782253,0.000000000,1,0.311782471
2.431785,1788508074.360719681,car5,car4,-0.800000000,0.000000000,0.000000000,-0.849981353,-0.259054959,0.000000000,1,0.263832536
2.634079,1788508074.539817572,car1,car2,0.800000000,0.000000000,0.000000000,0.829263434,0.316784225,0.000000000,1,0.318132982
2.634079,1788508074.539817572,car1,car4,0.000000000,0.800000000,0.000000000,-0.066350579,0.575769037,0.000000000,1,0.233841665
2.634079,1788508074.539817572,car1,car5,0.800000000,0.800000000,0.000000000,0.773848191,0.808233470,0.000000000,1,0.027417278
2.634079,1788508074.539817572,car2,car1,-0.800000000,0.000000000,0.000000000,-0.829263434,-0.316784225,0.000000000,1,0.318132982
2.634079,1788508074.539817572,car2,car4,-0.800000000,0.800000000,0.000000000,-0.895614013,0.258984812,0.000000000,1,0.549399193
2.634079,1788508074.539817572,car2,car5,0.000000000,0.800000000,0.000000000,-0.055415243,0.491449244,0.000000000,1,0.313487508
2.634079,1788508074.539817572,car4,car1,0.000000000,-0.800000000,0.000000000,0.066350579,-0.575769037,0.000000000,1,0.233841665
2.634079,1788508074.539817572,car4,car2,0.800000000,-0.800000000,0.000000000,0.895614013,-0.258984812,0.000000000,1,0.549399193
2.634079,1788508074.539817572,car4,car5,0.800000000,0.000000000,0.000000000,0.840198770,0.232464433,0.000000000,1,0.235914505
2.634079,1788508074.539817572,car5,car1,-0.800000000,-0.800000000,0.000000000,-0.773848191,-0.808233470,0.000000000,1,0.027417278
2.634079,1788508074.539817572,car5,car2,0.000000000,-0.800000000,0.000000000,0.055415243,-0.491449244,0.000000000,1,0.313487508
2.634079,1788508074.539817572,car5,car4,-0.800000000,0.000000000,0.000000000,-0.840198770,-0.232464433,0.000000000,1,0.235914505
2.835976,1788508074.759879589,car1,car2,0.800000000,0.000000000,0.000000000,0.825482979,0.308198057,0.000000000,1,0.309249777
2.835976,1788508074.759879589,car1,car4,0.000000000,0.800000000,0.000000000,-0.082051754,0.599528447,0.000000000,1,0.216613328
2.835976,1788508074.759879589,car1,car5,0.800000000,0.800000000,0.000000000,0.774957731,0.812747017,0.000000000,1,0.028099851
2.835976,1788508074.759879589,car2,car1,-0.800000000,0.000000000,0.000000000,-0.825482979,-0.308198057,0.000000000,1,0.309249777
2.835976,1788508074.759879589,car2,car4,-0.800000000,0.800000000,0.000000000,-0.907534733,0.291330390,0.000000000,1,0.519912003
2.835976,1788508074.759879589,car2,car5,0.000000000,0.800000000,0.000000000,-0.050525248,0.504548959,0.000000000,1,0.299740084
2.835976,1788508074.759879589,car4,car1,0.000000000,-0.800000000,0.000000000,0.082051754,-0.599528447,0.000000000,1,0.216613328
2.835976,1788508074.759879589,car4,car2,0.800000000,-0.800000000,0.000000000,0.907534733,-0.291330390,0.000000000,1,0.519912003
2.835976,1788508074.759879589,car4,car5,0.800000000,0.000000000,0.000000000,0.857009485,0.213218570,0.000000000,1,0.220708495
2.835976,1788508074.759879589,car5,car1,-0.800000000,-0.800000000,0.000000000,-0.774957731,-0.812747017,0.000000000,1,0.028099851
2.835976,1788508074.759879589,car5,car2,0.000000000,-0.800000000,0.000000000,0.050525248,-0.504548959,0.000000000,1,0.299740084
2.835976,1788508074.759879589,car5,car4,-0.800000000,0.000000000,0.000000000,-0.857009485,-0.213218570,0.000000000,1,0.220708495
3.037806,1788508074.959960461,car1,car2,0.800000000,0.000000000,0.000000000,0.863887161,0.301721573,0.000000000,1,0.308411214
3.037806,1788508074.959960461,car1,car4,0.000000000,0.800000000,0.000000000,-0.039701223,0.623218521,0.000000000,1,0.181184652
3.037806,1788508074.959960461,car1,car5,0.800000000,0.800000000,0.000000000,0.816178575,0.820482925,0.000000000,1,0.026101657
3.037806,1788508074.959960461,car2,car1,-0.800000000,0.000000000,0.000000000,-0.863887161,-0.301721573,0.000000000,1,0.308411214
3.037806,1788508074.959960461,car2,car4,-0.800000000,0.800000000,0.000000000,-0.903588384,0.321496949,0.000000000,1,0.489587299
3.037806,1788508074.959960461,car2,car5,0.000000000,0.800000000,0.000000000,-0.047708586,0.518761352,0.000000000,1,0.285256527
3.037806,1788508074.959960461,car4,car1,0.000000000,-0.800000000,0.000000000,0.039701223,-0.623218521,0.000000000,1,0.181184652
3.037806,1788508074.959960461,car4,car2,0.800000000,-0.800000000,0.000000000,0.903588384,-0.321496949,0.000000000,1,0.489587299
3.037806,1788508074.959960461,car4,car5,0.800000000,0.000000000,0.000000000,0.855879799,0.197264403,0.000000000,1,0.205026332
3.037806,1788508074.959960461,car5,car1,-0.800000000,-0.800000000,0.000000000,-0.816178575,-0.820482925,0.000000000,1,0.026101657
3.037806,1788508074.959960461,car5,car2,0.000000000,-0.800000000,0.000000000,0.047708586,-0.518761352,0.000000000,1,0.285256527
3.037806,1788508074.959960461,car5,car4,-0.800000000,0.000000000,0.000000000,-0.855879799,-0.197264403,0.000000000,1,0.205026332
3.240525,1788508075.169855595,car1,car2,0.800000000,0.000000000,0.000000000,0.843535796,0.288666256,0.000000000,1,0.291930767
3.240525,1788508075.169855595,car1,car4,0.000000000,0.800000000,0.000000000,-0.048902452,0.628748104,0.000000000,1,0.178097338
3.240525,1788508075.169855595,car1,car5,0.800000000,0.800000000,0.000000000,0.816190153,0.812857285,0.000000000,1,0.020674401
3.240525,1788508075.169855595,car2,car1,-0.800000000,0.000000000,0.000000000,-0.843535796,-0.288666256,0.000000000,1,0.291930767
3.240525,1788508075.169855595,car2,car4,-0.800000000,0.800000000,0.000000000,-0.892438248,0.340081848,0.000000000,1,0.469115696
3.240525,1788508075.169855595,car2,car5,0.000000000,0.800000000,0.000000000,-0.027345642,0.524191029,0.000000000,1,0.277161275
3.240525,1788508075.169855595,car4,car1,0.000000000,-0.800000000,0.000000000,0.048902452,-0.628748104,0.000000000,1,0.178097338
3.240525,1788508075.169855595,car4,car2,0.800000000,-0.800000000,0.000000000,0.892438248,-0.340081848,0.000000000,1,0.469115696
3.240525,1788508075.169855595,car4,car5,0.800000000,0.000000000,0.000000000,0.865092605,0.184109181,0.000000000,1,0.195277336
3.240525,1788508075.169855595,car5,car1,-0.800000000,-0.800000000,0.000000000,-0.816190153,-0.812857285,0.000000000,1,0.020674401
3.240525,1788508075.169855595,car5,car2,0.000000000,-0.800000000,0.000000000,0.027345642,-0.524191029,0.000000000,1,0.277161275
3.240525,1788508075.169855595,car5,car4,-0.800000000,0.000000000,0.000000000,-0.865092605,-0.184109181,0.000000000,1,0.195277336
3.442229,1788508075.369876862,car1,car2,0.800000000,0.000000000,0.000000000,0.797242180,0.276078463,0.000000000,1,0.276092237
3.442229,1788508075.369876862,car1,car4,0.000000000,0.800000000,0.000000000,-0.068576515,0.634681717,0.000000000,1,0.178977298
3.442229,1788508075.369876862,car1,car5,0.800000000,0.800000000,0.000000000,0.804744810,0.812467232,0.000000000,1,0.013339607
3.442229,1788508075.369876862,car2,car1,-0.800000000,0.000000000,0.000000000,-0.797242180,-0.276078463,0.000000000,1,0.276092237
3.442229,1788508075.369876862,car2,car4,-0.800000000,0.800000000,0.000000000,-0.865818694,0.358603254,0.000000000,1,0.446277030
3.442229,1788508075.369876862,car2,car5,0.000000000,0.800000000,0.000000000,0.007502630,0.536388770,0.000000000,1,0.263717975
3.442229,1788508075.369876862,car4,car1,0.000000000,-0.800000000,0.000000000,0.068576515,-0.634681717,0.000000000,1,0.178977298
3.442229,1788508075.369876862,car4,car2,0.800000000,-0.800000000,0.000000000,0.865818694,-0.358603254,0.000000000,1,0.446277030
3.442229,1788508075.369876862,car4,car5,0.800000000,0.000000000,0.000000000,0.873321325,0.177785516,0.000000000,1,0.192311482
3.442229,1788508075.369876862,car5,car1,-0.800000000,-0.800000000,0.000000000,-0.804744810,-0.812467232,0.000000000,1,0.013339607
3.442229,1788508075.369876862,car5,car2,0.000000000,-0.800000000,0.000000000,-0.007502630,-0.536388770,0.000000000,1,0.263717975
3.442229,1788508075.369876862,car5,car4,-0.800000000,0.000000000,0.000000000,-0.873321325,-0.177785516,0.000000000,1,0.192311482
3.643882,1788508075.569848061,car1,car2,0.800000000,0.000000000,0.000000000,0.778652564,0.252504498,0.000000000,1,0.253405277
3.643882,1788508075.569848061,car1,car4,0.000000000,0.800000000,0.000000000,-0.058393002,0.636036098,0.000000000,1,0.174051440
3.643882,1788508075.569848061,car1,car5,0.800000000,0.800000000,0.000000000,0.805039741,0.801654875,0.000000000,1,0.005304489
3.643882,1788508075.569848061,car2,car1,-0.800000000,0.000000000,0.000000000,-0.778652564,-0.252504498,0.000000000,1,0.253405277
3.643882,1788508075.569848061,car2,car4,-0.800000000,0.800000000,0.000000000,-0.837045565,0.383531600,0.000000000,1,0.418112786
3.643882,1788508075.569848061,car2,car5,0.000000000,0.800000000,0.000000000,0.026387177,0.549150378,0.000000000,1,0.252233654
3.643882,1788508075.569848061,car4,car1,0.000000000,-0.800000000,0.000000000,0.058393002,-0.636036098,0.000000000,1,0.174051440
3.643882,1788508075.569848061,car4,car2,0.800000000,-0.800000000,0.000000000,0.837045565,-0.383531600,0.000000000,1,0.418112786
3.643882,1788508075.569848061,car4,car5,0.800000000,0.000000000,0.000000000,0.863432743,0.165618777,0.000000000,1,0.177350760
3.643882,1788508075.569848061,car5,car1,-0.800000000,-0.800000000,0.000000000,-0.805039741,-0.801654875,0.000000000,1,0.005304489
3.643882,1788508075.569848061,car5,car2,0.000000000,-0.800000000,0.000000000,-0.026387177,-0.549150378,0.000000000,1,0.252233654
3.643882,1788508075.569848061,car5,car4,-0.800000000,0.000000000,0.000000000,-0.863432743,-0.165618777,0.000000000,1,0.177350760
3.845669,1788508075.769853115,car1,car2,0.800000000,0.000000000,0.000000000,0.772960722,0.232298128,0.000000000,1,0.233866507
3.845669,1788508075.769853115,car1,car4,0.000000000,0.800000000,0.000000000,-0.045213819,0.652018897,0.000000000,1,0.154734276
3.845669,1788508075.769853115,car1,car5,0.800000000,0.800000000,0.000000000,0.811921991,0.791836374,0.000000000,1,0.014449176
3.845669,1788508075.769853115,car2,car1,-0.800000000,0.000000000,0.000000000,-0.772960722,-0.232298128,0.000000000,1,0.233866507
3.845669,1788508075.769853115,car2,car4,-0.800000000,0.800000000,0.000000000,-0.818174541,0.419720769,0.000000000,1,0.380713288
3.845669,1788508075.769853115,car2,car5,0.000000000,0.800000000,0.000000000,0.038961269,0.559538245,0.000000000,1,0.243597693
3.845669,1788508075.769853115,car4,car1,0.000000000,-0.800000000,0.000000000,0.045213819,-0.652018897,0.000000000,1,0.154734276
3.845669,1788508075.769853115,car4,car2,0.800000000,-0.800000000,0.000000000,0.818174541,-0.419720769,0.000000000,1,0.380713288
3.845669,1788508075.769853115,car4,car5,0.800000000,0.000000000,0.000000000,0.857135810,0.139817476,0.000000000,1,0.151041145
3.845669,1788508075.769853115,car5,car1,-0.800000000,-0.800000000,0.000000000,-0.811921991,-0.791836374,0.000000000,1,0.014449176
3.845669,1788508075.769853115,car5,car2,0.000000000,-0.800000000,0.000000000,-0.038961269,-0.559538245,0.000000000,1,0.243597693
3.845669,1788508075.769853115,car5,car4,-0.800000000,0.000000000,0.000000000,-0.857135810,-0.139817476,0.000000000,1,0.151041145
4.047835,1788508075.969801426,car1,car2,0.800000000,0.000000000,0.000000000,0.766915381,0.216984734,0.000000000,1,0.219492521
4.047835,1788508075.969801426,car1,car4,0.000000000,0.800000000,0.000000000,-0.028639674,0.663493797,0.000000000,1,0.139478222
4.047835,1788508075.969801426,car1,car5,0.800000000,0.800000000,0.000000000,0.810920589,0.790368780,0.000000000,1,0.014560894
4.047835,1788508075.969801426,car2,car1,-0.800000000,0.000000000,0.000000000,-0.766915381,-0.216984734,0.000000000,1,0.219492521
4.047835,1788508075.969801426,car2,car4,-0.800000000,0.800000000,0.000000000,-0.795555055,0.446509063,0.000000000,1,0.353518882
4.047835,1788508075.969801426,car2,car5,0.000000000,0.800000000,0.000000000,0.044005208,0.573384047,0.000000000,1,0.230848974
4.047835,1788508075.969801426,car4,car1,0.000000000,-0.800000000,0.000000000,0.028639674,-0.663493797,0.000000000,1,0.139478222
4.047835,1788508075.969801426,car4,car2,0.800000000,-0.800000000,0.000000000,0.795555055,-0.446509063,0.000000000,1,0.353518882
4.047835,1788508075.969801426,car4,car5,0.800000000,0.000000000,0.000000000,0.839560263,0.126874983,0.000000000,1,0.132899495
4.047835,1788508075.969801426,car5,car1,-0.800000000,-0.800000000,0.000000000,-0.810920589,-0.790368780,0.000000000,1,0.014560894
4.047835,1788508075.969801426,car5,car2,0.000000000,-0.800000000,0.000000000,-0.044005208,-0.573384047,0.000000000,1,0.230848974
4.047835,1788508075.969801426,car5,car4,-0.800000000,0.000000000,0.000000000,-0.839560263,-0.126874983,0.000000000,1,0.132899495
4.251420,1788508076.179975748,car1,car2,0.800000000,0.000000000,0.000000000,0.746907353,0.211980082,0.000000000,1,0.218527766
4.251420,1788508076.179975748,car1,car4,0.000000000,0.800000000,0.000000000,-0.021814704,0.690515287,0.000000000,1,0.111636838
4.251420,1788508076.179975748,car1,car5,0.800000000,0.800000000,0.000000000,0.795746595,0.797559150,0.000000000,1,0.004903999
4.251420,1788508076.179975748,car2,car1,-0.800000000,0.000000000,0.000000000,-0.746907353,-0.211980082,0.000000000,1,0.218527766
4.251420,1788508076.179975748,car2,car4,-0.800000000,0.800000000,0.000000000,-0.768722057,0.478535205,0.000000000,1,0.322982854
4.251420,1788508076.179975748,car2,car5,0.000000000,0.800000000,0.000000000,0.048839241,0.585579067,0.000000000,1,0.219912728
4.251420,1788508076.179975748,car4,car1,0.000000000,-0.800000000,0.000000000,0.021814704,-0.690515287,0.000000000,1,0.111636838
4.251420,1788508076.179975748,car4,car2,0.800000000,-0.800000000,0.000000000,0.768722057,-0.478535205,0.000000000,1,0.322982854
4.251420,1788508076.179975748,car4,car5,0.800000000,0.000000000,0.000000000,0.817561299,0.107043862,0.000000000,1,0.108474825
4.251420,1788508076.179975748,car5,car1,-0.800000000,-0.800000000,0.000000000,-0.795746595,-0.797559150,0.000000000,1,0.004903999
4.251420,1788508076.179975748,car5,car2,0.000000000,-0.800000000,0.000000000,-0.048839241,-0.585579067,0.000000000,1,0.219912728
4.251420,1788508076.179975748,car5,car4,-0.800000000,0.000000000,0.000000000,-0.817561299,-0.107043862,0.000000000,1,0.108474825
4.453293,1788508076.370203733,car1,car2,0.800000000,0.000000000,0.000000000,0.735033363,0.202486873,0.000000000,1,0.212653703
4.453293,1788508076.370203733,car1,car4,0.000000000,0.800000000,0.000000000,-0.019401193,0.712551504,0.000000000,1,0.089574805
4.453293,1788508076.370203733,car1,car5,0.800000000,0.800000000,0.000000000,0.793026812,0.798421115,0.000000000,1,0.007149701
4.453293,1788508076.370203733,car2,car1,-0.800000000,0.000000000,0.000000000,-0.735033363,-0.202486873,0.000000000,1,0.212653703
4.453293,1788508076.370203733,car2,car4,-0.800000000,0.800000000,0.000000000,-0.754434556,0.510064632,0.000000000,1,0.293493999
4.453293,1788508076.370203733,car2,car5,0.000000000,0.800000000,0.000000000,0.057993449,0.595934242,0.000000000,1,0.212146350
4.453293,1788508076.370203733,car4,car1,0.000000000,-0.800000000,0.000000000,0.019401193,-0.712551504,0.000000000,1,0.089574805
4.453293,1788508076.370203733,car4,car2,0.800000000,-0.800000000,0.000000000,0.754434556,-0.510064632,0.000000000,1,0.293493999
4.453293,1788508076.370203733,car4,car5,0.800000000,0.000000000,0.000000000,0.812428005,0.085869610,0.000000000,1,0.086764309
4.453293,1788508076.370203733,car5,car1,-0.800000000,-0.800000000,0.000000000,-0.793026812,-0.798421115,0.000000000,1,0.007149701
4.453293,1788508076.370203733,car5,car2,0.000000000,-0.800000000,0.000000000,-0.057993449,-0.595934242,0.000000000,1,0.212146350
4.453293,1788508076.370203733,car5,car4,-0.800000000,0.000000000,0.000000000,-0.812428005,-0.085869610,0.000000000,1,0.086764309
4.655102,1788508076.576901197,car1,car2,0.800000000,0.000000000,0.000000000,0.730035186,0.185943961,0.000000000,1,0.198671165
4.655102,1788508076.576901197,car1,car4,0.000000000,0.800000000,0.000000000,-0.004105330,0.723843873,0.000000000,1,0.076266700
4.655102,1788508076.576901197,car1,car5,0.800000000,0.800000000,0.000000000,0.799273700,0.794742107,0.000000000,1,0.005307819
4.655102,1788508076.576901197,car2,car1,-0.800000000,0.000000000,0.000000000,-0.730035186,-0.185943961,0.000000000,1,0.198671165
4.655102,1788508076.576901197,car2,car4,-0.800000000,0.800000000,0.000000000,-0.734140515,0.537899911,0.000000000,1,0.270247901
4.655102,1788508076.576901197,car2,car5,0.000000000,0.800000000,0.000000000,0.069238514,0.608798146,0.000000000,1,0.203352208
4.655102,1788508076.576901197,car4,car1,0.000000000,-0.800000000,0.000000000,0.004105330,-0.723843873,0.000000000,1,0.076266700
4.655102,1788508076.576901197,car4,car2,0.800000000,-0.800000000,0.000000000,0.734140515,-0.537899911,0.000000000,1,0.270247901
4.655102,1788508076.576901197,car4,car5,0.800000000,0.000000000,0.000000000,0.803379029,0.070898235,0.000000000,1,0.070978712
4.655102,1788508076.576901197,car5,car1,-0.800000000,-0.800000000,0.000000000,-0.799273700,-0.794742107,0.000000000,1,0.005307819
4.655102,1788508076.576901197,car5,car2,0.000000000,-0.800000000,0.000000000,-0.069238514,-0.608798146,0.000000000,1,0.203352208
4.655102,1788508076.576901197,car5,car4,-0.800000000,0.000000000,0.000000000,-0.803379029,-0.070898235,0.000000000,1,0.070978712
4.857000,1788508076.769824743,car1,car2,0.800000000,0.000000000,0.000000000,0.727109119,0.165954743,0.000000000,1,0.181256881
4.857000,1788508076.769824743,car1,car4,0.000000000,0.800000000,0.000000000,0.008015215,0.713501755,0.000000000,1,0.086868809
4.857000,1788508076.769824743,car1,car5,0.800000000,0.800000000,0.000000000,0.801332556,0.791881327,0.000000000,1,0.008227306
4.857000,1788508076.769824743,car2,car1,-0.800000000,0.000000000,0.000000000,-0.727109119,-0.165954743,0.000000000,1,0.181256881
4.857000,1788508076.769824743,car2,car4,-0.800000000,0.800000000,0.000000000,-0.719093904,0.547547013,0.000000000,1,0.265100561
4.857000,1788508076.769824743,car2,car5,0.000000000,0.800000000,0.000000000,0.074223436,0.625926584,0.000000000,1,0.189237081
4.857000,1788508076.769824743,car4,car1,0.000000000,-0.800000000,0.000000000,-0.008015215,-0.713501755,0.000000000,1,0.086868809
4.857000,1788508076.769824743,car4,car2,0.800000000,-0.800000000,0.000000000,0.719093904,-0.547547013,0.000000000,1,0.265100561
4.857000,1788508076.769824743,car4,car5,0.800000000,0.000000000,0.000000000,0.793317340,0.078379571,0.000000000,1,0.078663938
4.857000,1788508076.769824743,car5,car1,-0.800000000,-0.800000000,0.000000000,-0.801332556,-0.791881327,0.000000000,1,0.008227306
4.857000,1788508076.769824743,car5,car2,0.000000000,-0.800000000,0.000000000,-0.074223436,-0.625926584,0.000000000,1,0.189237081
4.857000,1788508076.769824743,car5,car4,-0.800000000,0.000000000,0.000000000,-0.793317340,-0.078379571,0.000000000,1,0.078663938
5.058950,1788508076.979966879,car1,car2,0.800000000,0.000000000,0.000000000,0.762075879,0.125471666,0.000000000,1,0.131077756
5.058950,1788508076.979966879,car1,car4,0.000000000,0.800000000,0.000000000,0.003925085,0.695798390,0.000000000,1,0.104275510
5.058950,1788508076.979966879,car1,car5,0.800000000,0.800000000,0.000000000,0.812513597,0.779823951,0.000000000,1,0.023741589
5.058950,1788508076.979966879,car2,car1,-0.800000000,0.000000000,0.000000000,-0.762075879,-0.125471666,0.000000000,1,0.131077756
5.058950,1788508076.979966879,car2,car4,-0.800000000,0.800000000,0.000000000,-0.758150794,0.570326723,0.000000000,1,0.233454857
5.058950,1788508076.979966879,car2,car5,0.000000000,0.800000000,0.000000000,0.050437719,0.654352285,0.000000000,1,0.154133774
5.058950,1788508076.979966879,car4,car1,0.000000000,-0.800000000,0.000000000,-0.003925085,-0.695798390,0.000000000,1,0.104275510
5.058950,1788508076.979966879,car4,car2,0.800000000,-0.800000000,0.000000000,0.758150794,-0.570326723,0.000000000,1,0.233454857
5.058950,1788508076.979966879,car4,car5,0.800000000,0.000000000,0.000000000,0.808588512,0.084025562,0.000000000,1,0.084463351
5.058950,1788508076.979966879,car5,car1,-0.800000000,-0.800000000,0.000000000,-0.812513597,-0.779823951,0.000000000,1,0.023741589
5.058950,1788508076.979966879,car5,car2,0.000000000,-0.800000000,0.000000000,-0.050437719,-0.654352285,0.000000000,1,0.154133774
5.058950,1788508076.979966879,car5,car4,-0.800000000,0.000000000,0.000000000,-0.808588512,-0.084025562,0.000000000,1,0.084463351
5.261915,1788508077.170049667,car1,car2,0.800000000,0.000000000,0.000000000,0.783799335,0.098962732,0.000000000,1,0.100280027
5.261915,1788508077.170049667,car1,car4,0.000000000,0.800000000,0.000000000,-0.023983836,0.692621350,0.000000000,1,0.110024537
5.261915,1788508077.170049667,car1,car5,0.800000000,0.800000000,0.000000000,0.795570217,0.784009218,0.000000000,1,0.016593013
5.261915,1788508077.170049667,car2,car1,-0.800000000,0.000000000,0.000000000,-0.783799335,-0.098962732,0.000000000,1,0.100280027
5.261915,1788508077.170049667,car2,car4,-0.800000000,0.800000000,0.000000000,-0.807783172,0.593658619,0.000000000,1,0.206488119
5.261915,1788508077.170049667,car2,car5,0.000000000,0.800000000,0.000000000,0.011770882,0.685046487,0.000000000,1,0.115554593
5.261915,1788508077.170049667,car4,car1,0.000000000,-0.800000000,0.000000000,0.023983836,-0.692621350,0.000000000,1,0.110024537
5.261915,1788508077.170049667,car4,car2,0.800000000,-0.800000000,0.000000000,0.807783172,-0.593658619,0.000000000,1,0.206488119
5.261915,1788508077.170049667,car4,car5,0.800000000,0.000000000,0.000000000,0.819554053,0.091387868,0.000000000,1,0.093456425
5.261915,1788508077.170049667,car5,car1,-0.800000000,-0.800000000,0.000000000,-0.795570217,-0.784009218,0.000000000,1,0.016593013
5.261915,1788508077.170049667,car5,car2,0.000000000,-0.800000000,0.000000000,-0.011770882,-0.685046487,0.000000000,1,0.115554593
5.261915,1788508077.170049667,car5,car4,-0.800000000,0.000000000,0.000000000,-0.819554053,-0.091387868,0.000000000,1,0.093456425
5.467375,1788508077.379832745,car1,car2,0.800000000,0.000000000,0.000000000,0.783613181,0.082391445,0.000000000,1,0.084005226
5.467375,1788508077.379832745,car1,car4,0.000000000,0.800000000,0.000000000,-0.050531089,0.698541641,0.000000000,1,0.113345443
5.467375,1788508077.379832745,car1,car5,0.800000000,0.800000000,0.000000000,0.774120092,0.798646212,0.000000000,1,0.025915292
5.467375,1788508077.379832745,car2,car1,-0.800000000,0.000000000,0.000000000,-0.783613181,-0.082391445,0.000000000,1,0.084005226
5.467375,1788508077.379832745,car2,car4,-0.800000000,0.800000000,0.000000000,-0.834144270,0.616150197,0.000000000,1,0.186993533
5.467375,1788508077.379832745,car2,car5,0.000000000,0.800000000,0.000000000,-0.009493088,0.716254767,0.000000000,1,0.084281568
5.467375,1788508077.379832745,car4,car1,0.000000000,-0.800000000,0.000000000,0.050531089,-0.698541641,0.000000000,1,0.113345443
5.467375,1788508077.379832745,car4,car2,0.800000000,-0.800000000,0.000000000,0.834144270,-0.616150197,0.000000000,1,0.186993533
5.467375,1788508077.379832745,car4,car5,0.800000000,0.000000000,0.000000000,0.824651182,0.100104570,0.000000000,1,0.103095130
5.467375,1788508077.379832745,car5,car1,-0.800000000,-0.800000000,0.000000000,-0.774120092,-0.798646212,0.000000000,1,0.025915292
5.467375,1788508077.379832745,car5,car2,0.000000000,-0.800000000,0.000000000,0.009493088,-0.716254767,0.000000000,1,0.084281568
5.467375,1788508077.379832745,car5,car4,-0.800000000,0.000000000,0.000000000,-0.824651182,-0.100104570,0.000000000,1,0.103095130
5.672706,1788508077.599739313,car1,car2,0.800000000,0.000000000,0.000000000,0.835274087,0.058388278,0.000000000,1,0.068216217
5.672706,1788508077.599739313,car1,car4,0.000000000,0.800000000,0.000000000,-0.019198596,0.696973979,0.000000000,1,0.104799556
5.672706,1788508077.599739313,car1,car5,0.800000000,0.800000000,0.000000000,0.830875559,0.801312983,0.000000000,1,0.030903463
5.672706,1788508077.599739313,car2,car1,-0.800000000,0.000000000,0.000000000,-0.835274087,-0.058388278,0.000000000,1,0.068216217
5.672706,1788508077.599739313,car2,car4,-0.800000000,0.800000000,0.000000000,-0.854472683,0.638585702,0.000000000,1,0.170358002
5.672706,1788508077.599739313,car2,car5,0.000000000,0.800000000,0.000000000,-0.004398528,0.742924705,0.000000000,1,0.057244531
5.672706,1788508077.599739313,car4,car1,0.000000000,-0.800000000,0.000000000,0.019198596,-0.696973979,0.000000000,1,0.104799556
5.672706,1788508077.599739313,car4,car2,0.800000000,-0.800000000,0.000000000,0.854472683,-0.638585702,0.000000000,1,0.170358002
5.672706,1788508077.599739313,car4,car5,0.800000000,0.000000000,0.000000000,0.850074155,0.104339004,0.000000000,1,0.115732660
5.672706,1788508077.599739313,car5,car1,-0.800000000,-0.800000000,0.000000000,-0.830875559,-0.801312983,0.000000000,1,0.030903463
5.672706,1788508077.599739313,car5,car2,0.000000000,-0.800000000,0.000000000,0.004398528,-0.742924705,0.000000000,1,0.057244531
5.672706,1788508077.599739313,car5,car4,-0.800000000,0.000000000,0.000000000,-0.850074155,-0.104339004,0.000000000,1,0.115732660
5.876634,1788508077.789751768,car1,car2,0.800000000,0.000000000,0.000000000,0.832543809,0.041025443,0.000000000,1,0.052365890
5.876634,1788508077.789751768,car1,car4,0.000000000,0.800000000,0.000000000,-0.039564967,0.697807498,0.000000000,1,0.109584187
5.876634,1788508077.789751768,car1,car5,0.800000000,0.800000000,0.000000000,0.816885161,0.810212024,0.000000000,1,0.019733071
5.876634,1788508077.789751768,car2,car1,-0.800000000,0.000000000,0.000000000,-0.832543809,-0.041025443,0.000000000,1,0.052365890
5.876634,1788508077.789751768,car2,car4,-0.800000000,0.800000000,0.000000000,-0.872108776,0.656782056,0.000000000,1,0.160346672
5.876634,1788508077.789751768,car2,car5,0.000000000,0.800000000,0.000000000,-0.015658648,0.769186581,0.000000000,1,0.034563855
5.876634,1788508077.789751768,car4,car1,0.000000000,-0.800000000,0.000000000,0.039564967,-0.697807498,0.000000000,1,0.109584187
5.876634,1788508077.789751768,car4,car2,0.800000000,-0.800000000,0.000000000,0.872108776,-0.656782056,0.000000000,1,0.160346672
5.876634,1788508077.789751768,car4,car5,0.800000000,0.000000000,0.000000000,0.856450128,0.112404525,0.000000000,1,0.125783124
5.876634,1788508077.789751768,car5,car1,-0.800000000,-0.800000000,0.000000000,-0.816885161,-0.810212024,0.000000000,1,0.019733071
5.876634,1788508077.789751768,car5,car2,0.000000000,-0.800000000,0.000000000,0.015658648,-0.769186581,0.000000000,1,0.034563855
5.876634,1788508077.789751768,car5,car4,-0.800000000,0.000000000,0.000000000,-0.856450128,-0.112404525,0.000000000,1,0.125783124
6.079963,1788508078.009848595,car1,car2,0.800000000,0.000000000,0.000000000,0.799088098,0.028960741,0.000000000,1,0.028975094
6.079963,1788508078.009848595,car1,car4,0.000000000,0.800000000,0.000000000,-0.090986788,0.703427840,0.000000000,1,0.132682997
6.079963,1788508078.009848595,car1,car5,0.800000000,0.800000000,0.000000000,0.757460532,0.813548971,0.000000000,1,0.044645055
6.079963,1788508078.009848595,car2,car1,-0.800000000,0.000000000,0.000000000,-0.799088098,-0.028960741,0.000000000,1,0.028975094
6.079963,1788508078.009848595,car2,car4,-0.800000000,0.800000000,0.000000000,-0.890074886,0.674467099,0.000000000,1,0.154505645
6.079963,1788508078.009848595,car2,car5,0.000000000,0.800000000,0.000000000,-0.041627566,0.784588230,0.000000000,1,0.044388927
6.079963,1788508078.009848595,car4,car1,0.000000000,-0.800000000,0.000000000,0.090986788,-0.703427840,0.000000000,1,0.132682997
6.079963,1788508078.009848595,car4,car2,0.800000000,-0.800000000,0.000000000,0.890074886,-0.674467099,0.000000000,1,0.154505645
6.079963,1788508078.009848595,car4,car5,0.800000000,0.000000000,0.000000000,0.848447321,0.110121131,0.000000000,1,0.120307133
6.079963,1788508078.009848595,car5,car1,-0.800000000,-0.800000000,0.000000000,-0.757460532,-0.813548971,0.000000000,1,0.044645055
6.079963,1788508078.009848595,car5,car2,0.000000000,-0.800000000,0.000000000,0.041627566,-0.784588230,0.000000000,1,0.044388927
6.079963,1788508078.009848595,car5,car4,-0.800000000,0.000000000,0.000000000,-0.848447321,-0.110121131,0.000000000,1,0.120307133
6.281896,1788508078.209847927,car1,car2,0.800000000,0.000000000,0.000000000,0.830341805,0.010834415,0.000000000,1,0.032218157
6.281896,1788508078.209847927,car1,car4,0.000000000,0.800000000,0.000000000,-0.067466676,0.702752065,0.000000000,1,0.118359255
6.281896,1788508078.209847927,car1,car5,0.800000000,0.800000000,0.000000000,0.811151598,0.811672460,0.000000000,1,0.016143248
6.281896,1788508078.209847927,car2,car1,-0.800000000,0.000000000,0.000000000,-0.830341805,-0.010834415,0.000000000,1,0.032218157
6.281896,1788508078.209847927,car2,car4,-0.800000000,0.800000000,0.000000000,-0.897808481,0.691917650,0.000000000,1,0.145767943
6.281896,1788508078.209847927,car2,car5,0.000000000,0.800000000,0.000000000,-0.019190207,0.800838046,0.000000000,1,0.019208497
6.281896,1788508078.209847927,car4,car1,0.000000000,-0.800000000,0.000000000,0.067466676,-0.702752065,0.000000000,1,0.118359255
6.281896,1788508078.209847927,car4,car2,0.800000000,-0.800000000,0.000000000,0.897808481,-0.691917650,0.000000000,1,0.145767943
6.281896,1788508078.209847927,car4,car5,0.800000000,0.000000000,0.000000000,0.878618274,0.108920395,0.000000000,1,0.134329764
6.281896,1788508078.209847927,car5,car1,-0.800000000,-0.800000000,0.000000000,-0.811151598,-0.811672460,0.000000000,1,0.016143248
6.281896,1788508078.209847927,car5,car2,0.000000000,-0.800000000,0.000000000,0.019190207,-0.800838046,0.000000000,1,0.019208497
6.281896,1788508078.209847927,car5,car4,-0.800000000,0.000000000,0.000000000,-0.878618274,-0.108920395,0.000000000,1,0.134329764
6.484071,1788508078.409877300,car1,car2,0.800000000,0.000000000,0.000000000,0.823076274,0.000325017,0.000000000,1,0.023078563
6.484071,1788508078.409877300,car1,car4,0.000000000,0.800000000,0.000000000,-0.077279627,0.707890302,0.000000000,1,0.120234510
6.484071,1788508078.409877300,car1,car5,0.800000000,0.800000000,0.000000000,0.815756537,0.809756428,0.000000000,1,0.018532575
6.484071,1788508078.409877300,car2,car1,-0.800000000,0.000000000,0.000000000,-0.823076274,-0.000325017,0.000000000,1,0.023078563
6.484071,1788508078.409877300,car2,car4,-0.800000000,0.800000000,0.000000000,-0.900355902,0.707565285,0.000000000,1,0.136438570
6.484071,1788508078.409877300,car2,car5,0.000000000,0.800000000,0.000000000,-0.007319737,0.809431411,0.000000000,1,0.011938596
6.484071,1788508078.409877300,car4,car1,0.000000000,-0.800000000,0.000000000,0.077279627,-0.707890302,0.000000000,1,0.120234510
6.484071,1788508078.409877300,car4,car2,0.800000000,-0.800000000,0.000000000,0.900355902,-0.707565285,0.000000000,1,0.136438570
6.484071,1788508078.409877300,car4,car5,0.800000000,0.000000000,0.000000000,0.893036164,0.101866126,0.000000000,1,0.137958093
6.484071,1788508078.409877300,car5,car1,-0.800000000,-0.800000000,0.000000000,-0.815756537,-0.809756428,0.000000000,1,0.018532575
6.484071,1788508078.409877300,car5,car2,0.000000000,-0.800000000,0.000000000,0.007319737,-0.809431411,0.000000000,1,0.011938596
6.484071,1788508078.409877300,car5,car4,-0.800000000,0.000000000,0.000000000,-0.893036164,-0.101866126,0.000000000,1,0.137958093
6.685817,1788508078.609847784,car1,car2,0.800000000,0.000000000,0.000000000,0.795427259,0.002636220,0.000000000,1,0.005278221
6.685817,1788508078.609847784,car1,car4,0.000000000,0.800000000,0.000000000,-0.109384418,0.714619011,0.000000000,1,0.138761897
6.685817,1788508078.609847784,car1,car5,0.800000000,0.800000000,0.000000000,0.788800336,0.811667472,0.000000000,1,0.016172890
6.685817,1788508078.609847784,car2,car1,-0.800000000,0.000000000,0.000000000,-0.795427259,-0.002636220,0.000000000,1,0.005278221
6.685817,1788508078.609847784,car2,car4,-0.800000000,0.800000000,0.000000000,-0.904811677,0.711982790,0.000000000,1,0.136866785
6.685817,1788508078.609847784,car2,car5,0.000000000,0.800000000,0.000000000,-0.006626923,0.809031252,0.000000000,1,0.011201768
6.685817,1788508078.609847784,car4,car1,0.000000000,-0.800000000,0.000000000,0.109384418,-0.714619011,0.000000000,1,0.138761897
6.685817,1788508078.609847784,car4,car2,0.800000000,-0.800000000,0.000000000,0.904811677,-0.711982790,0.000000000,1,0.136866785
6.685817,1788508078.609847784,car4,car5,0.800000000,0.000000000,0.000000000,0.898184754,0.097048461,0.000000000,1,0.138053069
6.685817,1788508078.609847784,car5,car1,-0.800000000,-0.800000000,0.000000000,-0.788800336,-0.811667472,0.000000000,1,0.016172890
6.685817,1788508078.609847784,car5,car2,0.000000000,-0.800000000,0.000000000,0.006626923,-0.809031252,0.000000000,1,0.011201768
6.685817,1788508078.609847784,car5,car4,-0.800000000,0.000000000,0.000000000,-0.898184754,-0.097048461,0.000000000,1,0.138053069
6.887700,1788508078.809834480,car1,car2,0.800000000,0.000000000,0.000000000,0.808284219,0.000552192,0.000000000,1,0.008302602
6.887700,1788508078.809834480,car1,car4,0.000000000,0.800000000,0.000000000,-0.098118067,0.717277020,0.000000000,1,0.128336458
6.887700,1788508078.809834480,car1,car5,0.800000000,0.800000000,0.000000000,0.798622563,0.810707182,0.000000000,1,0.010795419
6.887700,1788508078.809834480,car2,car1,-0.800000000,0.000000000,0.000000000,-0.808284219,-0.000552192,0.000000000,1,0.008302602
6.887700,1788508078.809834480,car2,car4,-0.800000000,0.800000000,0.000000000,-0.906402286,0.716724828,0.000000000,1,0.135115509
6.887700,1788508078.809834480,car2,car5,0.000000000,0.800000000,0.000000000,-0.009661656,0.810154989,0.000000000,1,0.014016826
6.887700,1788508078.809834480,car4,car1,0.000000000,-0.800000000,0.000000000,0.098118067,-0.717277020,0.000000000,1,0.128336458
6.887700,1788508078.809834480,car4,car2,0.800000000,-0.800000000,0.000000000,0.906402286,-0.716724828,0.000000000,1,0.135115509
6.887700,1788508078.809834480,car4,car5,0.800000000,0.000000000,0.000000000,0.896740630,0.093430161,0.000000000,1,0.134491430
6.887700,1788508078.809834480,car5,car1,-0.800000000,-0.800000000,0.000000000,-0.798622563,-0.810707182,0.000000000,1,0.010795419
6.887700,1788508078.809834480,car5,car2,0.000000000,-0.800000000,0.000000000,0.009661656,-0.810154989,0.000000000,1,0.014016826
6.887700,1788508078.809834480,car5,car4,-0.800000000,0.000000000,0.000000000,-0.896740630,-0.093430161,0.000000000,1,0.134491430
7.095780,1788508079.020023108,car1,car2,0.800000000,0.000000000,0.000000000,0.829486318,0.003192864,0.000000000,1,0.029658680
7.095780,1788508079.020023108,car1,car4,0.000000000,0.800000000,0.000000000,-0.078110039,0.723314397,0.000000000,1,0.109461682
7.095780,1788508079.020023108,car1,car5,0.800000000,0.800000000,0.000000000,0.825661618,0.813323371,0.000000000,1,0.028914198
7.095780,1788508079.020023108,car2,car1,-0.800000000,0.000000000,0.000000000,-0.829486318,-0.003192864,0.000000000,1,0.029658680
7.095780,1788508079.020023108,car2,car4,-0.800000000,0.800000000,0.000000000,-0.907596357,0.720121533,0.000000000,1,0.134005767
7.095780,1788508079.020023108,car2,car5,0.000000000,0.800000000,0.000000000,-0.003824700,0.810130507,0.000000000,1,0.010828458
7.095780,1788508079.020023108,car4,car1,0.000000000,-0.800000000,0.000000000,0.078110039,-0.723314397,0.000000000,1,0.109461682
7.095780,1788508079.020023108,car4,car2,0.800000000,-0.800000000,0.000000000,0.907596357,-0.720121533,0.000000000,1,0.134005767
7.095780,1788508079.020023108,car4,car5,0.800000000,0.000000000,0.000000000,0.903771657,0.090008974,0.000000000,1,0.137368746
7.095780,1788508079.020023108,car5,car1,-0.800000000,-0.800000000,0.000000000,-0.825661618,-0.813323371,0.000000000,1,0.028914198
7.095780,1788508079.020023108,car5,car2,0.000000000,-0.800000000,0.000000000,0.003824700,-0.810130507,0.000000000,1,0.010828458
7.095780,1788508079.020023108,car5,car4,-0.800000000,0.000000000,0.000000000,-0.903771657,-0.090008974,0.000000000,1,0.137368746
7.297801,1788508079.219803810,car1,car2,0.800000000,0.000000000,0.000000000,0.795021445,0.004400313,0.000000000,1,0.006644454
7.297801,1788508079.219803810,car1,car4,0.000000000,0.800000000,0.000000000,-0.115919530,0.729788475,0.000000000,1,0.135524890
7.297801,1788508079.219803810,car1,car5,0.800000000,0.800000000,0.000000000,0.788159944,0.820092909,0.000000000,1,0.023321919
7.297801,1788508079.219803810,car2,car1,-0.800000000,0.000000000,0.000000000,-0.795021445,-0.004400313,0.000000000,1,0.006644454
7.297801,1788508079.219803810,car2,car4,-0.800000000,0.800000000,0.000000000,-0.910940975,0.725388162,0.000000000,1,0.133696770
7.297801,1788508079.219803810,car2,car5,0.000000000,0.800000000,0.000000000,-0.006861500,0.815692596,0.000000000,1,0.017127106
7.297801,1788508079.219803810,car4,car1,0.000000000,-0.800000000,0.000000000,0.115919530,-0.729788475,0.000000000,1,0.135524890
7.297801,1788508079.219803810,car4,car2,0.800000000,-0.800000000,0.000000000,0.910940975,-0.725388162,0.000000000,1,0.133696770
7.297801,1788508079.219803810,car4,car5,0.800000000,0.000000000,0.000000000,0.904079475,0.090304434,0.000000000,1,0.137794876
7.297801,1788508079.219803810,car5,car1,-0.800000000,-0.800000000,0.000000000,-0.788159944,-0.820092909,0.000000000,1,0.023321919
7.297801,1788508079.219803810,car5,car2,0.000000000,-0.800000000,0.000000000,0.006861500,-0.815692596,0.000000000,1,0.017127106
7.297801,1788508079.219803810,car5,car4,-0.800000000,0.000000000,0.000000000,-0.904079475,-0.090304434,0.000000000,1,0.137794876
7.500540,1788508079.430064917,car1,car2,0.800000000,0.000000000,0.000000000,0.792589009,-0.000244260,0.000000000,1,0.007415015
7.500540,1788508079.430064917,car1,car4,0.000000000,0.800000000,0.000000000,-0.112052858,0.732263319,0.000000000,1,0.130935484
7.500540,1788508079.430064917,car1,car5,0.800000000,0.800000000,0.000000000,0.782678764,0.824927919,0.000000000,1,0.030355005
7.500540,1788508079.430064917,car2,car1,-0.800000000,0.000000000,0.000000000,-0.792589009,0.000244260,0.000000000,1,0.007415015
7.500540,1788508079.430064917,car2,car4,-0.800000000,0.800000000,0.000000000,-0.904641867,0.732507579,0.000000000,1,0.124519666
7.500540,1788508079.430064917,car2,car5,0.000000000,0.800000000,0.000000000,-0.009910244,0.825172178,0.000000000,1,0.027052754
7.500540,1788508079.430064917,car4,car1,0.000000000,-0.800000000,0.000000000,0.112052858,-0.732263319,0.000000000,1,0.130935484
7.500540,1788508079.430064917,car4,car2,0.800000000,-0.800000000,0.000000000,0.904641867,-0.732507579,0.000000000,1,0.124519666
7.500540,1788508079.430064917,car4,car5,0.800000000,0.000000000,0.000000000,0.894731622,0.092664599,0.000000000,1,0.132517200
7.500540,1788508079.430064917,car5,car1,-0.800000000,-0.800000000,0.000000000,-0.782678764,-0.824927919,0.000000000,1,0.030355005
7.500540,1788508079.430064917,car5,car2,0.000000000,-0.800000000,0.000000000,0.009910244,-0.825172178,0.000000000,1,0.027052754
7.500540,1788508079.430064917,car5,car4,-0.800000000,0.000000000,0.000000000,-0.894731622,-0.092664599,0.000000000,1,0.132517200
7.702849,1788508079.630038977,car1,car2,0.800000000,0.000000000,0.000000000,0.823509432,-0.007508449,0.000000000,1,0.024679348
7.702849,1788508079.630038977,car1,car4,0.000000000,0.800000000,0.000000000,-0.042725384,0.726003319,0.000000000,1,0.085445698
7.702849,1788508079.630038977,car1,car5,0.800000000,0.800000000,0.000000000,0.811459750,0.825403899,0.000000000,1,0.027869050
7.702849,1788508079.630038977,car2,car1,-0.800000000,0.000000000,0.000000000,-0.823509432,0.007508449,0.000000000,1,0.024679348
7.702849,1788508079.630038977,car2,car4,-0.800000000,0.800000000,0.000000000,-0.866234817,0.733511768,0.000000000,1,0.093849539
7.702849,1788508079.630038977,car2,car5,0.000000000,0.800000000,0.000000000,-0.012049682,0.832912348,0.000000000,1,0.035048788
7.702849,1788508079.630038977,car4,car1,0.000000000,-0.800000000,0.000000000,0.042725384,-0.726003319,0.000000000,1,0.085445698
7.702849,1788508079.630038977,car4,car2,0.800000000,-0.800000000,0.000000000,0.866234817,-0.733511768,0.000000000,1,0.093849539
7.702849,1788508079.630038977,car4,car5,0.800000000,0.000000000,0.000000000,0.854185134,0.099400580,0.000000000,1,0.113210000
7.702849,1788508079.630038977,car5,car1,-0.800000000,-0.800000000,0.000000000,-0.811459750,-0.825403899,0.000000000,1,0.027869050
7.702849,1788508079.630038977,car5,car2,0.000000000,-0.800000000,0.000000000,0.012049682,-0.832912348,0.000000000,1,0.035048788
7.702849,1788508079.630038977,car5,car4,-0.800000000,0.000000000,0.000000000,-0.854185134,-0.099400580,0.000000000,1,0.113210000
7.904843,1788508079.819791555,car1,car2,0.800000000,0.000000000,0.000000000,0.808217049,-0.006952174,0.000000000,1,0.010763485
7.904843,1788508079.819791555,car1,car4,0.000000000,0.800000000,0.000000000,-0.027973711,0.745305739,0.000000000,1,0.061432814
7.904843,1788508079.819791555,car1,car5,0.800000000,0.800000000,0.000000000,0.801485032,0.827641450,0.000000000,1,0.027681313
7.904843,1788508079.819791555,car2,car1,-0.800000000,0.000000000,0.000000000,-0.808217049,0.006952174,0.000000000,1,0.010763485
7.904843,1788508079.819791555,car2,car4,-0.800000000,0.800000000,0.000000000,-0.836190760,0.752257913,0.000000000,1,0.059908914
7.904843,1788508079.819791555,car2,car5,0.000000000,0.800000000,0.000000000,-0.006732017,0.834593624,0.000000000,1,0.035242572
7.904843,1788508079.819791555,car4,car1,0.000000000,-0.800000000,0.000000000,0.027973711,-0.745305739,0.000000000,1,0.061432814
7.904843,1788508079.819791555,car4,car2,0.800000000,-0.800000000,0.000000000,0.836190760,-0.752257913,0.000000000,1,0.059908914
7.904843,1788508079.819791555,car4,car5,0.800000000,0.000000000,0.000000000,0.829458743,0.082335711,0.000000000,1,0.087447051
7.904843,1788508079.819791555,car5,car1,-0.800000000,-0.800000000,0.000000000,-0.801485032,-0.827641450,0.000000000,1,0.027681313
7.904843,1788508079.819791555,car5,car2,0.000000000,-0.800000000,0.000000000,0.006732017,-0.834593624,0.000000000,1,0.035242572
7.904843,1788508079.819791555,car5,car4,-0.800000000,0.000000000,0.000000000,-0.829458743,-0.082335711,0.000000000,1,0.087447051
8.106637,1788508080.029835224,car1,car2,0.800000000,0.000000000,0.000000000,0.775630385,-0.007056572,0.000000000,1,0.025370718
8.106637,1788508080.029835224,car1,car4,0.000000000,0.800000000,0.000000000,-0.033952892,0.764053725,0.000000000,1,0.049446270
8.106637,1788508080.029835224,car1,car5,0.800000000,0.800000000,0.000000000,0.757305264,0.819349669,0.000000000,1,0.046874835
8.106637,1788508080.029835224,car2,car1,-0.800000000,0.000000000,0.000000000,-0.775630385,0.007056572,0.000000000,1,0.025370718
8.106637,1788508080.029835224,car2,car4,-0.800000000,0.800000000,0.000000000,-0.809583277,0.771110296,0.000000000,1,0.030437710
8.106637,1788508080.029835224,car2,car5,0.000000000,0.800000000,0.000000000,-0.018325120,0.826406240,0.000000000,1,0.032141866
8.106637,1788508080.029835224,car4,car1,0.000000000,-0.800000000,0.000000000,0.033952892,-0.764053725,0.000000000,1,0.049446270
8.106637,1788508080.029835224,car4,car2,0.800000000,-0.800000000,0.000000000,0.809583277,-0.771110296,0.000000000,1,0.030437710
8.106637,1788508080.029835224,car4,car5,0.800000000,0.000000000,0.000000000,0.791258156,0.055295944,0.000000000,1,0.055982687
8.106637,1788508080.029835224,car5,car1,-0.800000000,-0.800000000,0.000000000,-0.757305264,-0.819349669,0.000000000,1,0.046874835
8.106637,1788508080.029835224,car5,car2,0.000000000,-0.800000000,0.000000000,0.018325120,-0.826406240,0.000000000,1,0.032141866
8.106637,1788508080.029835224,car5,car4,-0.800000000,0.000000000,0.000000000,-0.791258156,-0.055295944,0.000000000,1,0.055982687
8.311823,1788508080.229868412,car1,car2,0.800000000,0.000000000,0.000000000,0.814129904,-0.012535840,0.000000000,1,0.018889189
8.311823,1788508080.229868412,car1,car4,0.000000000,0.800000000,0.000000000,0.010903001,0.778365403,0.000000000,1,0.024226663
8.311823,1788508080.229868412,car1,car5,0.800000000,0.800000000,0.000000000,0.798458256,0.810964137,0.000000000,1,0.011072004
8.311823,1788508080.229868412,car2,car1,-0.800000000,0.000000000,0.000000000,-0.814129904,0.012535840,0.000000000,1,0.018889189
8.311823,1788508080.229868412,car2,car4,-0.800000000,0.800000000,0.000000000,-0.803226903,0.790901244,0.000000000,1,0.009654029
8.311823,1788508080.229868412,car2,car5,0.000000000,0.800000000,0.000000000,-0.015671648,0.823499978,0.000000000,1,0.028246230
8.311823,1788508080.229868412,car4,car1,0.000000000,-0.800000000,0.000000000,-0.010903001,-0.778365403,0.000000000,1,0.024226663
8.311823,1788508080.229868412,car4,car2,0.800000000,-0.800000000,0.000000000,0.803226903,-0.790901244,0.000000000,1,0.009654029
8.311823,1788508080.229868412,car4,car5,0.800000000,0.000000000,0.000000000,0.787555255,0.032598734,0.000000000,1,0.034893397
8.311823,1788508080.229868412,car5,car1,-0.800000000,-0.800000000,0.000000000,-0.798458256,-0.810964137,0.000000000,1,0.011072004
8.311823,1788508080.229868412,car5,car2,0.000000000,-0.800000000,0.000000000,0.015671648,-0.823499978,0.000000000,1,0.028246230
8.311823,1788508080.229868412,car5,car4,-0.800000000,0.000000000,0.000000000,-0.787555255,-0.032598734,0.000000000,1,0.034893397
8.513679,1788508080.439982891,car1,car2,0.800000000,0.000000000,0.000000000,0.834306121,-0.013501182,0.000000000,1,0.036867219
8.513679,1788508080.439982891,car1,car4,0.000000000,0.800000000,0.000000000,0.014416754,0.790857337,0.000000000,1,0.017071353
8.513679,1788508080.439982891,car1,car5,0.800000000,0.800000000,0.000000000,0.829228371,0.813507043,0.000000000,1,0.032198415
8.513679,1788508080.439982891,car2,car1,-0.800000000,0.000000000,0.000000000,-0.834306121,0.013501182,0.000000000,1,0.036867219
8.513679,1788508080.439982891,car2,car4,-0.800000000,0.800000000,0.000000000,-0.819889367,0.804358520,0.000000000,1,0.020361326
8.513679,1788508080.439982891,car2,car5,0.000000000,0.800000000,0.000000000,-0.005077749,0.827008225,0.000000000,1,0.027481408
8.513679,1788508080.439982891,car4,car1,0.000000000,-0.800000000,0.000000000,-0.014416754,-0.790857337,0.000000000,1,0.017071353
8.513679,1788508080.439982891,car4,car2,0.800000000,-0.800000000,0.000000000,0.819889367,-0.804358520,0.000000000,1,0.020361326
8.513679,1788508080.439982891,car4,car5,0.800000000,0.000000000,0.000000000,0.814811617,0.022649705,0.000000000,1,0.027062763
8.513679,1788508080.439982891,car5,car1,-0.800000000,-0.800000000,0.000000000,-0.829228371,-0.813507043,0.000000000,1,0.032198415
8.513679,1788508080.439982891,car5,car2,0.000000000,-0.800000000,0.000000000,0.005077749,-0.827008225,0.000000000,1,0.027481408
8.513679,1788508080.439982891,car5,car4,-0.800000000,0.000000000,0.000000000,-0.814811617,-0.022649705,0.000000000,1,0.027062763
8.716459,1788508080.639884233,car1,car2,0.800000000,0.000000000,0.000000000,0.759604082,-0.012540013,0.000000000,1,0.042297543
8.716459,1788508080.639884233,car1,car4,0.000000000,0.800000000,0.000000000,-0.014548063,0.794172794,0.000000000,1,0.015671710
8.716459,1788508080.639884233,car1,car5,0.800000000,0.800000000,0.000000000,0.786273599,0.802523047,0.000000000,1,0.013956355
8.716459,1788508080.639884233,car2,car1,-0.800000000,0.000000000,0.000000000,-0.759604082,0.012540013,0.000000000,1,0.042297543
8.716459,1788508080.639884233,car2,car4,-0.800000000,0.800000000,0.000000000,-0.774152145,0.806712806,0.000000000,1,0.026705306
8.716459,1788508080.639884233,car2,car5,0.000000000,0.800000000,0.000000000,0.026669517,0.815063059,0.000000000,1,0.030629380
8.716459,1788508080.639884233,car4,car1,0.000000000,-0.800000000,0.000000000,0.014548063,-0.794172794,0.000000000,1,0.015671710
8.716459,1788508080.639884233,car4,car2,0.800000000,-0.800000000,0.000000000,0.774152145,-0.806712806,0.000000000,1,0.026705306
8.716459,1788508080.639884233,car4,car5,0.800000000,0.000000000,0.000000000,0.800821662,0.008350253,0.000000000,1,0.008390581
8.716459,1788508080.639884233,car5,car1,-0.800000000,-0.800000000,0.000000000,-0.786273599,-0.802523047,0.000000000,1,0.013956355
8.716459,1788508080.639884233,car5,car2,0.000000000,-0.800000000,0.000000000,-0.026669517,-0.815063059,0.000000000,1,0.030629380
8.716459,1788508080.639884233,car5,car4,-0.800000000,0.000000000,0.000000000,-0.800821662,-0.008350253,0.000000000,1,0.008390581
8.918877,1788508080.830183983,car1,car2,0.800000000,0.000000000,0.000000000,0.779817104,-0.010466978,0.000000000,1,0.022735587
8.918877,1788508080.830183983,car1,car4,0.000000000,0.800000000,0.000000000,0.008141994,0.800762594,0.000000000,1,0.008177629
8.918877,1788508080.830183983,car1,car5,0.800000000,0.800000000,0.000000000,0.780196428,0.795162320,0.000000000,1,0.020385892
8.918877,1788508080.830183983,car2,car1,-0.800000000,0.000000000,0.000000000,-0.779817104,0.010466978,0.000000000,1,0.022735587
8.918877,1788508080.830183983,car2,car4,-0.800000000,0.800000000,0.000000000,-0.771675110,0.811229572,0.000000000,1,0.030469701
8.918877,1788508080.830183983,car2,car5,0.000000000,0.800000000,0.000000000,0.000379324,0.805629298,0.000000000,1,0.005642064
8.918877,1788508080.830183983,car4,car1,0.000000000,-0.800000000,0.000000000,-0.008141994,-0.800762594,0.000000000,1,0.008177629
8.918877,1788508080.830183983,car4,car2,0.800000000,-0.800000000,0.000000000,0.771675110,-0.811229572,0.000000000,1,0.030469701
8.918877,1788508080.830183983,car4,car5,0.800000000,0.000000000,0.000000000,0.772054434,-0.005600274,0.000000000,1,0.028501188
8.918877,1788508080.830183983,car5,car1,-0.800000000,-0.800000000,0.000000000,-0.780196428,-0.795162320,0.000000000,1,0.020385892
8.918877,1788508080.830183983,car5,car2,0.000000000,-0.800000000,0.000000000,-0.000379324,-0.805629298,0.000000000,1,0.005642064
8.918877,1788508080.830183983,car5,car4,-0.800000000,0.000000000,0.000000000,-0.772054434,0.005600274,0.000000000,1,0.028501188
9.120852,1788508081.049915314,car1,car2,0.800000000,0.000000000,0.000000000,0.837636709,-0.006777696,0.000000000,1,0.038242111
9.120852,1788508081.049915314,car1,car4,0.000000000,0.800000000,0.000000000,0.022345722,0.809273697,0.000000000,1,0.024193651
9.120852,1788508081.049915314,car1,car5,0.800000000,0.800000000,0.000000000,0.815905705,0.798136212,0.000000000,1,0.016014530
9.120852,1788508081.049915314,car2,car1,-0.800000000,0.000000000,0.000000000,-0.837636709,0.006777696,0.000000000,1,0.038242111
9.120852,1788508081.049915314,car2,car4,-0.800000000,0.800000000,0.000000000,-0.815290987,0.816051394,0.000000000,1,0.022168932
9.120852,1788508081.049915314,car2,car5,0.000000000,0.800000000,0.000000000,-0.021731004,0.804913908,0.000000000,1,0.022279655
9.120852,1788508081.049915314,car4,car1,0.000000000,-0.800000000,0.000000000,-0.022345722,-0.809273697,0.000000000,1,0.024193651
9.120852,1788508081.049915314,car4,car2,0.800000000,-0.800000000,0.000000000,0.815290987,-0.816051394,0.000000000,1,0.022168932
9.120852,1788508081.049915314,car4,car5,0.800000000,0.000000000,0.000000000,0.793559983,-0.011137486,0.000000000,1,0.012865356
9.120852,1788508081.049915314,car5,car1,-0.800000000,-0.800000000,0.000000000,-0.815905705,-0.798136212,0.000000000,1,0.016014530
9.120852,1788508081.049915314,car5,car2,0.000000000,-0.800000000,0.000000000,0.021731004,-0.804913908,0.000000000,1,0.022279655
9.120852,1788508081.049915314,car5,car4,-0.800000000,0.000000000,0.000000000,-0.793559983,0.011137486,0.000000000,1,0.012865356
9.322578,1788508081.249934196,car1,car2,0.800000000,0.000000000,0.000000000,0.793328911,-0.008440845,0.000000000,1,0.010758777
9.322578,1788508081.249934196,car1,car4,0.000000000,0.800000000,0.000000000,0.003942728,0.811183468,0.000000000,1,0.011858122
9.322578,1788508081.249934196,car1,car5,0.800000000,0.800000000,0.000000000,0.813103437,0.801171795,0.000000000,1,0.013155728
9.322578,1788508081.249934196,car2,car1,-0.800000000,0.000000000,0.000000000,-0.793328911,0.008440845,0.000000000,1,0.010758777
9.322578,1788508081.249934196,car2,car4,-0.800000000,0.800000000,0.000000000,-0.789386183,0.819624312,0.000000000,1,0.022310687
9.322578,1788508081.249934196,car2,car5,0.000000000,0.800000000,0.000000000,0.019774526,0.809612639,0.000000000,1,0.021987149
9.322578,1788508081.249934196,car4,car1,0.000000000,-0.800000000,0.000000000,-0.003942728,-0.811183468,0.000000000,1,0.011858122
9.322578,1788508081.249934196,car4,car2,0.800000000,-0.800000000,0.000000000,0.789386183,-0.819624312,0.000000000,1,0.022310687
9.322578,1788508081.249934196,car4,car5,0.800000000,0.000000000,0.000000000,0.809160709,-0.010011673,0.000000000,1,0.013570269
9.322578,1788508081.249934196,car5,car1,-0.800000000,-0.800000000,0.000000000,-0.813103437,-0.801171795,0.000000000,1,0.013155728
9.322578,1788508081.249934196,car5,car2,0.000000000,-0.800000000,0.000000000,-0.019774526,-0.809612639,0.000000000,1,0.021987149
9.322578,1788508081.249934196,car5,car4,-0.800000000,0.000000000,0.000000000,-0.809160709,0.010011673,0.000000000,1,0.013570269
9.524270,1788508081.450069427,car1,car2,0.800000000,0.000000000,0.000000000,0.760131314,-0.001830228,0.000000000,1,0.039910673
9.524270,1788508081.450069427,car1,car4,0.000000000,0.800000000,0.000000000,-0.000642300,0.813578002,0.000000000,1,0.013593185
9.524270,1788508081.450069427,car1,car5,0.800000000,0.800000000,0.000000000,0.779794931,0.792035632,0.000000000,1,0.021718102
9.524270,1788508081.450069427,car2,car1,-0.800000000,0.000000000,0.000000000,-0.760131314,0.001830228,0.000000000,1,0.039910673
9.524270,1788508081.450069427,car2,car4,-0.800000000,0.800000000,0.000000000,-0.760773614,0.815408230,0.000000000,1,0.042144073
9.524270,1788508081.450069427,car2,car5,0.000000000,0.800000000,0.000000000,0.019663617,0.793865860,0.000000000,1,0.020598192
9.524270,1788508081.450069427,car4,car1,0.000000000,-0.800000000,0.000000000,0.000642300,-0.813578002,0.000000000,1,0.013593185
9.524270,1788508081.450069427,car4,car2,0.800000000,-0.800000000,0.000000000,0.760773614,-0.815408230,0.000000000,1,0.042144073
9.524270,1788508081.450069427,car4,car5,0.800000000,0.000000000,0.000000000,0.780437231,-0.021542370,0.000000000,1,0.029099410
9.524270,1788508081.450069427,car5,car1,-0.800000000,-0.800000000,0.000000000,-0.779794931,-0.792035632,0.000000000,1,0.021718102
9.524270,1788508081.450069427,car5,car2,0.000000000,-0.800000000,0.000000000,-0.019663617,-0.793865860,0.000000000,1,0.020598192
9.524270,1788508081.450069427,car5,car4,-0.800000000,0.000000000,0.000000000,-0.780437231,0.021542370,0.000000000,1,0.029099410
9.725979,1788508081.650001049,car1,car2,0.800000000,0.000000000,0.000000000,0.829852760,-0.001916125,0.000000000,1,0.029914191
9.725979,1788508081.650001049,car1,car4,0.000000000,0.800000000,0.000000000,0.013767302,0.812930986,0.000000000,1,0.018887801
9.725979,1788508081.650001049,car1,car5,0.800000000,0.800000000,0.000000000,0.814708203,0.787477359,0.000000000,1,0.019317033
9.725979,1788508081.650001049,car2,car1,-0.800000000,0.000000000,0.000000000,-0.829852760,0.001916125,0.000000000,1,0.029914191
9.725979,1788508081.650001049,car2,car4,-0.800000000,0.800000000,0.000000000,-0.816085458,0.814847112,0.000000000,1,0.021890150
9.725979,1788508081.650001049,car2,car5,0.000000000,0.800000000,0.000000000,-0.015144557,0.789393485,0.000000000,1,0.018489342
9.725979,1788508081.650001049,car4,car1,0.000000000,-0.800000000,0.000000000,-0.013767302,-0.812930986,0.000000000,1,0.018887801
9.725979,1788508081.650001049,car4,car2,0.800000000,-0.800000000,0.000000000,0.816085458,-0.814847112,0.000000000,1,0.021890150
9.725979,1788508081.650001049,car4,car5,0.800000000,0.000000000,0.000000000,0.800940901,-0.025453627,0.000000000,1,0.025471012
9.725979,1788508081.650001049,car5,car1,-0.800000000,-0.800000000,0.000000000,-0.814708203,-0.787477359,0.000000000,1,0.019317033
9.725979,1788508081.650001049,car5,car2,0.000000000,-0.800000000,0.000000000,0.015144557,-0.789393485,0.000000000,1,0.018489342
9.725979,1788508081.650001049,car5,car4,-0.800000000,0.000000000,0.000000000,-0.800940901,0.025453627,0.000000000,1,0.025471012
9.927918,1788508081.850021124,car1,car2,0.800000000,0.000000000,0.000000000,0.829738498,-0.004022814,0.000000000,1,0.030009353
9.927918,1788508081.850021124,car1,car4,0.000000000,0.800000000,0.000000000,-0.002835214,0.812900662,0.000000000,1,0.013208540
9.927918,1788508081.850021124,car1,car5,0.800000000,0.800000000,0.000000000,0.839880735,0.787307143,0.000000000,1,0.041851901
9.927918,1788508081.850021124,car2,car1,-0.800000000,0.000000000,0.000000000,-0.829738498,0.004022814,0.000000000,1,0.030009353
9.927918,1788508081.850021124,car2,car4,-0.800000000,0.800000000,0.000000000,-0.832573712,0.816923477,0.000000000,1,0.036707639
9.927918,1788508081.850021124,car2,car5,0.000000000,0.800000000,0.000000000,0.010142237,0.791329958,0.000000000,1,0.013342961
9.927918,1788508081.850021124,car4,car1,0.000000000,-0.800000000,0.000000000,0.002835214,-0.812900662,0.000000000,1,0.013208540
9.927918,1788508081.850021124,car4,car2,0.800000000,-0.800000000,0.000000000,0.832573712,-0.816923477,0.000000000,1,0.036707639
9.927918,1788508081.850021124,car4,car5,0.800000000,0.000000000,0.000000000,0.842715949,-0.025593519,0.000000000,1,0.049796391
9.927918,1788508081.850021124,car5,car1,-0.800000000,-0.800000000,0.000000000,-0.839880735,-0.787307143,0.000000000,1,0.041851901
9.927918,1788508081.850021124,car5,car2,0.000000000,-0.800000000,0.000000000,-0.010142237,-0.791329958,0.000000000,1,0.013342961
9.927918,1788508081.850021124,car5,car4,-0.800000000,0.000000000,0.000000000,-0.842715949,0.025593519,0.000000000,1,0.049796391
10.130167,1788508082.059932232,car1,car2,0.800000000,0.000000000,0.000000000,0.759314120,-0.003783010,0.000000000,1,0.040861376
10.130167,1788508082.059932232,car1,car4,0.000000000,0.800000000,0.000000000,-0.006811768,0.815890417,0.000000000,1,0.017288884
10.130167,1788508082.059932232,car1,car5,0.800000000,0.800000000,0.000000000,0.766086400,0.789663002,0.000000000,1,0.035453996
10.130167,1788508082.059932232,car2,car1,-0.800000000,0.000000000,0.000000000,-0.759314120,0.003783010,0.000000000,1,0.040861376
10.130167,1788508082.059932232,car2,car4,-0.800000000,0.800000000,0.000000000,-0.766125888,0.819673426,0.000000000,1,0.039172684
10.130167,1788508082.059932232,car2,car5,0.000000000,0.800000000,0.000000000,0.006772280,0.793446012,0.000000000,1,0.009424359
10.130167,1788508082.059932232,car4,car1,0.000000000,-0.800000000,0.000000000,0.006811768,-0.815890417,0.000000000,1,0.017288884
10.130167,1788508082.059932232,car4,car2,0.800000000,-0.800000000,0.000000000,0.766125888,-0.819673426,0.000000000,1,0.039172684
10.130167,1788508082.059932232,car4,car5,0.800000000,0.000000000,0.000000000,0.772898167,-0.026227415,0.000000000,1,0.037714541
10.130167,1788508082.059932232,car5,car1,-0.800000000,-0.800000000,0.000000000,-0.766086400,-0.789663002,0.000000000,1,0.035453996
10.130167,1788508082.059932232,car5,car2,0.000000000,-0.800000000,0.000000000,-0.006772280,-0.793446012,0.000000000,1,0.009424359
10.130167,1788508082.059932232,car5,car4,-0.800000000,0.000000000,0.000000000,-0.772898167,0.026227415,0.000000000,1,0.037714541
10.332155,1788508082.259948254,car1,car2,0.800000000,0.000000000,0.000000000,0.795229465,-0.001342028,0.000000000,1,0.004955708
10.332155,1788508082.259948254,car1,car4,0.000000000,0.800000000,0.000000000,0.012782902,0.819404528,0.000000000,1,0.023236572
10.332155,1788508082.259948254,car1,car5,0.800000000,0.800000000,0.000000000,0.780571610,0.793423757,0.000000000,1,0.020511200
10.332155,1788508082.259948254,car2,car1,-0.800000000,0.000000000,0.000000000,-0.795229465,0.001342028,0.000000000,1,0.004955708
10.332155,1788508082.259948254,car2,car4,-0.800000000,0.800000000,0.000000000,-0.782446563,0.820746556,0.000000000,1,0.027176143
10.332155,1788508082.259948254,car2,car5,0.000000000,0.800000000,0.000000000,-0.014657855,0.794765785,0.000000000,1,0.015564373
10.332155,1788508082.259948254,car4,car1,0.000000000,-0.800000000,0.000000000,-0.012782902,-0.819404528,0.000000000,1,0.023236572
10.332155,1788508082.259948254,car4,car2,0.800000000,-0.800000000,0.000000000,0.782446563,-0.820746556,0.000000000,1,0.027176143
10.332155,1788508082.259948254,car4,car5,0.800000000,0.000000000,0.000000000,0.767788708,-0.025980771,0.000000000,1,0.041383182
10.332155,1788508082.259948254,car5,car1,-0.800000000,-0.800000000,0.000000000,-0.780571610,-0.793423757,0.000000000,1,0.020511200
10.332155,1788508082.259948254,car5,car2,0.000000000,-0.800000000,0.000000000,0.014657855,-0.794765785,0.000000000,1,0.015564373
10.332155,1788508082.259948254,car5,car4,-0.800000000,0.000000000,0.000000000,-0.767788708,0.025980771,0.000000000,1,0.041383182
10.534128,1788508082.459920168,car1,car2,0.800000000,0.000000000,0.000000000,0.854474694,-0.002537824,0.000000000,1,0.054533777
10.534128,1788508082.459920168,car1,car4,0.000000000,0.800000000,0.000000000,0.007627904,0.817775570,0.000000000,1,0.019343108
10.534128,1788508082.459920168,car1,car5,0.800000000,0.800000000,0.000000000,0.845936090,0.794057332,0.000000000,1,0.046318891
10.534128,1788508082.459920168,car2,car1,-0.800000000,0.000000000,0.000000000,-0.854474694,0.002537824,0.000000000,1,0.054533777
10.534128,1788508082.459920168,car2,car4,-0.800000000,0.800000000,0.000000000,-0.846846789,0.820313394,0.000000000,1,0.051061293
10.534128,1788508082.459920168,car2,car5,0.000000000,0.800000000,0.000000000,-0.008538604,0.796595156,0.000000000,1,0.009192427
10.534128,1788508082.459920168,car4,car1,0.000000000,-0.800000000,0.000000000,-0.007627904,-0.817775570,0.000000000,1,0.019343108
10.534128,1788508082.459920168,car4,car2,0.800000000,-0.800000000,0.000000000,0.846846789,-0.820313394,0.000000000,1,0.051061293
10.534128,1788508082.459920168,car4,car5,0.800000000,0.000000000,0.000000000,0.838308185,-0.023718238,0.000000000,1,0.045056319
10.534128,1788508082.459920168,car5,car1,-0.800000000,-0.800000000,0.000000000,-0.845936090,-0.794057332,0.000000000,1,0.046318891
10.534128,1788508082.459920168,car5,car2,0.000000000,-0.800000000,0.000000000,0.008538604,-0.796595156,0.000000000,1,0.009192427
10.534128,1788508082.459920168,car5,car4,-0.800000000,0.000000000,0.000000000,-0.838308185,0.023718238,0.000000000,1,0.045056319
10.735956,1788508082.659946680,car1,car2,0.800000000,0.000000000,0.000000000,0.783452064,-0.003254779,0.000000000,1,0.016864987
10.735956,1788508082.659946680,car1,car4,0.000000000,0.800000000,0.000000000,0.003776103,0.817401111,0.000000000,1,0.017806112
10.735956,1788508082.659946680,car1,car5,0.800000000,0.800000000,0.000000000,0.794443041,0.793356836,0.000000000,1,0.008660913
10.735956,1788508082.659946680,car2,car1,-0.800000000,0.000000000,0.000000000,-0.783452064,0.003254779,0.000000000,1,0.016864987
10.735956,1788508082.659946680,car2,car4,-0.800000000,0.800000000,0.000000000,-0.779675961,0.820655890,0.000000000,1,0.028978136
10.735956,1788508082.659946680,car2,car5,0.000000000,0.800000000,0.000000000,0.010990977,0.796611615,0.000000000,1,0.011501423
10.735956,1788508082.659946680,car4,car1,0.000000000,-0.800000000,0.000000000,-0.003776103,-0.817401111,0.000000000,1,0.017806112
10.735956,1788508082.659946680,car4,car2,0.800000000,-0.800000000,0.000000000,0.779675961,-0.820655890,0.000000000,1,0.028978136
10.735956,1788508082.659946680,car4,car5,0.800000000,0.000000000,0.000000000,0.790666938,-0.024044275,0.000000000,1,0.025792116
10.735956,1788508082.659946680,car5,car1,-0.800000000,-0.800000000,0.000000000,-0.794443041,-0.793356836,0.000000000,1,0.008660913
10.735956,1788508082.659946680,car5,car2,0.000000000,-0.800000000,0.000000000,-0.010990977,-0.796611615,0.000000000,1,0.011501423
10.735956,1788508082.659946680,car5,car4,-0.800000000,0.000000000,0.000000000,-0.790666938,0.024044275,0.000000000,1,0.025792116
10.938079,1788508082.850137234,car1,car2,0.800000000,0.000000000,0.000000000,0.752723277,-0.003123991,0.000000000,1,0.047379826
10.938079,1788508082.850137234,car1,car4,0.000000000,0.800000000,0.000000000,-0.006494880,0.819251470,0.000000000,1,0.020317543
10.938079,1788508082.850137234,car1,car5,0.800000000,0.800000000,0.000000000,0.742772251,0.793490224,0.000000000,1,0.057596809
10.938079,1788508082.850137234,car2,car1,-0.800000000,0.000000000,0.000000000,-0.752723277,0.003123991,0.000000000,1,0.047379826
10.938079,1788508082.850137234,car2,car4,-0.800000000,0.800000000,0.000000000,-0.759218156,0.822375461,0.000000000,1,0.046516879
10.938079,1788508082.850137234,car2,car5,0.000000000,0.800000000,0.000000000,-0.009951025,0.796614215,0.000000000,1,0.010511253
10.938079,1788508082.850137234,car4,car1,0.000000000,-0.800000000,0.000000000,0.006494880,-0.819251470,0.000000000,1,0.020317543
10.938079,1788508082.850137234,car4,car2,0.800000000,-0.800000000,0.000000000,0.759218156,-0.822375461,0.000000000,1,0.046516879
10.938079,1788508082.850137234,car4,car5,0.800000000,0.000000000,0.000000000,0.749267131,-0.025761247,0.000000000,1,0.056898733
10.938079,1788508082.850137234,car5,car1,-0.800000000,-0.800000000,0.000000000,-0.742772251,-0.793490224,0.000000000,1,0.057596809
10.938079,1788508082.850137234,car5,car2,0.000000000,-0.800000000,0.000000000,0.009951025,-0.796614215,0.000000000,1,0.010511253
10.938079,1788508082.850137234,car5,car4,-0.800000000,0.000000000,0.000000000,-0.749267131,0.025761247,0.000000000,1,0.056898733
11.141112,1788508083.059974909,car1,car2,0.800000000,0.000000000,0.000000000,0.830804467,-0.008133054,0.000000000,1,0.031860034
11.141112,1788508083.059974909,car1,car4,0.000000000,0.800000000,0.000000000,-0.004486918,0.815025389,0.000000000,1,0.015681032
11.141112,1788508083.059974909,car1,car5,0.800000000,0.800000000,0.000000000,0.821578175,0.795043588,0.000000000,1,0.022140092
11.141112,1788508083.059974909,car2,car1,-0.800000000,0.000000000,0.000000000,-0.830804467,0.008133054,0.000000000,1,0.031860034
11.141112,1788508083.059974909,car2,car4,-0.800000000,0.800000000,0.000000000,-0.835291386,0.823158443,0.000000000,1,0.042211318
11.141112,1788508083.059974909,car2,car5,0.000000000,0.800000000,0.000000000,-0.009226292,0.803176641,0.000000000,1,0.009757844
11.141112,1788508083.059974909,car4,car1,0.000000000,-0.800000000,0.000000000,0.004486918,-0.815025389,0.000000000,1,0.015681032
11.141112,1788508083.059974909,car4,car2,0.800000000,-0.800000000,0.000000000,0.835291386,-0.823158443,0.000000000,1,0.042211318
11.141112,1788508083.059974909,car4,car5,0.800000000,0.000000000,0.000000000,0.826065093,-0.019981802,0.000000000,1,0.032842982
11.141112,1788508083.059974909,car5,car1,-0.800000000,-0.800000000,0.000000000,-0.821578175,-0.795043588,0.000000000,1,0.022140092
11.141112,1788508083.059974909,car5,car2,0.000000000,-0.800000000,0.000000000,0.009226292,-0.803176641,0.000000000,1,0.009757844
11.141112,1788508083.059974909,car5,car4,-0.800000000,0.000000000,0.000000000,-0.826065093,0.019981802,0.000000000,1,0.032842982
11.342975,1788508083.270077944,car1,car2,0.800000000,0.000000000,0.000000000,0.807152152,-0.007724889,0.000000000,1,0.010527449
11.342975,1788508083.270077944,car1,car4,0.000000000,0.800000000,0.000000000,0.012834877,0.814785808,0.000000000,1,0.019579433
11.342975,1788508083.270077944,car1,car5,0.800000000,0.800000000,0.000000000,0.812712729,0.799842685,0.000000000,1,0.012713702
11.342975,1788508083.270077944,car2,car1,-0.800000000,0.000000000,0.000000000,-0.807152152,0.007724889,0.000000000,1,0.010527449
11.342975,1788508083.270077944,car2,car4,-0.800000000,0.800000000,0.000000000,-0.794317275,0.822510697,0.000000000,1,0.023216908
11.342975,1788508083.270077944,car2,car5,0.000000000,0.800000000,0.000000000,0.005560577,0.807567574,0.000000000,1,0.009390857
11.342975,1788508083.270077944,car4,car1,0.000000000,-0.800000000,0.000000000,-0.012834877,-0.814785808,0.000000000,1,0.019579433
11.342975,1788508083.270077944,car4,car2,0.800000000,-0.800000000,0.000000000,0.794317275,-0.822510697,0.000000000,1,0.023216908
11.342975,1788508083.270077944,car4,car5,0.800000000,0.000000000,0.000000000,0.799877852,-0.014943123,0.000000000,1,0.014943622
11.342975,1788508083.270077944,car5,car1,-0.800000000,-0.800000000,0.000000000,-0.812712729,-0.799842685,0.000000000,1,0.012713702
11.342975,1788508083.270077944,car5,car2,0.000000000,-0.800000000,0.000000000,-0.005560577,-0.807567574,0.000000000,1,0.009390857
11.342975,1788508083.270077944,car5,car4,-0.800000000,0.000000000,0.000000000,-0.799877852,0.014943123,0.000000000,1,0.014943622
11.545060,1788508083.470027447,car1,car2,0.800000000,0.000000000,0.000000000,0.756663084,-0.004188411,0.000000000,1,0.043538846
11.545060,1788508083.470027447,car1,car4,0.000000000,0.800000000,0.000000000,-0.010160059,0.809618674,0.000000000,1,0.013990914
11.545060,1788508083.470027447,car1,car5,0.800000000,0.800000000,0.000000000,0.746017575,0.801334165,0.000000000,1,0.053998909
11.545060,1788508083.470027447,car2,car1,-0.800000000,0.000000000,0.000000000,-0.756663084,0.004188411,0.000000000,1,0.043538846
11.545060,1788508083.470027447,car2,car4,-0.800000000,0.800000000,0.000000000,-0.766823143,0.813807085,0.000000000,1,0.035935212
11.545060,1788508083.470027447,car2,car5,0.000000000,0.800000000,0.000000000,-0.010645509,0.805522576,0.000000000,1,0.011992735
11.545060,1788508083.470027447,car4,car1,0.000000000,-0.800000000,0.000000000,0.010160059,-0.809618674,0.000000000,1,0.013990914
11.545060,1788508083.470027447,car4,car2,0.800000000,-0.800000000,0.000000000,0.766823143,-0.813807085,0.000000000,1,0.035935212
11.545060,1788508083.470027447,car4,car5,0.800000000,0.000000000,0.000000000,0.756177634,-0.008284509,0.000000000,1,0.044598575
11.545060,1788508083.470027447,car5,car1,-0.800000000,-0.800000000,0.000000000,-0.746017575,-0.801334165,0.000000000,1,0.053998909
11.545060,1788508083.470027447,car5,car2,0.000000000,-0.800000000,0.000000000,0.010645509,-0.805522576,0.000000000,1,0.011992735
11.545060,1788508083.470027447,car5,car4,-0.800000000,0.000000000,0.000000000,-0.756177634,0.008284509,0.000000000,1,0.044598575
11.747210,1788508083.669927597,car1,car2,0.800000000,0.000000000,0.000000000,0.813754380,-0.001366504,0.000000000,1,0.013822094
11.747210,1788508083.669927597,car1,car4,0.000000000,0.800000000,0.000000000,-0.005782783,0.810181350,0.000000000,1,0.011708990
11.747210,1788508083.669927597,car1,car5,0.800000000,0.800000000,0.000000000,0.809513777,0.799070686,0.000000000,1,0.009559058
11.747210,1788508083.669927597,car2,car1,-0.800000000,0.000000000,0.000000000,-0.813754380,0.001366504,0.000000000,1,0.013822094
11.747210,1788508083.669927597,car2,car4,-0.800000000,0.800000000,0.000000000,-0.819537163,0.811547853,0.000000000,1,0.022694793
11.747210,1788508083.669927597,car2,car5,0.000000000,0.800000000,0.000000000,-0.004240602,0.800437190,0.000000000,1,0.004263079
11.747210,1788508083.669927597,car4,car1,0.000000000,-0.800000000,0.000000000,0.005782783,-0.810181350,0.000000000,1,0.011708990
11.747210,1788508083.669927597,car4,car2,0.800000000,-0.800000000,0.000000000,0.819537163,-0.811547853,0.000000000,1,0.022694793
11.747210,1788508083.669927597,car4,car5,0.800000000,0.000000000,0.000000000,0.815296561,-0.011110663,0.000000000,1,0.018905862
11.747210,1788508083.669927597,car5,car1,-0.800000000,-0.800000000,0.000000000,-0.809513777,-0.799070686,0.000000000,1,0.009559058
11.747210,1788508083.669927597,car5,car2,0.000000000,-0.800000000,0.000000000,0.004240602,-0.800437190,0.000000000,1,0.004263079
11.747210,1788508083.669927597,car5,car4,-0.800000000,0.000000000,0.000000000,-0.815296561,0.011110663,0.000000000,1,0.018905862
11.950976,1788508083.879754066,car1,car2,0.800000000,0.000000000,0.000000000,0.830091894,0.003491387,0.000000000,1,0.030293759
11.950976,1788508083.879754066,car1,car4,0.000000000,0.800000000,0.000000000,0.016998649,0.811103001,0.000000000,1,0.020303465
11.950976,1788508083.879754066,car1,car5,0.800000000,0.800000000,0.000000000,0.838732362,0.796354845,0.000000000,1,0.038903509
11.950976,1788508083.879754066,car2,car1,-0.800000000,0.000000000,0.000000000,-0.830091894,-0.003491387,0.000000000,1,0.030293759
11.950976,1788508083.879754066,car2,car4,-0.800000000,0.800000000,0.000000000,-0.813093245,0.807611614,0.000000000,1,0.015144958
11.950976,1788508083.879754066,car2,car5,0.000000000,0.800000000,0.000000000,0.008640468,0.792863458,0.000000000,1,0.011206601
11.950976,1788508083.879754066,car4,car1,0.000000000,-0.800000000,0.000000000,-0.016998649,-0.811103001,0.000000000,1,0.020303465
11.950976,1788508083.879754066,car4,car2,0.800000000,-0.800000000,0.000000000,0.813093245,-0.807611614,0.000000000,1,0.015144958
11.950976,1788508083.879754066,car4,car5,0.800000000,0.000000000,0.000000000,0.821733713,-0.014748156,0.000000000,1,0.026265232
11.950976,1788508083.879754066,car5,car1,-0.800000000,-0.800000000,0.000000000,-0.838732362,-0.796354845,0.000000000,1,0.038903509
11.950976,1788508083.879754066,car5,car2,0.000000000,-0.800000000,0.000000000,-0.008640468,-0.792863458,0.000000000,1,0.011206601
11.950976,1788508083.879754066,car5,car4,-0.800000000,0.000000000,0.000000000,-0.821733713,0.014748156,0.000000000,1,0.026265232
12.152973,1788508084.079863071,car1,car2,0.800000000,0.000000000,0.000000000,0.770263195,-0.001977473,0.000000000,1,0.029802483
12.152973,1788508084.079863071,car1,car4,0.000000000,0.800000000,0.000000000,-0.002530187,0.804902107,0.000000000,1,0.005516566
12.152973,1788508084.079863071,car1,car5,0.800000000,0.800000000,0.000000000,0.756722599,0.791808933,0.000000000,1,0.044045738
12.152973,1788508084.079863071,car2,car1,-0.800000000,0.000000000,0.000000000,-0.770263195,0.001977473,0.000000000,1,0.029802483
12.152973,1788508084.079863071,car2,car4,-0.800000000,0.800000000,0.000000000,-0.772793382,0.806879580,0.000000000,1,0.028062941
12.152973,1788508084.079863071,car2,car5,0.000000000,0.800000000,0.000000000,-0.013540596,0.793786407,0.000000000,1,0.014898204
12.152973,1788508084.079863071,car4,car1,0.000000000,-0.800000000,0.000000000,0.002530187,-0.804902107,0.000000000,1,0.005516566
12.152973,1788508084.079863071,car4,car2,0.800000000,-0.800000000,0.000000000,0.772793382,-0.806879580,0.000000000,1,0.028062941
12.152973,1788508084.079863071,car4,car5,0.800000000,0.000000000,0.000000000,0.759252787,-0.013093174,0.000000000,1,0.042799142
12.152973,1788508084.079863071,car5,car1,-0.800000000,-0.800000000,0.000000000,-0.756722599,-0.791808933,0.000000000,1,0.044045738
12.152973,1788508084.079863071,car5,car2,0.000000000,-0.800000000,0.000000000,0.013540596,-0.793786407,0.000000000,1,0.014898204
12.152973,1788508084.079863071,car5,car4,-0.800000000,0.000000000,0.000000000,-0.759252787,0.013093174,0.000000000,1,0.042799142
12.354952,1788508084.279872179,car1,car2,0.800000000,0.000000000,0.000000000,0.797518104,-0.000869453,0.000000000,1,0.002629782
12.354952,1788508084.279872179,car1,car4,0.000000000,0.800000000,0.000000000,-0.019807220,0.803437084,0.000000000,1,0.020103221
12.354952,1788508084.279872179,car1,car5,0.800000000,0.800000000,0.000000000,0.790602237,0.795514554,0.000000000,1,0.010413317
12.354952,1788508084.279872179,car2,car1,-0.800000000,0.000000000,0.000000000,-0.797518104,0.000869453,0.000000000,1,0.002629782
12.354952,1788508084.279872179,car2,car4,-0.800000000,0.800000000,0.000000000,-0.817325324,0.804306537,0.000000000,1,0.017852538
12.354952,1788508084.279872179,car2,car5,0.000000000,0.800000000,0.000000000,-0.006915867,0.796384007,0.000000000,1,0.007804142
12.354952,1788508084.279872179,car4,car1,0.000000000,-0.800000000,0.000000000,0.019807220,-0.803437084,0.000000000,1,0.020103221
12.354952,1788508084.279872179,car4,car2,0.800000000,-0.800000000,0.000000000,0.817325324,-0.804306537,0.000000000,1,0.017852538
12.354952,1788508084.279872179,car4,car5,0.800000000,0.000000000,0.000000000,0.810409456,-0.007922530,0.000000000,1,0.013081409
12.354952,1788508084.279872179,car5,car1,-0.800000000,-0.800000000,0.000000000,-0.790602237,-0.795514554,0.000000000,1,0.010413317
12.354952,1788508084.279872179,car5,car2,0.000000000,-0.800000000,0.000000000,0.006915867,-0.796384007,0.000000000,1,0.007804142
12.354952,1788508084.279872179,car5,car4,-0.800000000,0.000000000,0.000000000,-0.810409456,0.007922530,0.000000000,1,0.013081409
12.557316,1788508084.470300198,car1,car2,0.800000000,0.000000000,0.000000000,0.845797926,0.000961952,0.000000000,1,0.045808028
12.557316,1788508084.470300198,car1,car4,0.000000000,0.800000000,0.000000000,0.022131711,0.800786644,0.000000000,1,0.022145687
12.557316,1788508084.470300198,car1,car5,0.800000000,0.800000000,0.000000000,0.856017619,0.798923403,0.000000000,1,0.056027964
12.557316,1788508084.470300198,car2,car1,-0.800000000,0.000000000,0.000000000,-0.845797926,-0.000961952,0.000000000,1,0.045808028
12.557316,1788508084.470300198,car2,car4,-0.800000000,0.800000000,0.000000000,-0.823666215,0.799824692,0.000000000,1,0.023666864
12.557316,1788508084.470300198,car2,car5,0.000000000,0.800000000,0.000000000,0.010219693,0.797961451,0.000000000,1,0.010421027
12.557316,1788508084.470300198,car4,car1,0.000000000,-0.800000000,0.000000000,-0.022131711,-0.800786644,0.000000000,1,0.022145687
12.557316,1788508084.470300198,car4,car2,0.800000000,-0.800000000,0.000000000,0.823666215,-0.799824692,0.000000000,1,0.023666864
12.557316,1788508084.470300198,car4,car5,0.800000000,0.000000000,0.000000000,0.833885908,-0.001863241,0.000000000,1,0.033937095
12.557316,1788508084.470300198,car5,car1,-0.800000000,-0.800000000,0.000000000,-0.856017619,-0.798923403,0.000000000,1,0.056027964
12.557316,1788508084.470300198,car5,car2,0.000000000,-0.800000000,0.000000000,-0.010219693,-0.797961451,0.000000000,1,0.010421027
12.557316,1788508084.470300198,car5,car4,-0.800000000,0.000000000,0.000000000,-0.833885908,0.001863241,0.000000000,1,0.033937095
12.760147,1788508084.689797878,car1,car2,0.800000000,0.000000000,0.000000000,0.770061642,0.002352297,0.000000000,1,0.030030627
12.760147,1788508084.689797878,car1,car4,0.000000000,0.800000000,0.000000000,0.017344579,0.803972721,0.000000000,1,0.017793733
12.760147,1788508084.689797878,car1,car5,0.800000000,0.800000000,0.000000000,0.770326763,0.800485253,0.000000000,1,0.029677204
12.760147,1788508084.689797878,car2,car1,-0.800000000,0.000000000,0.000000000,-0.770061642,-0.002352297,0.000000000,1,0.030030627
12.760147,1788508084.689797878,car2,car4,-0.800000000,0.800000000,0.000000000,-0.752717063,0.801620424,0.000000000,1,0.047310696
12.760147,1788508084.689797878,car2,car5,0.000000000,0.800000000,0.000000000,0.000265121,0.798132956,0.000000000,1,0.001885774
12.760147,1788508084.689797878,car4,car1,0.000000000,-0.800000000,0.000000000,-0.017344579,-0.803972721,0.000000000,1,0.017793733
12.760147,1788508084.689797878,car4,car2,0.800000000,-0.800000000,0.000000000,0.752717063,-0.801620424,0.000000000,1,0.047310696
12.760147,1788508084.689797878,car4,car5,0.800000000,0.000000000,0.000000000,0.752982184,-0.003487468,0.000000000,1,0.047146977
12.760147,1788508084.689797878,car5,car1,-0.800000000,-0.800000000,0.000000000,-0.770326763,-0.800485253,0.000000000,1,0.029677204
12.760147,1788508084.689797878,car5,car2,0.000000000,-0.800000000,0.000000000,-0.000265121,-0.798132956,0.000000000,1,0.001885774
12.760147,1788508084.689797878,car5,car4,-0.800000000,0.000000000,0.000000000,-0.752982184,0.003487468,0.000000000,1,0.047146977
12.962478,1788508084.879855633,car1,car2,0.800000000,0.000000000,0.000000000,0.772578090,0.006538875,0.000000000,1,0.028190743
12.962478,1788508084.879855633,car1,car4,0.000000000,0.800000000,0.000000000,-0.029062852,0.809006885,0.000000000,1,0.030426524
12.962478,1788508084.879855633,car1,car5,0.800000000,0.800000000,0.000000000,0.772650510,0.805670097,0.000000000,1,0.027931069
12.962478,1788508084.879855633,car2,car1,-0.800000000,0.000000000,0.000000000,-0.772578090,-0.006538875,0.000000000,1,0.028190743
12.962478,1788508084.879855633,car2,car4,-0.800000000,0.800000000,0.000000000,-0.801640943,0.802468009,0.000000000,1,0.002963741
12.962478,1788508084.879855633,car2,car5,0.000000000,0.800000000,0.000000000,0.000072420,0.799131222,0.000000000,1,0.000871791
12.962478,1788508084.879855633,car4,car1,0.000000000,-0.800000000,0.000000000,0.029062852,-0.809006885,0.000000000,1,0.030426524
12.962478,1788508084.879855633,car4,car2,0.800000000,-0.800000000,0.000000000,0.801640943,-0.802468009,0.000000000,1,0.002963741
12.962478,1788508084.879855633,car4,car5,0.800000000,0.000000000,0.000000000,0.801713362,-0.003336787,0.000000000,1,0.003750968
12.962478,1788508084.879855633,car5,car1,-0.800000000,-0.800000000,0.000000000,-0.772650510,-0.805670097,0.000000000,1,0.027931069
12.962478,1788508084.879855633,car5,car2,0.000000000,-0.800000000,0.000000000,-0.000072420,-0.799131222,0.000000000,1,0.000871791
12.962478,1788508084.879855633,car5,car4,-0.800000000,0.000000000,0.000000000,-0.801713362,0.003336787,0.000000000,1,0.003750968
13.164248,1788508085.080096483,car1,car2,0.800000000,0.000000000,0.000000000,0.848782793,0.007564880,0.000000000,1,0.049365861
13.164248,1788508085.080096483,car1,car4,0.000000000,0.800000000,0.000000000,0.015603825,0.806767233,0.000000000,1,0.017008081
13.164248,1788508085.080096483,car1,car5,0.800000000,0.800000000,0.000000000,0.855485156,0.805109628,0.000000000,1,0.055719932
13.164248,1788508085.080096483,car2,car1,-0.800000000,0.000000000,0.000000000,-0.848782793,-0.007564880,0.000000000,1,0.049365861
13.164248,1788508085.080096483,car2,car4,-0.800000000,0.800000000,0.000000000,-0.833178967,0.799202353,0.000000000,1,0.033188554
13.164248,1788508085.080096483,car2,car5,0.000000000,0.800000000,0.000000000,0.006702363,0.797544748,0.000000000,1,0.007137923
13.164248,1788508085.080096483,car4,car1,0.000000000,-0.800000000,0.000000000,-0.015603825,-0.806767233,0.000000000,1,0.017008081
13.164248,1788508085.080096483,car4,car2,0.800000000,-0.800000000,0.000000000,0.833178967,-0.799202353,0.000000000,1,0.033188554
13.164248,1788508085.080096483,car4,car5,0.800000000,0.000000000,0.000000000,0.839881331,-0.001657605,0.000000000,1,0.039915764
13.164248,1788508085.080096483,car5,car1,-0.800000000,-0.800000000,0.000000000,-0.855485156,-0.805109628,0.000000000,1,0.055719932
13.164248,1788508085.080096483,car5,car2,0.000000000,-0.800000000,0.000000000,-0.006702363,-0.797544748,0.000000000,1,0.007137923
13.164248,1788508085.080096483,car5,car4,-0.800000000,0.000000000,0.000000000,-0.839881331,0.001657605,0.000000000,1,0.039915764
13.366123,1788508085.289768934,car1,car2,0.800000000,0.000000000,0.000000000,0.818566322,0.006524496,0.000000000,1,0.019679364
13.366123,1788508085.289768934,car1,car4,0.000000000,0.800000000,0.000000000,0.031728372,0.805095717,0.000000000,1,0.032134964
13.366123,1788508085.289768934,car1,car5,0.800000000,0.800000000,0.000000000,0.814154446,0.803748414,0.000000000,1,0.014642368
13.366123,1788508085.289768934,car2,car1,-0.800000000,0.000000000,0.000000000,-0.818566322,-0.006524496,0.000000000,1,0.019679364
13.366123,1788508085.289768934,car2,car4,-0.800000000,0.800000000,0.000000000,-0.786837950,0.798571222,0.000000000,1,0.013239372
13.366123,1788508085.289768934,car2,car5,0.000000000,0.800000000,0.000000000,-0.004411876,0.797223918,0.000000000,1,0.005212608
13.366123,1788508085.289768934,car4,car1,0.000000000,-0.800000000,0.000000000,-0.031728372,-0.805095717,0.000000000,1,0.032134964
13.366123,1788508085.289768934,car4,car2,0.800000000,-0.800000000,0.000000000,0.786837950,-0.798571222,0.000000000,1,0.013239372
13.366123,1788508085.289768934,car4,car5,0.800000000,0.000000000,0.000000000,0.782426074,-0.001347303,0.000000000,1,0.017625496
13.366123,1788508085.289768934,car5,car1,-0.800000000,-0.800000000,0.000000000,-0.814154446,-0.803748414,0.000000000,1,0.014642368
13.366123,1788508085.289768934,car5,car2,0.000000000,-0.800000000,0.000000000,0.004411876,-0.797223918,0.000000000,1,0.005212608
13.366123,1788508085.289768934,car5,car4,-0.800000000,0.000000000,0.000000000,-0.782426074,0.001347303,0.000000000,1,0.017625496
13.567980,1788508085.489876509,car1,car2,0.800000000,0.000000000,0.000000000,0.749164037,0.004956715,0.000000000,1,0.051077041
13.567980,1788508085.489876509,car1,car4,0.000000000,0.800000000,0.000000000,-0.010307588,0.804078788,0.000000000,1,0.011085255
13.567980,1788508085.489876509,car1,car5,0.800000000,0.800000000,0.000000000,0.752086930,0.804260522,0.000000000,1,0.048102124
13.567980,1788508085.489876509,car2,car1,-0.800000000,0.000000000,0.000000000,-0.749164037,-0.004956715,0.000000000,1,0.051077041
13.567980,1788508085.489876509,car2,car4,-0.800000000,0.800000000,0.000000000,-0.759471625,0.799122073,0.000000000,1,0.040537883
13.567980,1788508085.489876509,car2,car5,0.000000000,0.800000000,0.000000000,0.002922893,0.799303807,0.000000000,1,0.003004661
13.567980,1788508085.489876509,car4,car1,0.000000000,-0.800000000,0.000000000,0.010307588,-0.804078788,0.000000000,1,0.011085255
13.567980,1788508085.489876509,car4,car2,0.800000000,-0.800000000,0.000000000,0.759471625,-0.799122073,0.000000000,1,0.040537883
13.567980,1788508085.489876509,car4,car5,0.800000000,0.000000000,0.000000000,0.762394518,0.000181735,0.000000000,1,0.037605921
13.567980,1788508085.489876509,car5,car1,-0.800000000,-0.800000000,0.000000000,-0.752086930,-0.804260522,0.000000000,1,0.048102124
13.567980,1788508085.489876509,car5,car2,0.000000000,-0.800000000,0.000000000,-0.002922893,-0.799303807,0.000000000,1,0.003004661
13.567980,1788508085.489876509,car5,car4,-0.800000000,0.000000000,0.000000000,-0.762394518,-0.000181735,0.000000000,1,0.037605921
13.771179,1788508085.700034142,car1,car2,0.800000000,0.000000000,0.000000000,0.813192129,0.001897037,0.000000000,1,0.013327829
13.771179,1788508085.700034142,car1,car4,0.000000000,0.800000000,0.000000000,-0.017678991,0.802177273,0.000000000,1,0.017812558
13.771179,1788508085.700034142,car1,car5,0.800000000,0.800000000,0.000000000,0.824057817,0.806417964,0.000000000,1,0.024899174
13.771179,1788508085.700034142,car2,car1,-0.800000000,0.000000000,0.000000000,-0.813192129,-0.001897037,0.000000000,1,0.013327829
13.771179,1788508085.700034142,car2,car4,-0.800000000,0.800000000,0.000000000,-0.830871120,0.800280236,0.000000000,1,0.030872392
13.771179,1788508085.700034142,car2,car5,0.000000000,0.800000000,0.000000000,0.010865688,0.804520927,0.000000000,1,0.011768686
13.771179,1788508085.700034142,car4,car1,0.000000000,-0.800000000,0.000000000,0.017678991,-0.802177273,0.000000000,1,0.017812558
13.771179,1788508085.700034142,car4,car2,0.800000000,-0.800000000,0.000000000,0.830871120,-0.800280236,0.000000000,1,0.030872392
13.771179,1788508085.700034142,car4,car5,0.800000000,0.000000000,0.000000000,0.841736808,0.004240692,0.000000000,1,0.041951694
13.771179,1788508085.700034142,car5,car1,-0.800000000,-0.800000000,0.000000000,-0.824057817,-0.806417964,0.000000000,1,0.024899174
13.771179,1788508085.700034142,car5,car2,0.000000000,-0.800000000,0.000000000,-0.010865688,-0.804520927,0.000000000,1,0.011768686
13.771179,1788508085.700034142,car5,car4,-0.800000000,0.000000000,0.000000000,-0.841736808,-0.004240692,0.000000000,1,0.041951694
13.973110,1788508085.899798393,car1,car2,0.800000000,0.000000000,0.000000000,0.832168885,0.002364725,0.000000000,1,0.032255683
13.973110,1788508085.899798393,car1,car4,0.000000000,0.800000000,0.000000000,0.019475028,0.802165814,0.000000000,1,0.019595088
13.973110,1788508085.899798393,car1,car5,0.800000000,0.800000000,0.000000000,0.823947199,0.813782580,0.000000000,1,0.027630198
13.973110,1788508085.899798393,car2,car1,-0.800000000,0.000000000,0.000000000,-0.832168885,-0.002364725,0.000000000,1,0.032255683
13.973110,1788508085.899798393,car2,car4,-0.800000000,0.800000000,0.000000000,-0.812693857,0.799801089,0.000000000,1,0.012695415
13.973110,1788508085.899798393,car2,car5,0.000000000,0.800000000,0.000000000,-0.008221686,0.811417855,0.000000000,1,0.014069952
13.973110,1788508085.899798393,car4,car1,0.000000000,-0.800000000,0.000000000,-0.019475028,-0.802165814,0.000000000,1,0.019595088
13.973110,1788508085.899798393,car4,car2,0.800000000,-0.800000000,0.000000000,0.812693857,-0.799801089,0.000000000,1,0.012695415
13.973110,1788508085.899798393,car4,car5,0.800000000,0.000000000,0.000000000,0.804472171,0.011616766,0.000000000,1,0.012447874
13.973110,1788508085.899798393,car5,car1,-0.800000000,-0.800000000,0.000000000,-0.823947199,-0.813782580,0.000000000,1,0.027630198
13.973110,1788508085.899798393,car5,car2,0.000000000,-0.800000000,0.000000000,0.008221686,-0.811417855,0.000000000,1,0.014069952
13.973110,1788508085.899798393,car5,car4,-0.800000000,0.000000000,0.000000000,-0.804472171,-0.011616766,0.000000000,1,0.012447874
14.175009,1788508086.099842787,car1,car2,0.800000000,0.000000000,0.000000000,0.755419150,0.002781510,0.000000000,1,0.044667538
14.175009,1788508086.099842787,car1,car4,0.000000000,0.800000000,0.000000000,-0.015418790,0.804346643,0.000000000,1,0.016019750
14.175009,1788508086.099842787,car1,car5,0.800000000,0.800000000,0.000000000,0.757593706,0.810724400,0.000000000,1,0.043741359
14.175009,1788508086.099842787,car2,car1,-0.800000000,0.000000000,0.000000000,-0.755419150,-0.002781510,0.000000000,1,0.044667538
14.175009,1788508086.099842787,car2,car4,-0.800000000,0.800000000,0.000000000,-0.770837940,0.801565133,0.000000000,1,0.029204030
14.175009,1788508086.099842787,car2,car5,0.000000000,0.800000000,0.000000000,0.002174556,0.807942890,0.000000000,1,0.008235180
14.175009,1788508086.099842787,car4,car1,0.000000000,-0.800000000,0.000000000,0.015418790,-0.804346643,0.000000000,1,0.016019750
14.175009,1788508086.099842787,car4,car2,0.800000000,-0.800000000,0.000000000,0.770837940,-0.801565133,0.000000000,1,0.029204030
14.175009,1788508086.099842787,car4,car5,0.800000000,0.000000000,0.000000000,0.773012497,0.006377757,0.000000000,1,0.027730869
14.175009,1788508086.099842787,car5,car1,-0.800000000,-0.800000000,0.000000000,-0.757593706,-0.810724400,0.000000000,1,0.043741359
14.175009,1788508086.099842787,car5,car2,0.000000000,-0.800000000,0.000000000,-0.002174556,-0.807942890,0.000000000,1,0.008235180
14.175009,1788508086.099842787,car5,car4,-0.800000000,0.000000000,0.000000000,-0.773012497,-0.006377757,0.000000000,1,0.027730869
14.377873,1788508086.299817562,car1,car2,0.800000000,0.000000000,0.000000000,0.779033199,0.004241504,0.000000000,1,0.021391519
14.377873,1788508086.299817562,car1,car4,0.000000000,0.800000000,0.000000000,-0.039673939,0.802597508,0.000000000,1,0.039758880
14.377873,1788508086.299817562,car1,car5,0.800000000,0.800000000,0.000000000,0.794046476,0.810144469,0.000000000,1,0.011762427
14.377873,1788508086.299817562,car2,car1,-0.800000000,0.000000000,0.000000000,-0.779033199,-0.004241504,0.000000000,1,0.021391519
14.377873,1788508086.299817562,car2,car4,-0.800000000,0.800000000,0.000000000,-0.818707138,0.798356004,0.000000000,1,0.018779237
14.377873,1788508086.299817562,car2,car5,0.000000000,0.800000000,0.000000000,0.015013278,0.805902965,0.000000000,1,0.016132064
14.377873,1788508086.299817562,car4,car1,0.000000000,-0.800000000,0.000000000,0.039673939,-0.802597508,0.000000000,1,0.039758880
14.377873,1788508086.299817562,car4,car2,0.800000000,-0.800000000,0.000000000,0.818707138,-0.798356004,0.000000000,1,0.018779237
14.377873,1788508086.299817562,car4,car5,0.800000000,0.000000000,0.000000000,0.833720416,0.007546961,0.000000000,1,0.034554639
14.377873,1788508086.299817562,car5,car1,-0.800000000,-0.800000000,0.000000000,-0.794046476,-0.810144469,0.000000000,1,0.011762427
14.377873,1788508086.299817562,car5,car2,0.000000000,-0.800000000,0.000000000,-0.015013278,-0.805902965,0.000000000,1,0.016132064
14.377873,1788508086.299817562,car5,car4,-0.800000000,0.000000000,0.000000000,-0.833720416,-0.007546961,0.000000000,1,0.034554639
14.580357,1788508086.499842644,car1,car2,0.800000000,0.000000000,0.000000000,0.844277903,0.007773519,0.000000000,1,0.044955092
14.580357,1788508086.499842644,car1,car4,0.000000000,0.800000000,0.000000000,0.016454957,0.805630937,0.000000000,1,0.017391753
14.580357,1788508086.499842644,car1,car5,0.800000000,0.800000000,0.000000000,0.839003369,0.812372759,0.000000000,1,0.040918797
14.580357,1788508086.499842644,car2,car1,-0.800000000,0.000000000,0.000000000,-0.844277903,-0.007773519,0.000000000,1,0.044955092
14.580357,1788508086.499842644,car2,car4,-0.800000000,0.800000000,0.000000000,-0.827822946,0.797857419,0.000000000,1,0.027905322
14.580357,1788508086.499842644,car2,car5,0.000000000,0.800000000,0.000000000,-0.005274534,0.804599240,0.000000000,1,0.006998123
14.580357,1788508086.499842644,car4,car1,0.000000000,-0.800000000,0.000000000,-0.016454957,-0.805630937,0.000000000,1,0.017391753
14.580357,1788508086.499842644,car4,car2,0.800000000,-0.800000000,0.000000000,0.827822946,-0.797857419,0.000000000,1,0.027905322
14.580357,1788508086.499842644,car4,car5,0.800000000,0.000000000,0.000000000,0.822548412,0.006741822,0.000000000,1,0.023534720
14.580357,1788508086.499842644,car5,car1,-0.800000000,-0.800000000,0.000000000,-0.839003369,-0.812372759,0.000000000,1,0.040918797
14.580357,1788508086.499842644,car5,car2,0.000000000,-0.800000000,0.000000000,0.005274534,-0.804599240,0.000000000,1,0.006998123
14.580357,1788508086.499842644,car5,car4,-0.800000000,0.000000000,0.000000000,-0.822548412,-0.006741822,0.000000000,1,0.023534720
14.782283,1788508086.709739208,car1,car2,0.800000000,0.000000000,0.000000000,0.788386986,0.012034774,0.000000000,1,0.016724171
14.782283,1788508086.709739208,car1,car4,0.000000000,0.800000000,0.000000000,0.026301797,0.807074383,0.000000000,1,0.027236582
14.782283,1788508086.709739208,car1,car5,0.800000000,0.800000000,0.000000000,0.778175399,0.809251025,0.000000000,1,0.023704318
14.782283,1788508086.709739208,car2,car1,-0.800000000,0.000000000,0.000000000,-0.788386986,-0.012034774,0.000000000,1,0.016724171
14.782283,1788508086.709739208,car2,car4,-0.800000000,0.800000000,0.000000000,-0.762085189,0.795039609,0.000000000,1,0.038237918
14.782283,1788508086.709739208,car2,car5,0.000000000,0.800000000,0.000000000,-0.010211587,0.797216251,0.000000000,1,0.010584222
14.782283,1788508086.709739208,car4,car1,0.000000000,-0.800000000,0.000000000,-0.026301797,-0.807074383,0.000000000,1,0.027236582
14.782283,1788508086.709739208,car4,car2,0.800000000,-0.800000000,0.000000000,0.762085189,-0.795039609,0.000000000,1,0.038237918
14.782283,1788508086.709739208,car4,car5,0.800000000,0.000000000,0.000000000,0.751873602,0.002176642,0.000000000,1,0.048175595
14.782283,1788508086.709739208,car5,car1,-0.800000000,-0.800000000,0.000000000,-0.778175399,-0.809251025,0.000000000,1,0.023704318
14.782283,1788508086.709739208,car5,car2,0.000000000,-0.800000000,0.000000000,0.010211587,-0.797216251,0.000000000,1,0.010584222
14.782283,1788508086.709739208,car5,car4,-0.800000000,0.000000000,0.000000000,-0.751873602,-0.002176642,0.000000000,1,0.048175595
14.984147,1788508086.899918318,car1,car2,0.800000000,0.000000000,0.000000000,0.758546134,0.008649155,0.000000000,1,0.042346557
14.984147,1788508086.899918318,car1,car4,0.000000000,0.800000000,0.000000000,-0.048368629,0.802247055,0.000000000,1,0.048420796
14.984147,1788508086.899918318,car1,car5,0.800000000,0.800000000,0.000000000,0.763279220,0.805012532,0.000000000,1,0.037061316
14.984147,1788508086.899918318,car2,car1,-0.800000000,0.000000000,0.000000000,-0.758546134,-0.008649155,0.000000000,1,0.042346557
14.984147,1788508086.899918318,car2,car4,-0.800000000,0.800000000,0.000000000,-0.806914764,0.793597899,0.000000000,1,0.009423420
14.984147,1788508086.899918318,car2,car5,0.000000000,0.800000000,0.000000000,0.004733086,0.796363376,0.000000000,1,0.005968847
14.984147,1788508086.899918318,car4,car1,0.000000000,-0.800000000,0.000000000,0.048368629,-0.802247055,0.000000000,1,0.048420796
14.984147,1788508086.899918318,car4,car2,0.800000000,-0.800000000,0.000000000,0.806914764,-0.793597899,0.000000000,1,0.009423420
14.984147,1788508086.899918318,car4,car5,0.800000000,0.000000000,0.000000000,0.811647849,0.002765477,0.000000000,1,0.011971644
14.984147,1788508086.899918318,car5,car1,-0.800000000,-0.800000000,0.000000000,-0.763279220,-0.805012532,0.000000000,1,0.037061316
14.984147,1788508086.899918318,car5,car2,0.000000000,-0.800000000,0.000000000,-0.004733086,-0.796363376,0.000000000,1,0.005968847
14.984147,1788508086.899918318,car5,car4,-0.800000000,0.000000000,0.000000000,-0.811647849,-0.002765477,0.000000000,1,0.011971644
15.185973,1788508087.109903336,car1,car2,0.800000000,0.000000000,0.000000000,0.830869447,0.006033041,0.000000000,1,0.031453463
15.185973,1788508087.109903336,car1,car4,0.000000000,0.800000000,0.000000000,0.001806008,0.801493533,0.000000000,1,0.002343567
15.185973,1788508087.109903336,car1,car5,0.800000000,0.800000000,0.000000000,0.827320944,0.805388637,0.000000000,1,0.027847287
15.185973,1788508087.109903336,car2,car1,-0.800000000,0.000000000,0.000000000,-0.830869447,-0.006033041,0.000000000,1,0.031453463
15.185973,1788508087.109903336,car2,car4,-0.800000000,0.800000000,0.000000000,-0.829063439,0.795460492,0.000000000,1,0.029415822
15.185973,1788508087.109903336,car2,car5,0.000000000,0.800000000,0.000000000,-0.003548503,0.799355596,0.000000000,1,0.003606540
15.185973,1788508087.109903336,car4,car1,0.000000000,-0.800000000,0.000000000,-0.001806008,-0.801493533,0.000000000,1,0.002343567
15.185973,1788508087.109903336,car4,car2,0.800000000,-0.800000000,0.000000000,0.829063439,-0.795460492,0.000000000,1,0.029415822
15.185973,1788508087.109903336,car4,car5,0.800000000,0.000000000,0.000000000,0.825514936,0.003895104,0.000000000,1,0.025810536
15.185973,1788508087.109903336,car5,car1,-0.800000000,-0.800000000,0.000000000,-0.827320944,-0.805388637,0.000000000,1,0.027847287
15.185973,1788508087.109903336,car5,car2,0.000000000,-0.800000000,0.000000000,0.003548503,-0.799355596,0.000000000,1,0.003606540
15.185973,1788508087.109903336,car5,car4,-0.800000000,0.000000000,0.000000000,-0.825514936,-0.003895104,0.000000000,1,0.025810536
15.387860,1788508087.309782982,car1,car2,0.800000000,0.000000000,0.000000000,0.822565733,0.003610238,0.000000000,1,0.022852705
15.387860,1788508087.309782982,car1,car4,0.000000000,0.800000000,0.000000000,0.038436366,0.800013863,0.000000000,1,0.038436369
15.387860,1788508087.309782982,car1,car5,0.800000000,0.800000000,0.000000000,0.794963835,0.802749239,0.000000000,1,0.005737706
15.387860,1788508087.309782982,car2,car1,-0.800000000,0.000000000,0.000000000,-0.822565733,-0.003610238,0.000000000,1,0.022852705
15.387860,1788508087.309782982,car2,car4,-0.800000000,0.800000000,0.000000000,-0.784129366,0.796403624,0.000000000,1,0.016273012
15.387860,1788508087.309782982,car2,car5,0.000000000,0.800000000,0.000000000,-0.027601898,0.799139000,0.000000000,1,0.027615323
15.387860,1788508087.309782982,car4,car1,0.000000000,-0.800000000,0.000000000,-0.038436366,-0.800013863,0.000000000,1,0.038436369
15.387860,1788508087.309782982,car4,car2,0.800000000,-0.800000000,0.000000000,0.784129366,-0.796403624,0.000000000,1,0.016273012
15.387860,1788508087.309782982,car4,car5,0.800000000,0.000000000,0.000000000,0.756527469,0.002735376,0.000000000,1,0.043558504
15.387860,1788508087.309782982,car5,car1,-0.800000000,-0.800000000,0.000000000,-0.794963835,-0.802749239,0.000000000,1,0.005737706
15.387860,1788508087.309782982,car5,car2,0.000000000,-0.800000000,0.000000000,0.027601898,-0.799139000,0.000000000,1,0.027615323
15.387860,1788508087.309782982,car5,car4,-0.800000000,0.000000000,0.000000000,-0.756527469,-0.002735376,0.000000000,1,0.043558504
15.590649,1788508087.519818544,car1,car2,0.800000000,0.000000000,0.000000000,0.759445757,-0.000599310,0.000000000,1,0.040558671
15.590649,1788508087.519818544,car1,car4,0.000000000,0.800000000,0.000000000,-0.033218171,0.798809186,0.000000000,1,0.033239509
15.590649,1788508087.519818544,car1,car5,0.800000000,0.800000000,0.000000000,0.762999922,0.799513474,0.000000000,1,0.037003277
15.590649,1788508087.519818544,car2,car1,-0.800000000,0.000000000,0.000000000,-0.759445757,0.000599310,0.000000000,1,0.040558671
15.590649,1788508087.519818544,car2,car4,-0.800000000,0.800000000,0.000000000,-0.792663928,0.799408495,0.000000000,1,0.007359880
15.590649,1788508087.519818544,car2,car5,0.000000000,0.800000000,0.000000000,0.003554165,0.800112784,0.000000000,1,0.003555954
15.590649,1788508087.519818544,car4,car1,0.000000000,-0.800000000,0.000000000,0.033218171,-0.798809186,0.000000000,1,0.033239509
15.590649,1788508087.519818544,car4,car2,0.800000000,-0.800000000,0.000000000,0.792663928,-0.799408495,0.000000000,1,0.007359880
15.590649,1788508087.519818544,car4,car5,0.800000000,0.000000000,0.000000000,0.796218093,0.000704288,0.000000000,1,0.003846926
15.590649,1788508087.519818544,car5,car1,-0.800000000,-0.800000000,0.000000000,-0.762999922,-0.799513474,0.000000000,1,0.037003277
15.590649,1788508087.519818544,car5,car2,0.000000000,-0.800000000,0.000000000,-0.003554165,-0.800112784,0.000000000,1,0.003555954
15.590649,1788508087.519818544,car5,car4,-0.800000000,0.000000000,0.000000000,-0.796218093,-0.000704288,0.000000000,1,0.003846926
15.792433,1788508087.709876060,car1,car2,0.800000000,0.000000000,0.000000000,0.800318651,-0.000488997,0.000000000,1,0.000583657
15.792433,1788508087.709876060,car1,car4,0.000000000,0.800000000,0.000000000,-0.007218353,0.798427358,0.000000000,1,0.007387681
15.792433,1788508087.709876060,car1,car5,0.800000000,0.800000000,0.000000000,0.825825326,0.800440267,0.000000000,1,0.025829079
15.792433,1788508087.709876060,car2,car1,-0.800000000,0.000000000,0.000000000,-0.800318651,0.000488997,0.000000000,1,0.000583657
15.792433,1788508087.709876060,car2,car4,-0.800000000,0.800000000,0.000000000,-0.807537004,0.798916355,0.000000000,1,0.007614507
15.792433,1788508087.709876060,car2,car5,0.000000000,0.800000000,0.000000000,0.025506675,0.800929263,0.000000000,1,0.025523597
15.792433,1788508087.709876060,car4,car1,0.000000000,-0.800000000,0.000000000,0.007218353,-0.798427358,0.000000000,1,0.007387681
15.792433,1788508087.709876060,car4,car2,0.800000000,-0.800000000,0.000000000,0.807537004,-0.798916355,0.000000000,1,0.007614507
15.792433,1788508087.709876060,car4,car5,0.800000000,0.000000000,0.000000000,0.833043680,0.002012908,0.000000000,1,0.033104933
15.792433,1788508087.709876060,car5,car1,-0.800000000,-0.800000000,0.000000000,-0.825825326,-0.800440267,0.000000000,1,0.025829079
15.792433,1788508087.709876060,car5,car2,0.000000000,-0.800000000,0.000000000,-0.025506675,-0.800929263,0.000000000,1,0.025523597
15.792433,1788508087.709876060,car5,car4,-0.800000000,0.000000000,0.000000000,-0.833043680,-0.002012908,0.000000000,1,0.033104933
15.994411,1788508087.910525322,car1,car2,0.800000000,0.000000000,0.000000000,0.836667106,0.001284048,0.000000000,1,0.036689582
15.994411,1788508087.910525322,car1,car4,0.000000000,0.800000000,0.000000000,0.031340256,0.800624862,0.000000000,1,0.031346485
15.994411,1788508087.910525322,car1,car5,0.800000000,0.800000000,0.000000000,0.814280912,0.800066367,0.000000000,1,0.014281066
15.994411,1788508087.910525322,car2,car1,-0.800000000,0.000000000,0.000000000,-0.836667106,-0.001284048,0.000000000,1,0.036689582
15.994411,1788508087.910525322,car2,car4,-0.800000000,0.800000000,0.000000000,-0.805326849,0.799340814,0.000000000,1,0.005367481
15.994411,1788508087.910525322,car2,car5,0.000000000,0.800000000,0.000000000,-0.022386193,0.798782319,0.000000000,1,0.022419286
15.994411,1788508087.910525322,car4,car1,0.000000000,-0.800000000,0.000000000,-0.031340256,-0.800624862,0.000000000,1,0.031346485
15.994411,1788508087.910525322,car4,car2,0.800000000,-0.800000000,0.000000000,0.805326849,-0.799340814,0.000000000,1,0.005367481
15.994411,1788508087.910525322,car4,car5,0.800000000,0.000000000,0.000000000,0.782940656,-0.000558496,0.000000000,1,0.017068484
15.994411,1788508087.910525322,car5,car1,-0.800000000,-0.800000000,0.000000000,-0.814280912,-0.800066367,0.000000000,1,0.014281066
15.994411,1788508087.910525322,car5,car2,0.000000000,-0.800000000,0.000000000,0.022386193,-0.798782319,0.000000000,1,0.022419286
15.994411,1788508087.910525322,car5,car4,-0.800000000,0.000000000,0.000000000,-0.782940656,0.000558496,0.000000000,1,0.017068484
16.196354,1788508088.119926453,car1,car2,0.800000000,0.000000000,0.000000000,0.780178040,0.004337512,0.000000000,1,0.020290986
16.196354,1788508088.119926453,car1,car4,0.000000000,0.800000000,0.000000000,-0.019007385,0.802673727,0.000000000,1,0.019194517
16.196354,1788508088.119926453,car1,car5,0.800000000,0.800000000,0.000000000,0.762727886,0.799718589,0.000000000,1,0.037273176
16.196354,1788508088.119926453,car2,car1,-0.800000000,0.000000000,0.000000000,-0.780178040,-0.004337512,0.000000000,1,0.020290986
16.196354,1788508088.119926453,car2,car4,-0.800000000,0.800000000,0.000000000,-0.799185425,0.798336215,0.000000000,1,0.001852488
16.196354,1788508088.119926453,car2,car5,0.000000000,0.800000000,0.000000000,-0.017450154,0.795381077,0.000000000,1,0.018051103
16.196354,1788508088.119926453,car4,car1,0.000000000,-0.800000000,0.000000000,0.019007385,-0.802673727,0.000000000,1,0.019194517
16.196354,1788508088.119926453,car4,car2,0.800000000,-0.800000000,0.000000000,0.799185425,-0.798336215,0.000000000,1,0.001852488
16.196354,1788508088.119926453,car4,car5,0.800000000,0.000000000,0.000000000,0.781735271,-0.002955139,0.000000000,1,0.018502247
16.196354,1788508088.119926453,car5,car1,-0.800000000,-0.800000000,0.000000000,-0.762727886,-0.799718589,0.000000000,1,0.037273176
16.196354,1788508088.119926453,car5,car2,0.000000000,-0.800000000,0.000000000,0.017450154,-0.795381077,0.000000000,1,0.018051103
16.196354,1788508088.119926453,car5,car4,-0.800000000,0.000000000,0.000000000,-0.781735271,0.002955139,0.000000000,1,0.018502247
16.398412,1788508088.319881201,car1,car2,0.800000000,0.000000000,0.000000000,0.767045125,0.002336755,0.000000000,1,0.033037618
16.398412,1788508088.319881201,car1,car4,0.000000000,0.800000000,0.000000000,-0.024254546,0.800613403,0.000000000,1,0.024262301
16.398412,1788508088.319881201,car1,car5,0.800000000,0.800000000,0.000000000,0.801981673,0.799846172,0.000000000,1,0.001987634
16.398412,1788508088.319881201,car2,car1,-0.800000000,0.000000000,0.000000000,-0.767045125,-0.002336755,0.000000000,1,0.033037618
16.398412,1788508088.319881201,car2,car4,-0.800000000,0.800000000,0.000000000,-0.791299671,0.798276648,0.000000000,1,0.008869367
16.398412,1788508088.319881201,car2,car5,0.000000000,0.800000000,0.000000000,0.034936547,0.797509417,0.000000000,1,0.035025210
16.398412,1788508088.319881201,car4,car1,0.000000000,-0.800000000,0.000000000,0.024254546,-0.800613403,0.000000000,1,0.024262301
16.398412,1788508088.319881201,car4,car2,0.800000000,-0.800000000,0.000000000,0.791299671,-0.798276648,0.000000000,1,0.008869367
16.398412,1788508088.319881201,car4,car5,0.800000000,0.000000000,0.000000000,0.826236218,-0.000767231,0.000000000,1,0.026247434
16.398412,1788508088.319881201,car5,car1,-0.800000000,-0.800000000,0.000000000,-0.801981673,-0.799846172,0.000000000,1,0.001987634
16.398412,1788508088.319881201,car5,car2,0.000000000,-0.800000000,0.000000000,-0.034936547,-0.797509417,0.000000000,1,0.035025210
16.398412,1788508088.319881201,car5,car4,-0.800000000,0.000000000,0.000000000,-0.826236218,0.000767231,0.000000000,1,0.026247434
16.601860,1788508088.529854298,car1,car2,0.800000000,0.000000000,0.000000000,0.832693934,0.000220150,0.000000000,1,0.032694676
16.601860,1788508088.529854298,car1,car4,0.000000000,0.800000000,0.000000000,0.039374858,0.800836079,0.000000000,1,0.039383734
16.601860,1788508088.529854298,car1,car5,0.800000000,0.800000000,0.000000000,0.826027095,0.797939949,0.000000000,1,0.026108495
16.601860,1788508088.529854298,car2,car1,-0.800000000,0.000000000,0.000000000,-0.832693934,-0.000220150,0.000000000,1,0.032694676
16.601860,1788508088.529854298,car2,car4,-0.800000000,0.800000000,0.000000000,-0.793319076,0.800615929,0.000000000,1,0.006709256
16.601860,1788508088.529854298,car2,car5,0.000000000,0.800000000,0.000000000,-0.006666839,0.797719799,0.000000000,1,0.007045996
16.601860,1788508088.529854298,car4,car1,0.000000000,-0.800000000,0.000000000,-0.039374858,-0.800836079,0.000000000,1,0.039383734
16.601860,1788508088.529854298,car4,car2,0.800000000,-0.800000000,0.000000000,0.793319076,-0.800615929,0.000000000,1,0.006709256
16.601860,1788508088.529854298,car4,car5,0.800000000,0.000000000,0.000000000,0.786652237,-0.002896130,0.000000000,1,0.013658343
16.601860,1788508088.529854298,car5,car1,-0.800000000,-0.800000000,0.000000000,-0.826027095,-0.797939949,0.000000000,1,0.026108495
16.601860,1788508088.529854298,car5,car2,0.000000000,-0.800000000,0.000000000,0.006666839,-0.797719799,0.000000000,1,0.007045996
16.601860,1788508088.529854298,car5,car4,-0.800000000,0.000000000,0.000000000,-0.786652237,0.002896130,0.000000000,1,0.013658343
16.803786,1788508088.729860306,car1,car2,0.800000000,0.000000000,0.000000000,0.802259371,0.001428492,0.000000000,1,0.002673078
16.803786,1788508088.729860306,car1,car4,0.000000000,0.800000000,0.000000000,0.002286509,0.801492207,0.000000000,1,0.002730349
16.803786,1788508088.729860306,car1,car5,0.800000000,0.800000000,0.000000000,0.773275480,0.797252826,0.000000000,1,0.026865348
16.803786,1788508088.729860306,car2,car1,-0.800000000,0.000000000,0.000000000,-0.802259371,-0.001428492,0.000000000,1,0.002673078
16.803786,1788508088.729860306,car2,car4,-0.800000000,0.800000000,0.000000000,-0.799972862,0.800063714,0.000000000,1,0.000069253
16.803786,1788508088.729860306,car2,car5,0.000000000,0.800000000,0.000000000,-0.028983891,0.795824334,0.000000000,1,0.029283137
16.803786,1788508088.729860306,car4,car1,0.000000000,-0.800000000,0.000000000,-0.002286509,-0.801492207,0.000000000,1,0.002730349
16.803786,1788508088.729860306,car4,car2,0.800000000,-0.800000000,0.000000000,0.799972862,-0.800063714,0.000000000,1,0.000069253
16.803786,1788508088.729860306,car4,car5,0.800000000,0.000000000,0.000000000,0.770988971,-0.004239380,0.000000000,1,0.029319143
16.803786,1788508088.729860306,car5,car1,-0.800000000,-0.800000000,0.000000000,-0.773275480,-0.797252826,0.000000000,1,0.026865348
16.803786,1788508088.729860306,car5,car2,0.000000000,-0.800000000,0.000000000,0.028983891,-0.795824334,0.000000000,1,0.029283137
16.803786,1788508088.729860306,car5,car4,-0.800000000,0.000000000,0.000000000,-0.770988971,0.004239380,0.000000000,1,0.029319143
17.005793,1788508088.929833174,car1,car2,0.800000000,0.000000000,0.000000000,0.769293144,-0.001535676,0.000000000,1,0.030745232
17.005793,1788508088.929833174,car1,car4,0.000000000,0.800000000,0.000000000,-0.025849536,0.801294908,0.000000000,1,0.025881949
17.005793,1788508088.929833174,car1,car5,0.800000000,0.800000000,0.000000000,0.802411333,0.795881018,0.000000000,1,0.004772896
17.005793,1788508088.929833174,car2,car1,-0.800000000,0.000000000,0.000000000,-0.769293144,0.001535676,0.000000000,1,0.030745232
17.005793,1788508088.929833174,car2,car4,-0.800000000,0.800000000,0.000000000,-0.795142680,0.802830584,0.000000000,1,0.005621900
17.005793,1788508088.929833174,car2,car5,0.000000000,0.800000000,0.000000000,0.033118188,0.797416694,0.000000000,1,0.033218788
17.005793,1788508088.929833174,car4,car1,0.000000000,-0.800000000,0.000000000,0.025849536,-0.801294908,0.000000000,1,0.025881949
17.005793,1788508088.929833174,car4,car2,0.800000000,-0.800000000,0.000000000,0.795142680,-0.802830584,0.000000000,1,0.005621900
17.005793,1788508088.929833174,car4,car5,0.800000000,0.000000000,0.000000000,0.828260869,-0.005413890,0.000000000,1,0.028774762
17.005793,1788508088.929833174,car5,car1,-0.800000000,-0.800000000,0.000000000,-0.802411333,-0.795881018,0.000000000,1,0.004772896
17.005793,1788508088.929833174,car5,car2,0.000000000,-0.800000000,0.000000000,-0.033118188,-0.797416694,0.000000000,1,0.033218788
17.005793,1788508088.929833174,car5,car4,-0.800000000,0.000000000,0.000000000,-0.828260869,0.005413890,0.000000000,1,0.028774762
17.208294,1788508089.119803190,car1,car2,0.800000000,0.000000000,0.000000000,0.824962124,-0.002724841,0.000000000,1,0.025110404
17.208294,1788508089.119803190,car1,car4,0.000000000,0.800000000,0.000000000,0.032234415,0.799920820,0.000000000,1,0.032234513
17.208294,1788508089.119803190,car1,car5,0.800000000,0.800000000,0.000000000,0.840384111,0.795807146,0.000000000,1,0.040601188
17.208294,1788508089.119803190,car2,car1,-0.800000000,0.000000000,0.000000000,-0.824962124,0.002724841,0.000000000,1,0.025110404
17.208294,1788508089.119803190,car2,car4,-0.800000000,0.800000000,0.000000000,-0.792727709,0.802645661,0.000000000,1,0.007738588
17.208294,1788508089.119803190,car2,car5,0.000000000,0.800000000,0.000000000,0.015421987,0.798531987,0.000000000,1,0.015491699
17.208294,1788508089.119803190,car4,car1,0.000000000,-0.800000000,0.000000000,-0.032234415,-0.799920820,0.000000000,1,0.032234513
17.208294,1788508089.119803190,car4,car2,0.800000000,-0.800000000,0.000000000,0.792727709,-0.802645661,0.000000000,1,0.007738588
17.208294,1788508089.119803190,car4,car5,0.800000000,0.000000000,0.000000000,0.808149695,-0.004113674,0.000000000,1,0.009129066
17.208294,1788508089.119803190,car5,car1,-0.800000000,-0.800000000,0.000000000,-0.840384111,-0.795807146,0.000000000,1,0.040601188
17.208294,1788508089.119803190,car5,car2,0.000000000,-0.800000000,0.000000000,-0.015421987,-0.798531987,0.000000000,1,0.015491699
17.208294,1788508089.119803190,car5,car4,-0.800000000,0.000000000,0.000000000,-0.808149695,0.004113674,0.000000000,1,0.009129066
17.411614,1788508089.339865685,car1,car2,0.800000000,0.000000000,0.000000000,0.838579193,0.000079677,0.000000000,1,0.038579275
17.411614,1788508089.339865685,car1,car4,0.000000000,0.800000000,0.000000000,0.029342487,0.801107071,0.000000000,1,0.029363365
17.411614,1788508089.339865685,car1,car5,0.800000000,0.800000000,0.000000000,0.779109731,0.794911765,0.000000000,1,0.021501011
17.411614,1788508089.339865685,car2,car1,-0.800000000,0.000000000,0.000000000,-0.838579193,-0.000079677,0.000000000,1,0.038579275
17.411614,1788508089.339865685,car2,car4,-0.800000000,0.800000000,0.000000000,-0.809236705,0.801027395,0.000000000,1,0.009293668
17.411614,1788508089.339865685,car2,car5,0.000000000,0.800000000,0.000000000,-0.059469461,0.794832088,0.000000000,1,0.059693586
17.411614,1788508089.339865685,car4,car1,0.000000000,-0.800000000,0.000000000,-0.029342487,-0.801107071,0.000000000,1,0.029363365
17.411614,1788508089.339865685,car4,car2,0.800000000,-0.800000000,0.000000000,0.809236705,-0.801027395,0.000000000,1,0.009293668
17.411614,1788508089.339865685,car4,car5,0.800000000,0.000000000,0.000000000,0.749767244,-0.006195307,0.000000000,1,0.050613354
17.411614,1788508089.339865685,car5,car1,-0.800000000,-0.800000000,0.000000000,-0.779109731,-0.794911765,0.000000000,1,0.021501011
17.411614,1788508089.339865685,car5,car2,0.000000000,-0.800000000,0.000000000,0.059469461,-0.794832088,0.000000000,1,0.059693586
17.411614,1788508089.339865685,car5,car4,-0.800000000,0.000000000,0.000000000,-0.749767244,0.006195307,0.000000000,1,0.050613354
17.613424,1788508089.539770126,car1,car2,0.800000000,0.000000000,0.000000000,0.774152219,0.000895418,0.000000000,1,0.025863286
17.613424,1788508089.539770126,car1,car4,0.000000000,0.800000000,0.000000000,-0.040592313,0.803487808,0.000000000,1,0.040741878
17.613424,1788508089.539770126,car1,car5,0.800000000,0.800000000,0.000000000,0.769115031,0.798657924,0.000000000,1,0.030914115
17.613424,1788508089.539770126,car2,car1,-0.800000000,0.000000000,0.000000000,-0.774152219,-0.000895418,0.000000000,1,0.025863286
17.613424,1788508089.539770126,car2,car4,-0.800000000,0.800000000,0.000000000,-0.814744532,0.802592389,0.000000000,1,0.014970695
17.613424,1788508089.539770126,car2,car5,0.000000000,0.800000000,0.000000000,-0.005037189,0.797762506,0.000000000,1,0.005511774
17.613424,1788508089.539770126,car4,car1,0.000000000,-0.800000000,0.000000000,0.040592313,-0.803487808,0.000000000,1,0.040741878
17.613424,1788508089.539770126,car4,car2,0.800000000,-0.800000000,0.000000000,0.814744532,-0.802592389,0.000000000,1,0.014970695
17.613424,1788508089.539770126,car4,car5,0.800000000,0.000000000,0.000000000,0.809707344,-0.004829884,0.000000000,1,0.010842523
17.613424,1788508089.539770126,car5,car1,-0.800000000,-0.800000000,0.000000000,-0.769115031,-0.798657924,0.000000000,1,0.030914115
17.613424,1788508089.539770126,car5,car2,0.000000000,-0.800000000,0.000000000,0.005037189,-0.797762506,0.000000000,1,0.005511774
17.613424,1788508089.539770126,car5,car4,-0.800000000,0.000000000,0.000000000,-0.809707344,0.004829884,0.000000000,1,0.010842523
17.815061,1788508089.739946365,car1,car2,0.800000000,0.000000000,0.000000000,0.787088543,0.000922844,0.000000000,1,0.012944395
17.815061,1788508089.739946365,car1,car4,0.000000000,0.800000000,0.000000000,-0.004873961,0.803297199,0.000000000,1,0.005884473
17.815061,1788508089.739946365,car1,car5,0.800000000,0.800000000,0.000000000,0.833055884,0.797393300,0.000000000,1,0.033158503
17.815061,1788508089.739946365,car2,car1,-0.800000000,0.000000000,0.000000000,-0.787088543,-0.000922844,0.000000000,1,0.012944395
17.815061,1788508089.739946365,car2,car4,-0.800000000,0.800000000,0.000000000,-0.791962504,0.802374355,0.000000000,1,0.008380865
17.815061,1788508089.739946365,car2,car5,0.000000000,0.800000000,0.000000000,0.045967340,0.796470456,0.000000000,1,0.046102647
17.815061,1788508089.739946365,car4,car1,0.000000000,-0.800000000,0.000000000,0.004873961,-0.803297199,0.000000000,1,0.005884473
17.815061,1788508089.739946365,car4,car2,0.800000000,-0.800000000,0.000000000,0.791962504,-0.802374355,0.000000000,1,0.008380865
17.815061,1788508089.739946365,car4,car5,0.800000000,0.000000000,0.000000000,0.837929845,-0.005903900,0.000000000,1,0.038386575
17.815061,1788508089.739946365,car5,car1,-0.800000000,-0.800000000,0.000000000,-0.833055884,-0.797393300,0.000000000,1,0.033158503
17.815061,1788508089.739946365,car5,car2,0.000000000,-0.800000000,0.000000000,-0.045967340,-0.796470456,0.000000000,1,0.046102647
17.815061,1788508089.739946365,car5,car4,-0.800000000,0.000000000,0.000000000,-0.837929845,0.005903900,0.000000000,1,0.038386575
18.017067,1788508089.940052271,car1,car2,0.800000000,0.000000000,0.000000000,0.826405406,0.005307794,0.000000000,1,0.026933588
18.017067,1788508089.940052271,car1,car4,0.000000000,0.800000000,0.000000000,0.038899124,0.803031765,0.000000000,1,0.039017091
18.017067,1788508089.940052271,car1,car5,0.800000000,0.800000000,0.000000000,0.812204838,0.800415717,0.000000000,1,0.012211916
18.017067,1788508089.940052271,car2,car1,-0.800000000,0.000000000,0.000000000,-0.826405406,-0.005307794,0.000000000,1,0.026933588
18.017067,1788508089.940052271,car2,car4,-0.800000000,0.800000000,0.000000000,-0.787506282,0.797723971,0.000000000,1,0.012699342
18.017067,1788508089.940052271,car2,car5,0.000000000,0.800000000,0.000000000,-0.014200568,0.795107923,0.000000000,1,0.015019606
18.017067,1788508089.940052271,car4,car1,0.000000000,-0.800000000,0.000000000,-0.038899124,-0.803031765,0.000000000,1,0.039017091
18.017067,1788508089.940052271,car4,car2,0.800000000,-0.800000000,0.000000000,0.787506282,-0.797723971,0.000000000,1,0.012699342
18.017067,1788508089.940052271,car4,car5,0.800000000,0.000000000,0.000000000,0.773305714,-0.002616048,0.000000000,1,0.026822166
18.017067,1788508089.940052271,car5,car1,-0.800000000,-0.800000000,0.000000000,-0.812204838,-0.800415717,0.000000000,1,0.012211916
18.017067,1788508089.940052271,car5,car2,0.000000000,-0.800000000,0.000000000,0.014200568,-0.795107923,0.000000000,1,0.015019606
18.017067,1788508089.940052271,car5,car4,-0.800000000,0.000000000,0.000000000,-0.773305714,0.002616048,0.000000000,1,0.026822166
18.219797,1788508090.139824390,car1,car2,0.800000000,0.000000000,0.000000000,0.797857225,0.007192701,0.000000000,1,0.007505094
18.219797,1788508090.139824390,car1,car4,0.000000000,0.800000000,0.000000000,-0.025651902,0.805959329,0.000000000,1,0.026335028
18.219797,1788508090.139824390,car1,car5,0.800000000,0.800000000,0.000000000,0.759579957,0.800824091,0.000000000,1,0.040428443
18.219797,1788508090.139824390,car2,car1,-0.800000000,0.000000000,0.000000000,-0.797857225,-0.007192701,0.000000000,1,0.007505094
18.219797,1788508090.139824390,car2,car4,-0.800000000,0.800000000,0.000000000,-0.823509127,0.798766628,0.000000000,1,0.023541458
18.219797,1788508090.139824390,car2,car5,0.000000000,0.800000000,0.000000000,-0.038277268,0.793631390,0.000000000,1,0.038803460
18.219797,1788508090.139824390,car4,car1,0.000000000,-0.800000000,0.000000000,0.025651902,-0.805959329,0.000000000,1,0.026335028
18.219797,1788508090.139824390,car4,car2,0.800000000,-0.800000000,0.000000000,0.823509127,-0.798766628,0.000000000,1,0.023541458
18.219797,1788508090.139824390,car4,car5,0.800000000,0.000000000,0.000000000,0.785231858,-0.005135238,0.000000000,1,0.015635494
18.219797,1788508090.139824390,car5,car1,-0.800000000,-0.800000000,0.000000000,-0.759579957,-0.800824091,0.000000000,1,0.040428443
18.219797,1788508090.139824390,car5,car2,0.000000000,-0.800000000,0.000000000,0.038277268,-0.793631390,0.000000000,1,0.038803460
18.219797,1788508090.139824390,car5,car4,-0.800000000,0.000000000,0.000000000,-0.785231858,0.005135238,0.000000000,1,0.015635494
18.422780,1788508090.339796066,car1,car2,0.800000000,0.000000000,0.000000000,0.758193672,0.005389087,0.000000000,1,0.042152240
18.422780,1788508090.339796066,car1,car4,0.000000000,0.800000000,0.000000000,-0.034825534,0.805560715,0.000000000,1,0.035266689
18.422780,1788508090.339796066,car1,car5,0.800000000,0.800000000,0.000000000,0.794542968,0.807017572,0.000000000,1,0.008889630
18.422780,1788508090.339796066,car2,car1,-0.800000000,0.000000000,0.000000000,-0.758193672,-0.005389087,0.000000000,1,0.042152240
18.422780,1788508090.339796066,car2,car4,-0.800000000,0.800000000,0.000000000,-0.793019205,0.800171629,0.000000000,1,0.006982904
18.422780,1788508090.339796066,car2,car5,0.000000000,0.800000000,0.000000000,0.036349297,0.801628485,0.000000000,1,0.036385757
18.422780,1788508090.339796066,car4,car1,0.000000000,-0.800000000,0.000000000,0.034825534,-0.805560715,0.000000000,1,0.035266689
18.422780,1788508090.339796066,car4,car2,0.800000000,-0.800000000,0.000000000,0.793019205,-0.800171629,0.000000000,1,0.006982904
18.422780,1788508090.339796066,car4,car5,0.800000000,0.000000000,0.000000000,0.829368502,0.001456857,0.000000000,1,0.029404614
18.422780,1788508090.339796066,car5,car1,-0.800000000,-0.800000000,0.000000000,-0.794542968,-0.807017572,0.000000000,1,0.008889630
18.422780,1788508090.339796066,car5,car2,0.000000000,-0.800000000,0.000000000,-0.036349297,-0.801628485,0.000000000,1,0.036385757
18.422780,1788508090.339796066,car5,car4,-0.800000000,0.000000000,0.000000000,-0.829368502,-0.001456857,0.000000000,1,0.029404614
18.626303,1788508090.549699783,car1,car2,0.800000000,0.000000000,0.000000000,0.820108920,-0.000019893,0.000000000,1,0.020108930
18.626303,1788508090.549699783,car1,car4,0.000000000,0.800000000,0.000000000,0.042975247,0.799034603,0.000000000,1,0.042986089
18.626303,1788508090.549699783,car1,car5,0.800000000,0.800000000,0.000000000,0.838622600,0.806979842,0.000000000,1,0.039248228
18.626303,1788508090.549699783,car2,car1,-0.800000000,0.000000000,0.000000000,-0.820108920,0.000019893,0.000000000,1,0.020108930
18.626303,1788508090.549699783,car2,car4,-0.800000000,0.800000000,0.000000000,-0.777133673,0.799054496,0.000000000,1,0.022885866
18.626303,1788508090.549699783,car2,car5,0.000000000,0.800000000,0.000000000,0.018513680,0.806999736,0.000000000,1,0.019792742
18.626303,1788508090.549699783,car4,car1,0.000000000,-0.800000000,0.000000000,-0.042975247,-0.799034603,0.000000000,1,0.042986089
18.626303,1788508090.549699783,car4,car2,0.800000000,-0.800000000,0.000000000,0.777133673,-0.799054496,0.000000000,1,0.022885866
18.626303,1788508090.549699783,car4,car5,0.800000000,0.000000000,0.000000000,0.795647353,0.007945240,0.000000000,1,0.009059380
18.626303,1788508090.549699783,car5,car1,-0.800000000,-0.800000000,0.000000000,-0.838622600,-0.806979842,0.000000000,1,0.039248228
18.626303,1788508090.549699783,car5,car2,0.000000000,-0.800000000,0.000000000,-0.018513680,-0.806999736,0.000000000,1,0.019792742
18.626303,1788508090.549699783,car5,car4,-0.800000000,0.000000000,0.000000000,-0.795647353,-0.007945240,0.000000000,1,0.009059380
18.828510,1788508090.749724865,car1,car2,0.800000000,0.000000000,0.000000000,0.826862067,0.000412308,0.000000000,1,0.026865231
18.828510,1788508090.749724865,car1,car4,0.000000000,0.800000000,0.000000000,-0.003596008,0.797186933,0.000000000,1,0.004565590
18.828510,1788508090.749724865,car1,car5,0.800000000,0.800000000,0.000000000,0.778523892,0.800206505,0.000000000,1,0.021477101
18.828510,1788508090.749724865,car2,car1,-0.800000000,0.000000000,0.000000000,-0.826862067,-0.000412308,0.000000000,1,0.026865231
18.828510,1788508090.749724865,car2,car4,-0.800000000,0.800000000,0.000000000,-0.830458075,0.796774626,0.000000000,1,0.030628375
18.828510,1788508090.749724865,car2,car5,0.000000000,0.800000000,0.000000000,-0.048338175,0.799794197,0.000000000,1,0.048338613
18.828510,1788508090.749724865,car4,car1,0.000000000,-0.800000000,0.000000000,0.003596008,-0.797186933,0.000000000,1,0.004565590
18.828510,1788508090.749724865,car4,car2,0.800000000,-0.800000000,0.000000000,0.830458075,-0.796774626,0.000000000,1,0.030628375
18.828510,1788508090.749724865,car4,car5,0.800000000,0.000000000,0.000000000,0.782119900,0.003019571,0.000000000,1,0.018133278
18.828510,1788508090.749724865,car5,car1,-0.800000000,-0.800000000,0.000000000,-0.778523892,-0.800206505,0.000000000,1,0.021477101
18.828510,1788508090.749724865,car5,car2,0.000000000,-0.800000000,0.000000000,0.048338175,-0.799794197,0.000000000,1,0.048338613
18.828510,1788508090.749724865,car5,car4,-0.800000000,0.000000000,0.000000000,-0.782119900,-0.003019571,0.000000000,1,0.018133278
19.031307,1788508090.959798098,car1,car2,0.800000000,0.000000000,0.000000000,0.748801768,-0.001894429,0.000000000,1,0.051233269
19.031307,1788508090.959798098,car1,car4,0.000000000,0.800000000,0.000000000,-0.051311076,0.796495035,0.000000000,1,0.051430645
19.031307,1788508090.959798098,car1,car5,0.800000000,0.800000000,0.000000000,0.766001046,0.801308110,0.000000000,1,0.034024110
19.031307,1788508090.959798098,car2,car1,-0.800000000,0.000000000,0.000000000,-0.748801768,0.001894429,0.000000000,1,0.051233269
19.031307,1788508090.959798098,car2,car4,-0.800000000,0.800000000,0.000000000,-0.800112844,0.798389465,0.000000000,1,0.001614484
19.031307,1788508090.959798098,car2,car5,0.000000000,0.800000000,0.000000000,0.017199278,0.803202540,0.000000000,1,0.017494897
19.031307,1788508090.959798098,car4,car1,0.000000000,-0.800000000,0.000000000,0.051311076,-0.796495035,0.000000000,1,0.051430645
19.031307,1788508090.959798098,car4,car2,0.800000000,-0.800000000,0.000000000,0.800112844,-0.798389465,0.000000000,1,0.001614484
19.031307,1788508090.959798098,car4,car5,0.800000000,0.000000000,0.000000000,0.817312121,0.004813075,0.000000000,1,0.017968729
19.031307,1788508090.959798098,car5,car1,-0.800000000,-0.800000000,0.000000000,-0.766001046,-0.801308110,0.000000000,1,0.034024110
19.031307,1788508090.959798098,car5,car2,0.000000000,-0.800000000,0.000000000,-0.017199278,-0.803202540,0.000000000,1,0.017494897
19.031307,1788508090.959798098,car5,car4,-0.800000000,0.000000000,0.000000000,-0.817312121,-0.004813075,0.000000000,1,0.017968729
19.233128,1788508091.159913301,car1,car2,0.800000000,0.000000000,0.000000000,0.804311961,-0.003168561,0.000000000,1,0.005350961
19.233128,1788508091.159913301,car1,car4,0.000000000,0.800000000,0.000000000,0.023463905,0.797119983,0.000000000,1,0.023639994
19.233128,1788508091.159913301,car1,car5,0.800000000,0.800000000,0.000000000,0.845235199,0.801085599,0.000000000,1,0.045248223
19.233128,1788508091.159913301,car2,car1,-0.800000000,0.000000000,0.000000000,-0.804311961,0.003168561,0.000000000,1,0.005350961
19.233128,1788508091.159913301,car2,car4,-0.800000000,0.800000000,0.000000000,-0.780848056,0.800288543,0.000000000,1,0.019154117
19.233128,1788508091.159913301,car2,car5,0.000000000,0.800000000,0.000000000,0.040923238,0.804254159,0.000000000,1,0.041143763
19.233128,1788508091.159913301,car4,car1,0.000000000,-0.800000000,0.000000000,-0.023463905,-0.797119983,0.000000000,1,0.023639994
19.233128,1788508091.159913301,car4,car2,0.800000000,-0.800000000,0.000000000,0.780848056,-0.800288543,0.000000000,1,0.019154117
19.233128,1788508091.159913301,car4,car5,0.800000000,0.000000000,0.000000000,0.821771294,0.003965616,0.000000000,1,0.022129513
19.233128,1788508091.159913301,car5,car1,-0.800000000,-0.800000000,0.000000000,-0.845235199,-0.801085599,0.000000000,1,0.045248223
19.233128,1788508091.159913301,car5,car2,0.000000000,-0.800000000,0.000000000,-0.040923238,-0.804254159,0.000000000,1,0.041143763
19.233128,1788508091.159913301,car5,car4,-0.800000000,0.000000000,0.000000000,-0.821771294,-0.003965616,0.000000000,1,0.022129513
19.435196,1788508091.359789848,car1,car2,0.800000000,0.000000000,0.000000000,0.825602502,-0.001804739,0.000000000,1,0.025666032
19.435196,1788508091.359789848,car1,car4,0.000000000,0.800000000,0.000000000,0.015113354,0.797310971,0.000000000,1,0.015350711
19.435196,1788508091.359789848,car1,car5,0.800000000,0.800000000,0.000000000,0.787961692,0.800979219,0.000000000,1,0.012078069
19.435196,1788508091.359789848,car2,car1,-0.800000000,0.000000000,0.000000000,-0.825602502,0.001804739,0.000000000,1,0.025666032
19.435196,1788508091.359789848,car2,car4,-0.800000000,0.800000000,0.000000000,-0.810489148,0.799115710,0.000000000,1,0.010526357
19.435196,1788508091.359789848,car2,car5,0.000000000,0.800000000,0.000000000,-0.037640810,0.802783959,0.000000000,1,0.037743622
19.435196,1788508091.359789848,car4,car1,0.000000000,-0.800000000,0.000000000,-0.015113354,-0.797310971,0.000000000,1,0.015350711
19.435196,1788508091.359789848,car4,car2,0.800000000,-0.800000000,0.000000000,0.810489148,-0.799115710,0.000000000,1,0.010526357
19.435196,1788508091.359789848,car4,car5,0.800000000,0.000000000,0.000000000,0.772848338,0.003668249,0.000000000,1,0.027398336
19.435196,1788508091.359789848,car5,car1,-0.800000000,-0.800000000,0.000000000,-0.787961692,-0.800979219,0.000000000,1,0.012078069
19.435196,1788508091.359789848,car5,car2,0.000000000,-0.800000000,0.000000000,0.037640810,-0.802783959,0.000000000,1,0.037743622
19.435196,1788508091.359789848,car5,car4,-0.800000000,0.000000000,0.000000000,-0.772848338,-0.003668249,0.000000000,1,0.027398336
19.637309,1788508091.559775829,car1,car2,0.800000000,0.000000000,0.000000000,0.785577416,-0.001816429,0.000000000,1,0.014536517
19.637309,1788508091.559775829,car1,car4,0.000000000,0.800000000,0.000000000,-0.043794751,0.796475314,0.000000000,1,0.043936359
19.637309,1788508091.559775829,car1,car5,0.800000000,0.800000000,0.000000000,0.763570070,0.800099634,0.000000000,1,0.036430066
19.637309,1788508091.559775829,car2,car1,-0.800000000,0.000000000,0.000000000,-0.785577416,0.001816429,0.000000000,1,0.014536517
19.637309,1788508091.559775829,car2,car4,-0.800000000,0.800000000,0.000000000,-0.829372168,0.798291743,0.000000000,1,0.029421801
19.637309,1788508091.559775829,car2,car5,0.000000000,0.800000000,0.000000000,-0.022007346,0.801916063,0.000000000,1,0.022090599
19.637309,1788508091.559775829,car4,car1,0.000000000,-0.800000000,0.000000000,0.043794751,-0.796475314,0.000000000,1,0.043936359
19.637309,1788508091.559775829,car4,car2,0.800000000,-0.800000000,0.000000000,0.829372168,-0.798291743,0.000000000,1,0.029421801
19.637309,1788508091.559775829,car4,car5,0.800000000,0.000000000,0.000000000,0.807364821,0.003624320,0.000000000,1,0.008208306
19.637309,1788508091.559775829,car5,car1,-0.800000000,-0.800000000,0.000000000,-0.763570070,-0.800099634,0.000000000,1,0.036430066
19.637309,1788508091.559775829,car5,car2,0.000000000,-0.800000000,0.000000000,0.022007346,-0.801916063,0.000000000,1,0.022090599
19.637309,1788508091.559775829,car5,car4,-0.800000000,0.000000000,0.000000000,-0.807364821,-0.003624320,0.000000000,1,0.008208306
19.839557,1788508091.759778261,car1,car2,0.800000000,0.000000000,0.000000000,0.780915916,-0.005401216,0.000000000,1,0.019833694
19.839557,1788508091.759778261,car1,car4,0.000000000,0.800000000,0.000000000,0.007586837,0.794799551,0.000000000,1,0.009198085
19.839557,1788508091.759778261,car1,car5,0.800000000,0.800000000,0.000000000,0.826427519,0.799579188,0.000000000,1,0.026430869
19.839557,1788508091.759778261,car2,car1,-0.800000000,0.000000000,0.000000000,-0.780915916,0.005401216,0.000000000,1,0.019833694
19.839557,1788508091.759778261,car2,car4,-0.800000000,0.800000000,0.000000000,-0.773329079,0.800200768,0.000000000,1,0.026671676
19.839557,1788508091.759778261,car2,car5,0.000000000,0.800000000,0.000000000,0.045511603,0.804980405,0.000000000,1,0.045783299
19.839557,1788508091.759778261,car4,car1,0.000000000,-0.800000000,0.000000000,-0.007586837,-0.794799551,0.000000000,1,0.009198085
19.839557,1788508091.759778261,car4,car2,0.800000000,-0.800000000,0.000000000,0.773329079,-0.800200768,0.000000000,1,0.026671676
19.839557,1788508091.759778261,car4,car5,0.800000000,0.000000000,0.000000000,0.818840683,0.004779637,0.000000000,1,0.019437496
19.839557,1788508091.759778261,car5,car1,-0.800000000,-0.800000000,0.000000000,-0.826427519,-0.799579188,0.000000000,1,0.026430869
19.839557,1788508091.759778261,car5,car2,0.000000000,-0.800000000,0.000000000,-0.045511603,-0.804980405,0.000000000,1,0.045783299
19.839557,1788508091.759778261,car5,car4,-0.800000000,0.000000000,0.000000000,-0.818840683,-0.004779637,0.000000000,1,0.019437496
20.042549,1788508091.969875574,car1,car2,0.800000000,0.000000000,0.000000000,0.822176635,-0.006810263,0.000000000,1,0.023198768
20.042549,1788508091.969875574,car1,car4,0.000000000,0.800000000,0.000000000,0.035343707,0.794376381,0.000000000,1,0.035788304
20.042549,1788508091.969875574,car1,car5,0.800000000,0.800000000,0.000000000,0.827639282,0.798742481,0.000000000,1,0.027667874
20.042549,1788508091.969875574,car2,car1,-0.800000000,0.000000000,0.000000000,-0.822176635,0.006810263,0.000000000,1,0.023198768
20.042549,1788508091.969875574,car2,car4,-0.800000000,0.800000000,0.000000000,-0.786832929,0.801186644,0.000000000,1,0.013220435
20.042549,1788508091.969875574,car2,car5,0.000000000,0.800000000,0.000000000,0.005462646,0.805552743,0.000000000,1,0.007789317
20.042549,1788508091.969875574,car4,car1,0.000000000,-0.800000000,0.000000000,-0.035343707,-0.794376381,0.000000000,1,0.035788304
20.042549,1788508091.969875574,car4,car2,0.800000000,-0.800000000,0.000000000,0.786832929,-0.801186644,0.000000000,1,0.013220435
20.042549,1788508091.969875574,car4,car5,0.800000000,0.000000000,0.000000000,0.792295575,0.004366100,0.000000000,1,0.008855563
20.042549,1788508091.969875574,car5,car1,-0.800000000,-0.800000000,0.000000000,-0.827639282,-0.798742481,0.000000000,1,0.027667874
20.042549,1788508091.969875574,car5,car2,0.000000000,-0.800000000,0.000000000,-0.005462646,-0.805552743,0.000000000,1,0.007789317
20.042549,1788508091.969875574,car5,car4,-0.800000000,0.000000000,0.000000000,-0.792295575,-0.004366100,0.000000000,1,0.008855563
20.245164,1788508092.169905901,car1,car2,0.800000000,0.000000000,0.000000000,0.808165014,-0.006176591,0.000000000,1,0.010238053
20.245164,1788508092.169905901,car1,car4,0.000000000,0.800000000,0.000000000,-0.029786527,0.795037054,0.000000000,1,0.030197153
20.245164,1788508092.169905901,car1,car5,0.800000000,0.800000000,0.000000000,0.765136063,0.799788080,0.000000000,1,0.034864581
20.245164,1788508092.169905901,car2,car1,-0.800000000,0.000000000,0.000000000,-0.808165014,0.006176591,0.000000000,1,0.010238053
20.245164,1788508092.169905901,car2,car4,-0.800000000,0.800000000,0.000000000,-0.837951541,0.801213644,0.000000000,1,0.037970941
20.245164,1788508092.169905901,car2,car5,0.000000000,0.800000000,0.000000000,-0.043028951,0.805964671,0.000000000,1,0.043440395
20.245164,1788508092.169905901,car4,car1,0.000000000,-0.800000000,0.000000000,0.029786527,-0.795037054,0.000000000,1,0.030197153
20.245164,1788508092.169905901,car4,car2,0.800000000,-0.800000000,0.000000000,0.837951541,-0.801213644,0.000000000,1,0.037970941
20.245164,1788508092.169905901,car4,car5,0.800000000,0.000000000,0.000000000,0.794922590,0.004751027,0.000000000,1,0.006953585
20.245164,1788508092.169905901,car5,car1,-0.800000000,-0.800000000,0.000000000,-0.765136063,-0.799788080,0.000000000,1,0.034864581
20.245164,1788508092.169905901,car5,car2,0.000000000,-0.800000000,0.000000000,0.043028951,-0.805964671,0.000000000,1,0.043440395
20.245164,1788508092.169905901,car5,car4,-0.800000000,0.000000000,0.000000000,-0.794922590,-0.004751027,0.000000000,1,0.006953585
20.448137,1788508092.369870901,car1,car2,0.800000000,0.000000000,0.000000000,0.765956223,-0.004000053,0.000000000,1,0.034277969
20.448137,1788508092.369870901,car1,car4,0.000000000,0.800000000,0.000000000,-0.013938069,0.796608619,0.000000000,1,0.014344729
20.448137,1788508092.369870901,car1,car5,0.800000000,0.800000000,0.000000000,0.794841111,0.802413516,0.000000000,1,0.005695542
20.448137,1788508092.369870901,car2,car1,-0.800000000,0.000000000,0.000000000,-0.765956223,0.004000053,0.000000000,1,0.034277969
20.448137,1788508092.369870901,car2,car4,-0.800000000,0.800000000,0.000000000,-0.779894292,0.800608672,0.000000000,1,0.020114919
20.448137,1788508092.369870901,car2,car5,0.000000000,0.800000000,0.000000000,0.028884888,0.806413569,0.000000000,1,0.029588352
20.448137,1788508092.369870901,car4,car1,0.000000000,-0.800000000,0.000000000,0.013938069,-0.796608619,0.000000000,1,0.014344729
20.448137,1788508092.369870901,car4,car2,0.800000000,-0.800000000,0.000000000,0.779894292,-0.800608672,0.000000000,1,0.020114919
20.448137,1788508092.369870901,car4,car5,0.800000000,0.000000000,0.000000000,0.808779180,0.005804896,0.000000000,1,0.010524772
20.448137,1788508092.369870901,car5,car1,-0.800000000,-0.800000000,0.000000000,-0.794841111,-0.802413516,0.000000000,1,0.005695542
20.448137,1788508092.369870901,car5,car2,0.000000000,-0.800000000,0.000000000,-0.028884888,-0.806413569,0.000000000,1,0.029588352
20.448137,1788508092.369870901,car5,car4,-0.800000000,0.000000000,0.000000000,-0.808779180,-0.005804896,0.000000000,1,0.010524772
20.651423,1788508092.580095053,car1,car2,0.800000000,0.000000000,0.000000000,0.817626417,-0.005050622,0.000000000,1,0.018335740
20.651423,1788508092.580095053,car1,car4,0.000000000,0.800000000,0.000000000,0.054911792,0.793828368,0.000000000,1,0.055257524
20.651423,1788508092.580095053,car1,car5,0.800000000,0.800000000,0.000000000,0.843818486,0.801996469,0.000000000,1,0.043863944
20.651423,1788508092.580095053,car2,car1,-0.800000000,0.000000000,0.000000000,-0.817626417,0.005050622,0.000000000,1,0.018335740
20.651423,1788508092.580095053,car2,car4,-0.800000000,0.800000000,0.000000000,-0.762714624,0.798878990,0.000000000,1,0.037302224
20.651423,1788508092.580095053,car2,car5,0.000000000,0.800000000,0.000000000,0.026192069,0.807047091,0.000000000,1,0.027123532
20.651423,1788508092.580095053,car4,car1,0.000000000,-0.800000000,0.000000000,-0.054911792,-0.793828368,0.000000000,1,0.055257524
20.651423,1788508092.580095053,car4,car2,0.800000000,-0.800000000,0.000000000,0.762714624,-0.798878990,0.000000000,1,0.037302224
20.651423,1788508092.580095053,car4,car5,0.800000000,0.000000000,0.000000000,0.788906693,0.008168101,0.000000000,1,0.013776042
20.651423,1788508092.580095053,car5,car1,-0.800000000,-0.800000000,0.000000000,-0.843818486,-0.801996469,0.000000000,1,0.043863944
20.651423,1788508092.580095053,car5,car2,0.000000000,-0.800000000,0.000000000,-0.026192069,-0.807047091,0.000000000,1,0.027123532
20.651423,1788508092.580095053,car5,car4,-0.800000000,0.000000000,0.000000000,-0.788906693,-0.008168101,0.000000000,1,0.013776042
20.853159,1788508092.769856453,car1,car2,0.800000000,0.000000000,0.000000000,0.825532079,-0.001485981,0.000000000,1,0.025575285
20.853159,1788508092.769856453,car1,car4,0.000000000,0.800000000,0.000000000,-0.013986826,0.795814864,0.000000000,1,0.014599543
20.853159,1788508092.769856453,car1,car5,0.800000000,0.800000000,0.000000000,0.780590653,0.800836258,0.000000000,1,0.019427353
20.853159,1788508092.769856453,car2,car1,-0.800000000,0.000000000,0.000000000,-0.825532079,0.001485981,0.000000000,1,0.025575285
20.853159,1788508092.769856453,car2,car4,-0.800000000,0.800000000,0.000000000,-0.839518905,0.797300845,0.000000000,1,0.039610974
20.853159,1788508092.769856453,car2,car5,0.000000000,0.800000000,0.000000000,-0.044941425,0.802322239,0.000000000,1,0.045001383
20.853159,1788508092.769856453,car4,car1,0.000000000,-0.800000000,0.000000000,0.013986826,-0.795814864,0.000000000,1,0.014599543
20.853159,1788508092.769856453,car4,car2,0.800000000,-0.800000000,0.000000000,0.839518905,-0.797300845,0.000000000,1,0.039610974
20.853159,1788508092.769856453,car4,car5,0.800000000,0.000000000,0.000000000,0.794577479,0.005021393,0.000000000,1,0.007390407
20.853159,1788508092.769856453,car5,car1,-0.800000000,-0.800000000,0.000000000,-0.780590653,-0.800836258,0.000000000,1,0.019427353
20.853159,1788508092.769856453,car5,car2,0.000000000,-0.800000000,0.000000000,0.044941425,-0.802322239,0.000000000,1,0.045001383
20.853159,1788508092.769856453,car5,car4,-0.800000000,0.000000000,0.000000000,-0.794577479,-0.005021393,0.000000000,1,0.007390407
21.054747,1788508092.980070829,car1,car2,0.800000000,0.000000000,0.000000000,0.765215397,-0.004322663,0.000000000,1,0.035052162
21.054747,1788508092.980070829,car1,car4,0.000000000,0.800000000,0.000000000,-0.043911397,0.792669252,0.000000000,1,0.044519105
21.054747,1788508092.980070829,car1,car5,0.800000000,0.800000000,0.000000000,0.764096618,0.800058141,0.000000000,1,0.035903429
21.054747,1788508092.980070829,car2,car1,-0.800000000,0.000000000,0.000000000,-0.765215397,0.004322663,0.000000000,1,0.035052162
21.054747,1788508092.980070829,car2,car4,-0.800000000,0.800000000,0.000000000,-0.809126794,0.796991915,0.000000000,1,0.009609732
21.054747,1788508092.980070829,car2,car5,0.000000000,0.800000000,0.000000000,-0.001118779,0.804380804,0.000000000,1,0.004521406
21.054747,1788508092.980070829,car4,car1,0.000000000,-0.800000000,0.000000000,0.043911397,-0.792669252,0.000000000,1,0.044519105
21.054747,1788508092.980070829,car4,car2,0.800000000,-0.800000000,0.000000000,0.809126794,-0.796991915,0.000000000,1,0.009609732
21.054747,1788508092.980070829,car4,car5,0.800000000,0.000000000,0.000000000,0.808008015,0.007388890,0.000000000,1,0.010896054
21.054747,1788508092.980070829,car5,car1,-0.800000000,-0.800000000,0.000000000,-0.764096618,-0.800058141,0.000000000,1,0.035903429
21.054747,1788508092.980070829,car5,car2,0.000000000,-0.800000000,0.000000000,0.001118779,-0.804380804,0.000000000,1,0.004521406
21.054747,1788508092.980070829,car5,car4,-0.800000000,0.000000000,0.000000000,-0.808008015,-0.007388890,0.000000000,1,0.010896054
21.256666,1788508093.169913530,car1,car2,0.800000000,0.000000000,0.000000000,0.791622758,-0.006461829,0.000000000,1,0.010579859
21.256666,1788508093.169913530,car1,car4,0.000000000,0.800000000,0.000000000,0.033776462,0.794856377,0.000000000,1,0.034165864
21.256666,1788508093.169913530,car1,car5,0.800000000,0.800000000,0.000000000,0.835642934,0.798154302,0.000000000,1,0.035690690
21.256666,1788508093.169913530,car2,car1,-0.800000000,0.000000000,0.000000000,-0.791622758,0.006461829,0.000000000,1,0.010579859
21.256666,1788508093.169913530,car2,car4,-0.800000000,0.800000000,0.000000000,-0.757846296,0.801318206,0.000000000,1,0.042174310
21.256666,1788508093.169913530,car2,car5,0.000000000,0.800000000,0.000000000,0.044020176,0.804616131,0.000000000,1,0.044261547
21.256666,1788508093.169913530,car4,car1,0.000000000,-0.800000000,0.000000000,-0.033776462,-0.794856377,0.000000000,1,0.034165864
21.256666,1788508093.169913530,car4,car2,0.800000000,-0.800000000,0.000000000,0.757846296,-0.801318206,0.000000000,1,0.042174310
21.256666,1788508093.169913530,car4,car5,0.800000000,0.000000000,0.000000000,0.801866472,0.003297925,0.000000000,1,0.003789463
21.256666,1788508093.169913530,car5,car1,-0.800000000,-0.800000000,0.000000000,-0.835642934,-0.798154302,0.000000000,1,0.035690690
21.256666,1788508093.169913530,car5,car2,0.000000000,-0.800000000,0.000000000,-0.044020176,-0.804616131,0.000000000,1,0.044261547
21.256666,1788508093.169913530,car5,car4,-0.800000000,0.000000000,0.000000000,-0.801866472,-0.003297925,0.000000000,1,0.003789463
21.458834,1788508093.379810572,car1,car2,0.800000000,0.000000000,0.000000000,0.830045700,-0.002711460,0.000000000,1,0.030167799
21.458834,1788508093.379810572,car1,car4,0.000000000,0.800000000,0.000000000,0.010831416,0.795925021,0.000000000,1,0.011572598
21.458834,1788508093.379810572,car1,car5,0.800000000,0.800000000,0.000000000,0.815254331,0.800547898,0.000000000,1,0.015264167
21.458834,1788508093.379810572,car2,car1,-0.800000000,0.000000000,0.000000000,-0.830045700,0.002711460,0.000000000,1,0.030167799
21.458834,1788508093.379810572,car2,car4,-0.800000000,0.800000000,0.000000000,-0.819214284,0.798636481,0.000000000,1,0.019262604
21.458834,1788508093.379810572,car2,car5,0.000000000,0.800000000,0.000000000,-0.014791369,0.803259358,0.000000000,1,0.015146221
21.458834,1788508093.379810572,car4,car1,0.000000000,-0.800000000,0.000000000,-0.010831416,-0.795925021,0.000000000,1,0.011572598
21.458834,1788508093.379810572,car4,car2,0.800000000,-0.800000000,0.000000000,0.819214284,-0.798636481,0.000000000,1,0.019262604
21.458834,1788508093.379810572,car4,car5,0.800000000,0.000000000,0.000000000,0.804422915,0.004622877,0.000000000,1,0.006397903
21.458834,1788508093.379810572,car5,car1,-0.800000000,-0.800000000,0.000000000,-0.815254331,-0.800547898,0.000000000,1,0.015264167
21.458834,1788508093.379810572,car5,car2,0.000000000,-0.800000000,0.000000000,0.014791369,-0.803259358,0.000000000,1,0.015146221
21.458834,1788508093.379810572,car5,car4,-0.800000000,0.000000000,0.000000000,-0.804422915,-0.004622877,0.000000000,1,0.006397903
21.662232,1788508093.579844236,car1,car2,0.800000000,0.000000000,0.000000000,0.791688859,0.000148699,0.000000000,1,0.008312471
21.662232,1788508093.579844236,car1,car4,0.000000000,0.800000000,0.000000000,-0.031469822,0.799288131,0.000000000,1,0.031477872
21.662232,1788508093.579844236,car1,car5,0.800000000,0.800000000,0.000000000,0.756099522,0.797155119,0.000000000,1,0.043992560
21.662232,1788508093.579844236,car2,car1,-0.800000000,0.000000000,0.000000000,-0.791688859,-0.000148699,0.000000000,1,0.008312471
21.662232,1788508093.579844236,car2,car4,-0.800000000,0.800000000,0.000000000,-0.823158681,0.799139433,0.000000000,1,0.023174665
21.662232,1788508093.579844236,car2,car5,0.000000000,0.800000000,0.000000000,-0.035589337,0.797006421,0.000000000,1,0.035715017
21.662232,1788508093.579844236,car4,car1,0.000000000,-0.800000000,0.000000000,0.031469822,-0.799288131,0.000000000,1,0.031477872
21.662232,1788508093.579844236,car4,car2,0.800000000,-0.800000000,0.000000000,0.823158681,-0.799139433,0.000000000,1,0.023174665
21.662232,1788508093.579844236,car4,car5,0.800000000,0.000000000,0.000000000,0.787569344,-0.002133012,0.000000000,1,0.012612333
21.662232,1788508093.579844236,car5,car1,-0.800000000,-0.800000000,0.000000000,-0.756099522,-0.797155119,0.000000000,1,0.043992560
21.662232,1788508093.579844236,car5,car2,0.000000000,-0.800000000,0.000000000,0.035589337,-0.797006421,0.000000000,1,0.035715017
21.662232,1788508093.579844236,car5,car4,-0.800000000,0.000000000,0.000000000,-0.787569344,0.002133012,0.000000000,1,0.012612333
21.864988,1788508093.789950371,car1,car2,0.800000000,0.000000000,0.000000000,0.779316545,0.001441523,0.000000000,1,0.020733628
21.864988,1788508093.789950371,car1,car4,0.000000000,0.800000000,0.000000000,0.015518546,0.799267970,0.000000000,1,0.015535802
21.864988,1788508093.789950371,car1,car5,0.800000000,0.800000000,0.000000000,0.799122930,0.799024425,0.000000000,1,0.001311868
21.864988,1788508093.789950371,car2,car1,-0.800000000,0.000000000,0.000000000,-0.779316545,-0.001441523,0.000000000,1,0.020733628
21.864988,1788508093.789950371,car2,car4,-0.800000000,0.800000000,0.000000000,-0.763797998,0.797826447,0.000000000,1,0.036267193
21.864988,1788508093.789950371,car2,car5,0.000000000,0.800000000,0.000000000,0.019806385,0.797582902,0.000000000,1,0.019953327
21.864988,1788508093.789950371,car4,car1,0.000000000,-0.800000000,0.000000000,-0.015518546,-0.799267970,0.000000000,1,0.015535802
21.864988,1788508093.789950371,car4,car2,0.800000000,-0.800000000,0.000000000,0.763797998,-0.797826447,0.000000000,1,0.036267193
21.864988,1788508093.789950371,car4,car5,0.800000000,0.000000000,0.000000000,0.783604383,-0.000243545,0.000000000,1,0.016397425
21.864988,1788508093.789950371,car5,car1,-0.800000000,-0.800000000,0.000000000,-0.799122930,-0.799024425,0.000000000,1,0.001311868
21.864988,1788508093.789950371,car5,car2,0.000000000,-0.800000000,0.000000000,-0.019806385,-0.797582902,0.000000000,1,0.019953327
21.864988,1788508093.789950371,car5,car4,-0.800000000,0.000000000,0.000000000,-0.783604383,0.000243545,0.000000000,1,0.016397425
22.067339,1788508093.979898930,car1,car2,0.800000000,0.000000000,0.000000000,0.819150269,0.003046863,0.000000000,1,0.019391137
22.067339,1788508093.979898930,car1,car4,0.000000000,0.800000000,0.000000000,0.017470002,0.798760355,0.000000000,1,0.017513929
22.067339,1788508093.979898930,car1,car5,0.800000000,0.800000000,0.000000000,0.845877349,0.802233040,0.000000000,1,0.045931663
22.067339,1788508093.979898930,car2,car1,-0.800000000,0.000000000,0.000000000,-0.819150269,-0.003046863,0.000000000,1,0.019391137
22.067339,1788508093.979898930,car2,car4,-0.800000000,0.800000000,0.000000000,-0.801680267,0.795713492,0.000000000,1,0.004604069
22.067339,1788508093.979898930,car2,car5,0.000000000,0.800000000,0.000000000,0.026727080,0.799186178,0.000000000,1,0.026739468
22.067339,1788508093.979898930,car4,car1,0.000000000,-0.800000000,0.000000000,-0.017470002,-0.798760355,0.000000000,1,0.017513929
22.067339,1788508093.979898930,car4,car2,0.800000000,-0.800000000,0.000000000,0.801680267,-0.795713492,0.000000000,1,0.004604069
22.067339,1788508093.979898930,car4,car5,0.800000000,0.000000000,0.000000000,0.828407347,0.003472686,0.000000000,1,0.028618821
22.067339,1788508093.979898930,car5,car1,-0.800000000,-0.800000000,0.000000000,-0.845877349,-0.802233040,0.000000000,1,0.045931663
22.067339,1788508093.979898930,car5,car2,0.000000000,-0.800000000,0.000000000,-0.026727080,-0.799186178,0.000000000,1,0.026739468
22.067339,1788508093.979898930,car5,car4,-0.800000000,0.000000000,0.000000000,-0.828407347,-0.003472686,0.000000000,1,0.028618821
22.270321,1788508094.199818373,car1,car2,0.800000000,0.000000000,0.000000000,0.816593468,0.001433522,0.000000000,1,0.016655275
22.270321,1788508094.199818373,car1,car4,0.000000000,0.800000000,0.000000000,-0.029270947,0.796745457,0.000000000,1,0.029451322
22.270321,1788508094.199818373,car1,car5,0.800000000,0.800000000,0.000000000,0.776642859,0.802035131,0.000000000,1,0.023445635
22.270321,1788508094.199818373,car2,car1,-0.800000000,0.000000000,0.000000000,-0.816593468,-0.001433522,0.000000000,1,0.016655275
22.270321,1788508094.199818373,car2,car4,-0.800000000,0.800000000,0.000000000,-0.845864415,0.795311935,0.000000000,1,0.046103390
22.270321,1788508094.199818373,car2,car5,0.000000000,0.800000000,0.000000000,-0.039950609,0.800601609,0.000000000,1,0.039955139
22.270321,1788508094.199818373,car4,car1,0.000000000,-0.800000000,0.000000000,0.029270947,-0.796745457,0.000000000,1,0.029451322
22.270321,1788508094.199818373,car4,car2,0.800000000,-0.800000000,0.000000000,0.845864415,-0.795311935,0.000000000,1,0.046103390
22.270321,1788508094.199818373,car4,car5,0.800000000,0.000000000,0.000000000,0.805913806,0.005289674,0.000000000,1,0.007934340
22.270321,1788508094.199818373,car5,car1,-0.800000000,-0.800000000,0.000000000,-0.776642859,-0.802035131,0.000000000,1,0.023445635
22.270321,1788508094.199818373,car5,car2,0.000000000,-0.800000000,0.000000000,0.039950609,-0.800601609,0.000000000,1,0.039955139
22.270321,1788508094.199818373,car5,car4,-0.800000000,0.000000000,0.000000000,-0.805913806,-0.005289674,0.000000000,1,0.007934340
22.473264,1788508094.399849415,car1,car2,0.800000000,0.000000000,0.000000000,0.779533327,0.002932295,0.000000000,1,0.020675664
22.473264,1788508094.399849415,car1,car4,0.000000000,0.800000000,0.000000000,0.006775856,0.799186341,0.000000000,1,0.006824534
22.473264,1788508094.399849415,car1,car5,0.800000000,0.800000000,0.000000000,0.772907913,0.798305623,0.000000000,1,0.027145020
22.473264,1788508094.399849415,car2,car1,-0.800000000,0.000000000,0.000000000,-0.779533327,-0.002932295,0.000000000,1,0.020675664
22.473264,1788508094.399849415,car2,car4,-0.800000000,0.800000000,0.000000000,-0.772757471,0.796254046,0.000000000,1,0.027498865
22.473264,1788508094.399849415,car2,car5,0.000000000,0.800000000,0.000000000,-0.006625414,0.795373328,0.000000000,1,0.008080978
22.473264,1788508094.399849415,car4,car1,0.000000000,-0.800000000,0.000000000,-0.006775856,-0.799186341,0.000000000,1,0.006824534
22.473264,1788508094.399849415,car4,car2,0.800000000,-0.800000000,0.000000000,0.772757471,-0.796254046,0.000000000,1,0.027498865
22.473264,1788508094.399849415,car4,car5,0.800000000,0.000000000,0.000000000,0.766132057,-0.000880718,0.000000000,1,0.033879393
22.473264,1788508094.399849415,car5,car1,-0.800000000,-0.800000000,0.000000000,-0.772907913,-0.798305623,0.000000000,1,0.027145020
22.473264,1788508094.399849415,car5,car2,0.000000000,-0.800000000,0.000000000,0.006625414,-0.795373328,0.000000000,1,0.008080978
22.473264,1788508094.399849415,car5,car4,-0.800000000,0.000000000,0.000000000,-0.766132057,0.000880718,0.000000000,1,0.033879393
22.675294,1788508094.599965096,car1,car2,0.800000000,0.000000000,0.000000000,0.831401765,0.002670750,0.000000000,1,0.031515136
22.675294,1788508094.599965096,car1,car4,0.000000000,0.800000000,0.000000000,0.039652884,0.802896068,0.000000000,1,0.039758501
22.675294,1788508094.599965096,car1,car5,0.800000000,0.800000000,0.000000000,0.854925811,0.796421275,0.000000000,1,0.055042275
22.675294,1788508094.599965096,car2,car1,-0.800000000,0.000000000,0.000000000,-0.831401765,-0.002670750,0.000000000,1,0.031515136
22.675294,1788508094.599965096,car2,car4,-0.800000000,0.800000000,0.000000000,-0.791748881,0.800225317,0.000000000,1,0.008254195
22.675294,1788508094.599965096,car2,car5,0.000000000,0.800000000,0.000000000,0.023524046,0.793750525,0.000000000,1,0.024340022
22.675294,1788508094.599965096,car4,car1,0.000000000,-0.800000000,0.000000000,-0.039652884,-0.802896068,0.000000000,1,0.039758501
22.675294,1788508094.599965096,car4,car2,0.800000000,-0.800000000,0.000000000,0.791748881,-0.800225317,0.000000000,1,0.008254195
22.675294,1788508094.599965096,car4,car5,0.800000000,0.000000000,0.000000000,0.815272927,-0.006474793,0.000000000,1,0.016588709
22.675294,1788508094.599965096,car5,car1,-0.800000000,-0.800000000,0.000000000,-0.854925811,-0.796421275,0.000000000,1,0.055042275
22.675294,1788508094.599965096,car5,car2,0.000000000,-0.800000000,0.000000000,-0.023524046,-0.793750525,0.000000000,1,0.024340022
22.675294,1788508094.599965096,car5,car4,-0.800000000,0.000000000,0.000000000,-0.815272927,0.006474793,0.000000000,1,0.016588709
22.878537,1788508094.799885035,car1,car2,0.800000000,0.000000000,0.000000000,0.827025414,-0.002164491,0.000000000,1,0.027111953
22.878537,1788508094.799885035,car1,car4,0.000000000,0.800000000,0.000000000,-0.016884387,0.798261032,0.000000000,1,0.016973701
22.878537,1788508094.799885035,car1,car5,0.800000000,0.800000000,0.000000000,0.810901880,0.791440949,0.000000000,1,0.013860316
22.878537,1788508094.799885035,car2,car1,-0.800000000,0.000000000,0.000000000,-0.827025414,0.002164491,0.000000000,1,0.027111953
22.878537,1788508094.799885035,car2,car4,-0.800000000,0.800000000,0.000000000,-0.843909800,0.800425522,0.000000000,1,0.043911862
22.878537,1788508094.799885035,car2,car5,0.000000000,0.800000000,0.000000000,-0.016123533,0.793605439,0.000000000,1,0.017345280
22.878537,1788508094.799885035,car4,car1,0.000000000,-0.800000000,0.000000000,0.016884387,-0.798261032,0.000000000,1,0.016973701
22.878537,1788508094.799885035,car4,car2,0.800000000,-0.800000000,0.000000000,0.843909800,-0.800425522,0.000000000,1,0.043911862
22.878537,1788508094.799885035,car4,car5,0.800000000,0.000000000,0.000000000,0.827786267,-0.006820083,0.000000000,1,0.028611014
22.878537,1788508094.799885035,car5,car1,-0.800000000,-0.800000000,0.000000000,-0.810901880,-0.791440949,0.000000000,1,0.013860316
22.878537,1788508094.799885035,car5,car2,0.000000000,-0.800000000,0.000000000,0.016123533,-0.793605439,0.000000000,1,0.017345280
22.878537,1788508094.799885035,car5,car4,-0.800000000,0.000000000,0.000000000,-0.827786267,0.006820083,0.000000000,1,0.028611014
23.081684,1788508094.999880075,car1,car2,0.800000000,0.000000000,0.000000000,0.769539416,-0.001914188,0.000000000,1,0.030520670
23.081684,1788508094.999880075,car1,car4,0.000000000,0.800000000,0.000000000,-0.022711217,0.798008889,0.000000000,1,0.022798331
23.081684,1788508094.999880075,car1,car5,0.800000000,0.800000000,0.000000000,0.733544767,0.791325361,0.000000000,1,0.067019008
23.081684,1788508094.999880075,car2,car1,-0.800000000,0.000000000,0.000000000,-0.769539416,0.001914188,0.000000000,1,0.030520670
23.081684,1788508094.999880075,car2,car4,-0.800000000,0.800000000,0.000000000,-0.792250633,0.799923077,0.000000000,1,0.007749749
23.081684,1788508094.999880075,car2,car5,0.000000000,0.800000000,0.000000000,-0.035994649,0.793239549,0.000000000,1,0.036624015
23.081684,1788508094.999880075,car4,car1,0.000000000,-0.800000000,0.000000000,0.022711217,-0.798008889,0.000000000,1,0.022798331
23.081684,1788508094.999880075,car4,car2,0.800000000,-0.800000000,0.000000000,0.792250633,-0.799923077,0.000000000,1,0.007749749
23.081684,1788508094.999880075,car4,car5,0.800000000,0.000000000,0.000000000,0.756255984,-0.006683528,0.000000000,1,0.044251649
23.081684,1788508094.999880075,car5,car1,-0.800000000,-0.800000000,0.000000000,-0.733544767,-0.791325361,0.000000000,1,0.067019008
23.081684,1788508094.999880075,car5,car2,0.000000000,-0.800000000,0.000000000,0.035994649,-0.793239549,0.000000000,1,0.036624015
23.081684,1788508094.999880075,car5,car4,-0.800000000,0.000000000,0.000000000,-0.756255984,0.006683528,0.000000000,1,0.044251649
23.283760,1788508095.199797869,car1,car2,0.800000000,0.000000000,0.000000000,0.789919376,-0.006300755,0.000000000,1,0.011887745
23.283760,1788508095.199797869,car1,car4,0.000000000,0.800000000,0.000000000,0.023137271,0.794934802,0.000000000,1,0.023685218
23.283760,1788508095.199797869,car1,car5,0.800000000,0.800000000,0.000000000,0.809696794,0.787535362,0.000000000,1,0.015792245
23.283760,1788508095.199797869,car2,car1,-0.800000000,0.000000000,0.000000000,-0.789919376,0.006300755,0.000000000,1,0.011887745
23.283760,1788508095.199797869,car2,car4,-0.800000000,0.800000000,0.000000000,-0.766782105,0.801235557,0.000000000,1,0.033240866
23.283760,1788508095.199797869,car2,car5,0.000000000,0.800000000,0.000000000,0.019777417,0.793836117,0.000000000,1,0.020715687
23.283760,1788508095.199797869,car4,car1,0.000000000,-0.800000000,0.000000000,-0.023137271,-0.794934802,0.000000000,1,0.023685218
23.283760,1788508095.199797869,car4,car2,0.800000000,-0.800000000,0.000000000,0.766782105,-0.801235557,0.000000000,1,0.033240866
23.283760,1788508095.199797869,car4,car5,0.800000000,0.000000000,0.000000000,0.786559522,-0.007399440,0.000000000,1,0.015342691
23.283760,1788508095.199797869,car5,car1,-0.800000000,-0.800000000,0.000000000,-0.809696794,-0.787535362,0.000000000,1,0.015792245
23.283760,1788508095.199797869,car5,car2,0.000000000,-0.800000000,0.000000000,-0.019777417,-0.793836117,0.000000000,1,0.020715687
23.283760,1788508095.199797869,car5,car4,-0.800000000,0.000000000,0.000000000,-0.786559522,0.007399440,0.000000000,1,0.015342691
23.485743,1788508095.399893761,car1,car2,0.800000000,0.000000000,0.000000000,0.829442382,-0.005421862,0.000000000,1,0.029937442
23.485743,1788508095.399893761,car1,car4,0.000000000,0.800000000,0.000000000,0.001156807,0.793599345,0.000000000,1,0.006504352
23.485743,1788508095.399893761,car1,car5,0.800000000,0.800000000,0.000000000,0.842811227,0.793468215,0.000000000,1,0.043306643
23.485743,1788508095.399893761,car2,car1,-0.800000000,0.000000000,0.000000000,-0.829442382,0.005421862,0.000000000,1,0.029937442
23.485743,1788508095.399893761,car2,car4,-0.800000000,0.800000000,0.000000000,-0.828285575,0.799021207,0.000000000,1,0.028302505
23.485743,1788508095.399893761,car2,car5,0.000000000,0.800000000,0.000000000,0.013368845,0.798890077,0.000000000,1,0.013414841
23.485743,1788508095.399893761,car4,car1,0.000000000,-0.800000000,0.000000000,-0.001156807,-0.793599345,0.000000000,1,0.006504352
23.485743,1788508095.399893761,car4,car2,0.800000000,-0.800000000,0.000000000,0.828285575,-0.799021207,0.000000000,1,0.028302505
23.485743,1788508095.399893761,car4,car5,0.800000000,0.000000000,0.000000000,0.841654420,-0.000131130,0.000000000,1,0.041654626
23.485743,1788508095.399893761,car5,car1,-0.800000000,-0.800000000,0.000000000,-0.842811227,-0.793468215,0.000000000,1,0.043306643
23.485743,1788508095.399893761,car5,car2,0.000000000,-0.800000000,0.000000000,-0.013368845,-0.798890077,0.000000000,1,0.013414841
23.485743,1788508095.399893761,car5,car4,-0.800000000,0.000000000,0.000000000,-0.841654420,0.000131130,0.000000000,1,0.041654626
23.687749,1788508095.609899044,car1,car2,0.800000000,0.000000000,0.000000000,0.787345469,-0.000905558,0.000000000,1,0.012686891
23.687749,1788508095.609899044,car1,car4,0.000000000,0.800000000,0.000000000,-0.022891700,0.797096521,0.000000000,1,0.023075098
23.687749,1788508095.609899044,car1,car5,0.800000000,0.800000000,0.000000000,0.757926524,0.796093613,0.000000000,1,0.042254435
23.687749,1788508095.609899044,car2,car1,-0.800000000,0.000000000,0.000000000,-0.787345469,0.000905558,0.000000000,1,0.012686891
23.687749,1788508095.609899044,car2,car4,-0.800000000,0.800000000,0.000000000,-0.810237169,0.798002079,0.000000000,1,0.010430308
23.687749,1788508095.609899044,car2,car5,0.000000000,0.800000000,0.000000000,-0.029418945,0.796999171,0.000000000,1,0.029571596
23.687749,1788508095.609899044,car4,car1,0.000000000,-0.800000000,0.000000000,0.022891700,-0.797096521,0.000000000,1,0.023075098
23.687749,1788508095.609899044,car4,car2,0.800000000,-0.800000000,0.000000000,0.810237169,-0.798002079,0.000000000,1,0.010430308
23.687749,1788508095.609899044,car4,car5,0.800000000,0.000000000,0.000000000,0.780818224,-0.001002908,0.000000000,1,0.019207976
23.687749,1788508095.609899044,car5,car1,-0.800000000,-0.800000000,0.000000000,-0.757926524,-0.796093613,0.000000000,1,0.042254435
23.687749,1788508095.609899044,car5,car2,0.000000000,-0.800000000,0.000000000,0.029418945,-0.796999171,0.000000000,1,0.029571596
23.687749,1788508095.609899044,car5,car4,-0.800000000,0.000000000,0.000000000,-0.780818224,0.001002908,0.000000000,1,0.019207976
23.891481,1788508095.819853544,car1,car2,0.800000000,0.000000000,0.000000000,0.777144015,-0.000155643,0.000000000,1,0.022856515
23.891481,1788508095.819853544,car1,car4,0.000000000,0.800000000,0.000000000,0.027057469,0.798864655,0.000000000,1,0.027081278
23.891481,1788508095.819853544,car1,car5,0.800000000,0.800000000,0.000000000,0.787942111,0.798529319,0.000000000,1,0.012147246
23.891481,1788508095.819853544,car2,car1,-0.800000000,0.000000000,0.000000000,-0.777144015,0.000155643,0.000000000,1,0.022856515
23.891481,1788508095.819853544,car2,car4,-0.800000000,0.800000000,0.000000000,-0.750086546,0.799020298,0.000000000,1,0.049923068
23.891481,1788508095.819853544,car2,car5,0.000000000,0.800000000,0.000000000,0.010798097,0.798684962,0.000000000,1,0.010877877
23.891481,1788508095.819853544,car4,car1,0.000000000,-0.800000000,0.000000000,-0.027057469,-0.798864655,0.000000000,1,0.027081278
23.891481,1788508095.819853544,car4,car2,0.800000000,-0.800000000,0.000000000,0.750086546,-0.799020298,0.000000000,1,0.049923068
23.891481,1788508095.819853544,car4,car5,0.800000000,0.000000000,0.000000000,0.760884643,-0.000335336,0.000000000,1,0.039116795
23.891481,1788508095.819853544,car5,car1,-0.800000000,-0.800000000,0.000000000,-0.787942111,-0.798529319,0.000000000,1,0.012147246
23.891481,1788508095.819853544,car5,car2,0.000000000,-0.800000000,0.000000000,-0.010798097,-0.798684962,0.000000000,1,0.010877877
23.891481,1788508095.819853544,car5,car4,-0.800000000,0.000000000,0.000000000,-0.760884643,0.000335336,0.000000000,1,0.039116795
24.093457,1788508096.019839048,car1,car2,0.800000000,0.000000000,0.000000000,0.823395491,0.002787590,0.000000000,1,0.023560977
24.093457,1788508096.019839048,car1,car4,0.000000000,0.800000000,0.000000000,0.004202068,0.800971113,0.000000000,1,0.004312822
24.093457,1788508096.019839048,car1,car5,0.800000000,0.800000000,0.000000000,0.836930156,0.802489124,0.000000000,1,0.037013945
24.093457,1788508096.019839048,car2,car1,-0.800000000,0.000000000,0.000000000,-0.823395491,-0.002787590,0.000000000,1,0.023560977
24.093457,1788508096.019839048,car2,car4,-0.800000000,0.800000000,0.000000000,-0.819193423,0.798183523,0.000000000,1,0.019279187
24.093457,1788508096.019839048,car2,car5,0.000000000,0.800000000,0.000000000,0.013534665,0.799701534,0.000000000,1,0.013537956
24.093457,1788508096.019839048,car4,car1,0.000000000,-0.800000000,0.000000000,-0.004202068,-0.800971113,0.000000000,1,0.004312822
24.093457,1788508096.019839048,car4,car2,0.800000000,-0.800000000,0.000000000,0.819193423,-0.798183523,0.000000000,1,0.019279187
24.093457,1788508096.019839048,car4,car5,0.800000000,0.000000000,0.000000000,0.832728088,0.001518011,0.000000000,1,0.032763274
24.093457,1788508096.019839048,car5,car1,-0.800000000,-0.800000000,0.000000000,-0.836930156,-0.802489124,0.000000000,1,0.037013945
24.093457,1788508096.019839048,car5,car2,0.000000000,-0.800000000,0.000000000,-0.013534665,-0.799701534,0.000000000,1,0.013537956
24.093457,1788508096.019839048,car5,car4,-0.800000000,0.000000000,0.000000000,-0.832728088,-0.001518011,0.000000000,1,0.032763274
24.295455,1788508096.209856510,car1,car2,0.800000000,0.000000000,0.000000000,0.811420381,0.001866534,0.000000000,1,0.011571908
24.295455,1788508096.209856510,car1,car4,0.000000000,0.800000000,0.000000000,-0.018765450,0.802969150,0.000000000,1,0.018998893
24.295455,1788508096.209856510,car1,car5,0.800000000,0.800000000,0.000000000,0.793008149,0.805877022,0.000000000,1,0.009133749
24.295455,1788508096.209856510,car2,car1,-0.800000000,0.000000000,0.000000000,-0.811420381,-0.001866534,0.000000000,1,0.011571908
24.295455,1788508096.209856510,car2,car4,-0.800000000,0.800000000,0.000000000,-0.830185831,0.801102616,0.000000000,1,0.030205962
24.295455,1788508096.209856510,car2,car5,0.000000000,0.800000000,0.000000000,-0.018412232,0.804010488,0.000000000,1,0.018843946
24.295455,1788508096.209856510,car4,car1,0.000000000,-0.800000000,0.000000000,0.018765450,-0.802969150,0.000000000,1,0.018998893
24.295455,1788508096.209856510,car4,car2,0.800000000,-0.800000000,0.000000000,0.830185831,-0.801102616,0.000000000,1,0.030205962
24.295455,1788508096.209856510,car4,car5,0.800000000,0.000000000,0.000000000,0.811773598,0.002907872,0.000000000,1,0.012127380
24.295455,1788508096.209856510,car5,car1,-0.800000000,-0.800000000,0.000000000,-0.793008149,-0.805877022,0.000000000,1,0.009133749
24.295455,1788508096.209856510,car5,car2,0.000000000,-0.800000000,0.000000000,0.018412232,-0.804010488,0.000000000,1,0.018843946
24.295455,1788508096.209856510,car5,car4,-0.800000000,0.000000000,0.000000000,-0.811773598,-0.002907872,0.000000000,1,0.012127380
24.497386,1788508096.419867992,car1,car2,0.800000000,0.000000000,0.000000000,0.752282143,0.001798727,0.000000000,1,0.047751747
24.497386,1788508096.419867992,car1,car4,0.000000000,0.800000000,0.000000000,-0.007061183,0.804577827,0.000000000,1,0.008415273
24.497386,1788508096.419867992,car1,car5,0.800000000,0.800000000,0.000000000,0.758086443,0.805487275,0.000000000,1,0.042271225
24.497386,1788508096.419867992,car2,car1,-0.800000000,0.000000000,0.000000000,-0.752282143,-0.001798727,0.000000000,1,0.047751747
24.497386,1788508096.419867992,car2,car4,-0.800000000,0.800000000,0.000000000,-0.759343326,0.802779101,0.000000000,1,0.040751546
24.497386,1788508096.419867992,car2,car5,0.000000000,0.800000000,0.000000000,0.005804300,0.803688549,0.000000000,1,0.006877157
24.497386,1788508096.419867992,car4,car1,0.000000000,-0.800000000,0.000000000,0.007061183,-0.804577827,0.000000000,1,0.008415273
24.497386,1788508096.419867992,car4,car2,0.800000000,-0.800000000,0.000000000,0.759343326,-0.802779101,0.000000000,1,0.040751546
24.497386,1788508096.419867992,car4,car5,0.800000000,0.000000000,0.000000000,0.765147626,0.000909448,0.000000000,1,0.034864237
24.497386,1788508096.419867992,car5,car1,-0.800000000,-0.800000000,0.000000000,-0.758086443,-0.805487275,0.000000000,1,0.042271225
24.497386,1788508096.419867992,car5,car2,0.000000000,-0.800000000,0.000000000,-0.005804300,-0.803688549,0.000000000,1,0.006877157
24.497386,1788508096.419867992,car5,car4,-0.800000000,0.000000000,0.000000000,-0.765147626,-0.000909448,0.000000000,1,0.034864237
24.700718,1788508096.630082130,car1,car2,0.800000000,0.000000000,0.000000000,0.816155374,0.002188213,0.000000000,1,0.016302895
24.700718,1788508096.630082130,car1,car4,0.000000000,0.800000000,0.000000000,0.005298316,0.805207945,0.000000000,1,0.007429324
24.700718,1788508096.630082130,car1,car5,0.800000000,0.800000000,0.000000000,0.837806642,0.802294172,0.000000000,1,0.037876185
24.700718,1788508096.630082130,car2,car1,-0.800000000,0.000000000,0.000000000,-0.816155374,-0.002188213,0.000000000,1,0.016302895
24.700718,1788508096.630082130,car2,car4,-0.800000000,0.800000000,0.000000000,-0.810857058,0.803019732,0.000000000,1,0.011269183
24.700718,1788508096.630082130,car2,car5,0.000000000,0.800000000,0.000000000,0.021651268,0.800105959,0.000000000,1,0.021651527
24.700718,1788508096.630082130,car4,car1,0.000000000,-0.800000000,0.000000000,-0.005298316,-0.805207945,0.000000000,1,0.007429324
24.700718,1788508096.630082130,car4,car2,0.800000000,-0.800000000,0.000000000,0.810857058,-0.803019732,0.000000000,1,0.011269183
24.700718,1788508096.630082130,car4,car5,0.800000000,0.000000000,0.000000000,0.832508326,-0.002913773,0.000000000,1,0.032638647
24.700718,1788508096.630082130,car5,car1,-0.800000000,-0.800000000,0.000000000,-0.837806642,-0.802294172,0.000000000,1,0.037876185
24.700718,1788508096.630082130,car5,car2,0.000000000,-0.800000000,0.000000000,-0.021651268,-0.800105959,0.000000000,1,0.021651527
24.700718,1788508096.630082130,car5,car4,-0.800000000,0.000000000,0.000000000,-0.832508326,0.002913773,0.000000000,1,0.032638647
24.902889,1788508096.829956770,car1,car2,0.800000000,0.000000000,0.000000000,0.836857498,0.005181968,0.000000000,1,0.037219994
24.902889,1788508096.829956770,car1,car4,0.000000000,0.800000000,0.000000000,0.002451658,0.804216996,0.000000000,1,0.004877877
24.902889,1788508096.829956770,car1,car5,0.800000000,0.800000000,0.000000000,0.828604043,0.805363730,0.000000000,1,0.029102592
24.902889,1788508096.829956770,car2,car1,-0.800000000,0.000000000,0.000000000,-0.836857498,-0.005181968,0.000000000,1,0.037219994
24.902889,1788508096.829956770,car2,car4,-0.800000000,0.800000000,0.000000000,-0.834405839,0.799035028,0.000000000,1,0.034419369
24.902889,1788508096.829956770,car2,car5,0.000000000,0.800000000,0.000000000,-0.008253455,0.800181761,0.000000000,1,0.008255456
24.902889,1788508096.829956770,car4,car1,0.000000000,-0.800000000,0.000000000,-0.002451658,-0.804216996,0.000000000,1,0.004877877
24.902889,1788508096.829956770,car4,car2,0.800000000,-0.800000000,0.000000000,0.834405839,-0.799035028,0.000000000,1,0.034419369
24.902889,1788508096.829956770,car4,car5,0.800000000,0.000000000,0.000000000,0.826152384,0.001146734,0.000000000,1,0.026177513
24.902889,1788508096.829956770,car5,car1,-0.800000000,-0.800000000,0.000000000,-0.828604043,-0.805363730,0.000000000,1,0.029102592
24.902889,1788508096.829956770,car5,car2,0.000000000,-0.800000000,0.000000000,0.008253455,-0.800181761,0.000000000,1,0.008255456
24.902889,1788508096.829956770,car5,car4,-0.800000000,0.000000000,0.000000000,-0.826152384,-0.001146734,0.000000000,1,0.026177513
25.104646,1788508097.029939413,car1,car2,0.800000000,0.000000000,0.000000000,0.757835984,0.005347095,0.000000000,1,0.042501714
25.104646,1788508097.029939413,car1,car4,0.000000000,0.800000000,0.000000000,-0.006617427,0.804936364,0.000000000,1,0.008255788
25.104646,1788508097.029939413,car1,car5,0.800000000,0.800000000,0.000000000,0.751955509,0.805208758,0.000000000,1,0.048326020
25.104646,1788508097.029939413,car2,car1,-0.800000000,0.000000000,0.000000000,-0.757835984,-0.005347095,0.000000000,1,0.042501714
25.104646,1788508097.029939413,car2,car4,-0.800000000,0.800000000,0.000000000,-0.764453411,0.799589269,0.000000000,1,0.035548962
25.104646,1788508097.029939413,car2,car5,0.000000000,0.800000000,0.000000000,-0.005880475,0.799861662,0.000000000,1,0.005882102
25.104646,1788508097.029939413,car4,car1,0.000000000,-0.800000000,0.000000000,0.006617427,-0.804936364,0.000000000,1,0.008255788
25.104646,1788508097.029939413,car4,car2,0.800000000,-0.800000000,0.000000000,0.764453411,-0.799589269,0.000000000,1,0.035548962
25.104646,1788508097.029939413,car4,car5,0.800000000,0.000000000,0.000000000,0.758572936,0.000272393,0.000000000,1,0.041427959
25.104646,1788508097.029939413,car5,car1,-0.800000000,-0.800000000,0.000000000,-0.751955509,-0.805208758,0.000000000,1,0.048326020
25.104646,1788508097.029939413,car5,car2,0.000000000,-0.800000000,0.000000000,0.005880475,-0.799861662,0.000000000,1,0.005882102
25.104646,1788508097.029939413,car5,car4,-0.800000000,0.000000000,0.000000000,-0.758572936,-0.000272393,0.000000000,1,0.041427959
25.306989,1788508097.229926348,car1,car2,0.800000000,0.000000000,0.000000000,0.793996096,0.006616272,0.000000000,1,0.008934312
25.306989,1788508097.229926348,car1,car4,0.000000000,0.800000000,0.000000000,0.001891494,0.807092272,0.000000000,1,0.007340168
25.306989,1788508097.229926348,car1,car5,0.800000000,0.800000000,0.000000000,0.797837257,0.802913629,0.000000000,1,0.003628593
25.306989,1788508097.229926348,car2,car1,-0.800000000,0.000000000,0.000000000,-0.793996096,-0.006616272,0.000000000,1,0.008934312
25.306989,1788508097.229926348,car2,car4,-0.800000000,0.800000000,0.000000000,-0.792104602,0.800476000,0.000000000,1,0.007909734
25.306989,1788508097.229926348,car2,car5,0.000000000,0.800000000,0.000000000,0.003841162,0.796297356,0.000000000,1,0.005335175
25.306989,1788508097.229926348,car4,car1,0.000000000,-0.800000000,0.000000000,-0.001891494,-0.807092272,0.000000000,1,0.007340168
25.306989,1788508097.229926348,car4,car2,0.800000000,-0.800000000,0.000000000,0.792104602,-0.800476000,0.000000000,1,0.007909734
25.306989,1788508097.229926348,car4,car5,0.800000000,0.000000000,0.000000000,0.795945764,-0.004178643,0.000000000,1,0.005822190
25.306989,1788508097.229926348,car5,car1,-0.800000000,-0.800000000,0.000000000,-0.797837257,-0.802913629,0.000000000,1,0.003628593
25.306989,1788508097.229926348,car5,car2,0.000000000,-0.800000000,0.000000000,-0.003841162,-0.796297356,0.000000000,1,0.005335175
25.306989,1788508097.229926348,car5,car4,-0.800000000,0.000000000,0.000000000,-0.795945764,0.004178643,0.000000000,1,0.005822190
25.510294,1788508097.439880371,car1,car2,0.800000000,0.000000000,0.000000000,0.853841782,0.008156352,0.000000000,1,0.054456070
25.510294,1788508097.439880371,car1,car4,0.000000000,0.800000000,0.000000000,0.010614991,0.806356594,0.000000000,1,0.012372725
25.510294,1788508097.439880371,car1,car5,0.800000000,0.800000000,0.000000000,0.855086327,0.805692241,0.000000000,1,0.055379644
25.510294,1788508097.439880371,car2,car1,-0.800000000,0.000000000,0.000000000,-0.853841782,-0.008156352,0.000000000,1,0.054456070
25.510294,1788508097.439880371,car2,car4,-0.800000000,0.800000000,0.000000000,-0.843226790,0.798200242,0.000000000,1,0.043264241
25.510294,1788508097.439880371,car2,car5,0.000000000,0.800000000,0.000000000,0.001244545,0.797535889,0.000000000,1,0.002760568
25.510294,1788508097.439880371,car4,car1,0.000000000,-0.800000000,0.000000000,-0.010614991,-0.806356594,0.000000000,1,0.012372725
25.510294,1788508097.439880371,car4,car2,0.800000000,-0.800000000,0.000000000,0.843226790,-0.798200242,0.000000000,1,0.043264241
25.510294,1788508097.439880371,car4,car5,0.800000000,0.000000000,0.000000000,0.844471335,-0.000664353,0.000000000,1,0.044476297
25.510294,1788508097.439880371,car5,car1,-0.800000000,-0.800000000,0.000000000,-0.855086327,-0.805692241,0.000000000,1,0.055379644
25.510294,1788508097.439880371,car5,car2,0.000000000,-0.800000000,0.000000000,-0.001244545,-0.797535889,0.000000000,1,0.002760568
25.510294,1788508097.439880371,car5,car4,-0.800000000,0.000000000,0.000000000,-0.844471335,0.000664353,0.000000000,1,0.044476297
25.711890,1788508097.639882565,car1,car2,0.800000000,0.000000000,0.000000000,0.787972450,0.004646562,0.000000000,1,0.012893894
25.711890,1788508097.639882565,car1,car4,0.000000000,0.800000000,0.000000000,0.007773519,0.804589212,0.000000000,1,0.009027096
25.711890,1788508097.639882565,car1,car5,0.800000000,0.800000000,0.000000000,0.776203394,0.803052127,0.000000000,1,0.023991539
25.711890,1788508097.639882565,car2,car1,-0.800000000,0.000000000,0.000000000,-0.787972450,-0.004646562,0.000000000,1,0.012893894
25.711890,1788508097.639882565,car2,car4,-0.800000000,0.800000000,0.000000000,-0.780198932,0.799942650,0.000000000,1,0.019801151
25.711890,1788508097.639882565,car2,car5,0.000000000,0.800000000,0.000000000,-0.011769056,0.798405565,0.000000000,1,0.011876570
25.711890,1788508097.639882565,car4,car1,0.000000000,-0.800000000,0.000000000,-0.007773519,-0.804589212,0.000000000,1,0.009027096
25.711890,1788508097.639882565,car4,car2,0.800000000,-0.800000000,0.000000000,0.780198932,-0.799942650,0.000000000,1,0.019801151
25.711890,1788508097.639882565,car4,car5,0.800000000,0.000000000,0.000000000,0.768429875,-0.001537085,0.000000000,1,0.031607521
25.711890,1788508097.639882565,car5,car1,-0.800000000,-0.800000000,0.000000000,-0.776203394,-0.803052127,0.000000000,1,0.023991539
25.711890,1788508097.639882565,car5,car2,0.000000000,-0.800000000,0.000000000,0.011769056,-0.798405565,0.000000000,1,0.011876570
25.711890,1788508097.639882565,car5,car4,-0.800000000,0.000000000,0.000000000,-0.768429875,0.001537085,0.000000000,1,0.031607521
25.913785,1788508097.839823484,car1,car2,0.800000000,0.000000000,0.000000000,0.762403011,0.001716956,0.000000000,1,0.037636173
25.913785,1788508097.839823484,car1,car4,0.000000000,0.800000000,0.000000000,0.001692653,0.801574871,0.000000000,1,0.002311989
25.913785,1788508097.839823484,car1,car5,0.800000000,0.800000000,0.000000000,0.772346735,0.800898001,0.000000000,1,0.027667842
25.913785,1788508097.839823484,car2,car1,-0.800000000,0.000000000,0.000000000,-0.762403011,-0.001716956,0.000000000,1,0.037636173
25.913785,1788508097.839823484,car2,car4,-0.800000000,0.800000000,0.000000000,-0.760710359,0.799857914,0.000000000,1,0.039289898
25.913785,1788508097.839823484,car2,car5,0.000000000,0.800000000,0.000000000,0.009943724,0.799181044,0.000000000,1,0.009977391
25.913785,1788508097.839823484,car4,car1,0.000000000,-0.800000000,0.000000000,-0.001692653,-0.801574871,0.000000000,1,0.002311989
25.913785,1788508097.839823484,car4,car2,0.800000000,-0.800000000,0.000000000,0.760710359,-0.799857914,0.000000000,1,0.039289898
25.913785,1788508097.839823484,car4,car5,0.800000000,0.000000000,0.000000000,0.770654082,-0.000676870,0.000000000,1,0.029353723
25.913785,1788508097.839823484,car5,car1,-0.800000000,-0.800000000,0.000000000,-0.772346735,-0.800898001,0.000000000,1,0.027667842
25.913785,1788508097.839823484,car5,car2,0.000000000,-0.800000000,0.000000000,-0.009943724,-0.799181044,0.000000000,1,0.009977391
25.913785,1788508097.839823484,car5,car4,-0.800000000,0.000000000,0.000000000,-0.770654082,0.000676870,0.000000000,1,0.029353723
26.115589,1788508098.039953232,car1,car2,0.800000000,0.000000000,0.000000000,0.834403872,0.004453629,0.000000000,1,0.034690939
26.115589,1788508098.039953232,car1,car4,0.000000000,0.800000000,0.000000000,0.005795360,0.801704787,0.000000000,1,0.006040901
26.115589,1788508098.039953232,car1,car5,0.800000000,0.800000000,0.000000000,0.848638892,0.798048757,0.000000000,1,0.048678015
26.115589,1788508098.039953232,car2,car1,-0.800000000,0.000000000,0.000000000,-0.834403872,-0.004453629,0.000000000,1,0.034690939
26.115589,1788508098.039953232,car2,car4,-0.800000000,0.800000000,0.000000000,-0.828608513,0.797251157,0.000000000,1,0.028740270
26.115589,1788508098.039953232,car2,car5,0.000000000,0.800000000,0.000000000,0.014235020,0.793595128,0.000000000,1,0.015609554
26.115589,1788508098.039953232,car4,car1,0.000000000,-0.800000000,0.000000000,-0.005795360,-0.801704787,0.000000000,1,0.006040901
26.115589,1788508098.039953232,car4,car2,0.800000000,-0.800000000,0.000000000,0.828608513,-0.797251157,0.000000000,1,0.028740270
26.115589,1788508098.039953232,car4,car5,0.800000000,0.000000000,0.000000000,0.842843533,-0.003656030,0.000000000,1,0.042999242
26.115589,1788508098.039953232,car5,car1,-0.800000000,-0.800000000,0.000000000,-0.848638892,-0.798048757,0.000000000,1,0.048678015
26.115589,1788508098.039953232,car5,car2,0.000000000,-0.800000000,0.000000000,-0.014235020,-0.793595128,0.000000000,1,0.015609554
26.115589,1788508098.039953232,car5,car4,-0.800000000,0.000000000,0.000000000,-0.842843533,0.003656030,0.000000000,1,0.042999242
26.317280,1788508098.239874363,car1,car2,0.800000000,0.000000000,0.000000000,0.808348894,0.001563400,0.000000000,1,0.008494013
26.317280,1788508098.239874363,car1,car4,0.000000000,0.800000000,0.000000000,0.000064373,0.799815066,0.000000000,1,0.000195817
26.317280,1788508098.239874363,car1,car5,0.800000000,0.800000000,0.000000000,0.800797701,0.794259019,0.000000000,1,0.005796136
26.317280,1788508098.239874363,car2,car1,-0.800000000,0.000000000,0.000000000,-0.808348894,-0.001563400,0.000000000,1,0.008494013
26.317280,1788508098.239874363,car2,car4,-0.800000000,0.800000000,0.000000000,-0.808284521,0.798251666,0.000000000,1,0.008466992
26.317280,1788508098.239874363,car2,car5,0.000000000,0.800000000,0.000000000,-0.007551193,0.792695619,0.000000000,1,0.010505927
26.317280,1788508098.239874363,car4,car1,0.000000000,-0.800000000,0.000000000,-0.000064373,-0.799815066,0.000000000,1,0.000195817
26.317280,1788508098.239874363,car4,car2,0.800000000,-0.800000000,0.000000000,0.808284521,-0.798251666,0.000000000,1,0.008466992
26.317280,1788508098.239874363,car4,car5,0.800000000,0.000000000,0.000000000,0.800733328,-0.005556047,0.000000000,1,0.005604233
26.317280,1788508098.239874363,car5,car1,-0.800000000,-0.800000000,0.000000000,-0.800797701,-0.794259019,0.000000000,1,0.005796136
26.317280,1788508098.239874363,car5,car2,0.000000000,-0.800000000,0.000000000,0.007551193,-0.792695619,0.000000000,1,0.010505927
26.317280,1788508098.239874363,car5,car4,-0.800000000,0.000000000,0.000000000,-0.800733328,0.005556047,0.000000000,1,0.005604233
26.519193,1788508098.440269470,car1,car2,0.800000000,0.000000000,0.000000000,0.749814749,-0.001630768,0.000000000,1,0.050211740
26.519193,1788508098.440269470,car1,car4,0.000000000,0.800000000,0.000000000,-0.014781833,0.798151851,0.000000000,1,0.014896920
26.519193,1788508098.440269470,car1,car5,0.800000000,0.800000000,0.000000000,0.745780468,0.794640839,0.000000000,1,0.054483743
26.519193,1788508098.440269470,car2,car1,-0.800000000,0.000000000,0.000000000,-0.749814749,0.001630768,0.000000000,1,0.050211740
26.519193,1788508098.440269470,car2,car4,-0.800000000,0.800000000,0.000000000,-0.764596581,0.799782619,0.000000000,1,0.035404086
26.519193,1788508098.440269470,car2,car5,0.000000000,0.800000000,0.000000000,-0.004034281,0.796271607,0.000000000,1,0.005493299
26.519193,1788508098.440269470,car4,car1,0.000000000,-0.800000000,0.000000000,0.014781833,-0.798151851,0.000000000,1,0.014896920
26.519193,1788508098.440269470,car4,car2,0.800000000,-0.800000000,0.000000000,0.764596581,-0.799782619,0.000000000,1,0.035404086
26.519193,1788508098.440269470,car4,car5,0.800000000,0.000000000,0.000000000,0.760562301,-0.003511012,0.000000000,1,0.039593678
26.519193,1788508098.440269470,car5,car1,-0.800000000,-0.800000000,0.000000000,-0.745780468,-0.794640839,0.000000000,1,0.054483743
26.519193,1788508098.440269470,car5,car2,0.000000000,-0.800000000,0.000000000,0.004034281,-0.796271607,0.000000000,1,0.005493299
26.519193,1788508098.440269470,car5,car4,-0.800000000,0.000000000,0.000000000,-0.760562301,0.003511012,0.000000000,1,0.039593678
26.721362,1788508098.650318623,car1,car2,0.800000000,0.000000000,0.000000000,0.810894132,-0.007611141,0.000000000,1,0.013289528
26.721362,1788508098.650318623,car1,car4,0.000000000,0.800000000,0.000000000,-0.009837747,0.792551272,0.000000000,1,0.012339563
26.721362,1788508098.650318623,car1,car5,0.800000000,0.800000000,0.000000000,0.822098732,0.790296547,0.000000000,1,0.024135264
26.721362,1788508098.650318623,car2,car1,-0.800000000,0.000000000,0.000000000,-0.810894132,0.007611141,0.000000000,1,0.013289528
26.721362,1788508098.650318623,car2,car4,-0.800000000,0.800000000,0.000000000,-0.820731878,0.800162412,0.000000000,1,0.020732514
26.721362,1788508098.650318623,car2,car5,0.000000000,0.800000000,0.000000000,0.011204600,0.797907688,0.000000000,1,0.011398282
26.721362,1788508098.650318623,car4,car1,0.000000000,-0.800000000,0.000000000,0.009837747,-0.792551272,0.000000000,1,0.012339563
26.721362,1788508098.650318623,car4,car2,0.800000000,-0.800000000,0.000000000,0.820731878,-0.800162412,0.000000000,1,0.020732514
26.721362,1788508098.650318623,car4,car5,0.800000000,0.000000000,0.000000000,0.831936479,-0.002254725,0.000000000,1,0.032015972
26.721362,1788508098.650318623,car5,car1,-0.800000000,-0.800000000,0.000000000,-0.822098732,-0.790296547,0.000000000,1,0.024135264
26.721362,1788508098.650318623,car5,car2,0.000000000,-0.800000000,0.000000000,-0.011204600,-0.797907688,0.000000000,1,0.011398282
26.721362,1788508098.650318623,car5,car4,-0.800000000,0.000000000,0.000000000,-0.831936479,0.002254725,0.000000000,1,0.032015972
26.923155,1788508098.850068331,car1,car2,0.800000000,0.000000000,0.000000000,0.833141804,-0.005718514,0.000000000,1,0.033631541
26.923155,1788508098.850068331,car1,car4,0.000000000,0.800000000,0.000000000,0.016636848,0.794356383,0.000000000,1,0.017568015
26.923155,1788508098.850068331,car1,car5,0.800000000,0.800000000,0.000000000,0.829098582,0.789413072,0.000000000,1,0.030964666
26.923155,1788508098.850068331,car2,car1,-0.800000000,0.000000000,0.000000000,-0.833141804,0.005718514,0.000000000,1,0.033631541
26.923155,1788508098.850068331,car2,car4,-0.800000000,0.800000000,0.000000000,-0.816504955,0.800074898,0.000000000,1,0.016505125
26.923155,1788508098.850068331,car2,car5,0.000000000,0.800000000,0.000000000,-0.004043221,0.795131586,0.000000000,1,0.006328435
26.923155,1788508098.850068331,car4,car1,0.000000000,-0.800000000,0.000000000,-0.016636848,-0.794356383,0.000000000,1,0.017568015
26.923155,1788508098.850068331,car4,car2,0.800000000,-0.800000000,0.000000000,0.816504955,-0.800074898,0.000000000,1,0.016505125
26.923155,1788508098.850068331,car4,car5,0.800000000,0.000000000,0.000000000,0.812461734,-0.004943311,0.000000000,1,0.013406384
26.923155,1788508098.850068331,car5,car1,-0.800000000,-0.800000000,0.000000000,-0.829098582,-0.789413072,0.000000000,1,0.030964666
26.923155,1788508098.850068331,car5,car2,0.000000000,-0.800000000,0.000000000,0.004043221,-0.795131586,0.000000000,1,0.006328435
26.923155,1788508098.850068331,car5,car4,-0.800000000,0.000000000,0.000000000,-0.812461734,0.004943311,0.000000000,1,0.013406384
27.124999,1788508099.049806595,car1,car2,0.800000000,0.000000000,0.000000000,0.758347154,-0.006448537,0.000000000,1,0.042149060
27.124999,1788508099.049806595,car1,car4,0.000000000,0.800000000,0.000000000,0.009866595,0.798183888,0.000000000,1,0.010032346
27.124999,1788508099.049806595,car1,car5,0.800000000,0.800000000,0.000000000,0.750423908,0.790260047,0.000000000,1,0.050523812
27.124999,1788508099.049806595,car2,car1,-0.800000000,0.000000000,0.000000000,-0.758347154,0.006448537,0.000000000,1,0.042149060
27.124999,1788508099.049806595,car2,car4,-0.800000000,0.800000000,0.000000000,-0.748480558,0.804632425,0.000000000,1,0.051727287
27.124999,1788508099.049806595,car2,car5,0.000000000,0.800000000,0.000000000,-0.007923245,0.796708584,0.000000000,1,0.008579699
27.124999,1788508099.049806595,car4,car1,0.000000000,-0.800000000,0.000000000,-0.009866595,-0.798183888,0.000000000,1,0.010032346
27.124999,1788508099.049806595,car4,car2,0.800000000,-0.800000000,0.000000000,0.748480558,-0.804632425,0.000000000,1,0.051727287
27.124999,1788508099.049806595,car4,car5,0.800000000,0.000000000,0.000000000,0.740557313,-0.007923841,0.000000000,1,0.059968494
27.124999,1788508099.049806595,car5,car1,-0.800000000,-0.800000000,0.000000000,-0.750423908,-0.790260047,0.000000000,1,0.050523812
27.124999,1788508099.049806595,car5,car2,0.000000000,-0.800000000,0.000000000,0.007923245,-0.796708584,0.000000000,1,0.008579699
27.124999,1788508099.049806595,car5,car4,-0.800000000,0.000000000,0.000000000,-0.740557313,0.007923841,0.000000000,1,0.059968494
27.326945,1788508099.249823332,car1,car2,0.800000000,0.000000000,0.000000000,0.780488491,-0.002557717,0.000000000,1,0.019678437
27.326945,1788508099.249823332,car1,car4,0.000000000,0.800000000,0.000000000,-0.020820856,0.801211126,0.000000000,1,0.020856051
27.326945,1788508099.249823332,car1,car5,0.800000000,0.800000000,0.000000000,0.788138866,0.795484193,0.000000000,1,0.012691690
27.326945,1788508099.249823332,car2,car1,-0.800000000,0.000000000,0.000000000,-0.780488491,0.002557717,0.000000000,1,0.019678437
27.326945,1788508099.249823332,car2,car4,-0.800000000,0.800000000,0.000000000,-0.801309347,0.803768843,0.000000000,1,0.003989808
27.326945,1788508099.249823332,car2,car5,0.000000000,0.800000000,0.000000000,0.007650375,0.798041910,0.000000000,1,0.007896984
27.326945,1788508099.249823332,car4,car1,0.000000000,-0.800000000,0.000000000,0.020820856,-0.801211126,0.000000000,1,0.020856051
27.326945,1788508099.249823332,car4,car2,0.800000000,-0.800000000,0.000000000,0.801309347,-0.803768843,0.000000000,1,0.003989808
27.326945,1788508099.249823332,car4,car5,0.800000000,0.000000000,0.000000000,0.808959723,-0.005726933,0.000000000,1,0.010633644
27.326945,1788508099.249823332,car5,car1,-0.800000000,-0.800000000,0.000000000,-0.788138866,-0.795484193,0.000000000,1,0.012691690
27.326945,1788508099.249823332,car5,car2,0.000000000,-0.800000000,0.000000000,-0.007650375,-0.798041910,0.000000000,1,0.007896984
27.326945,1788508099.249823332,car5,car4,-0.800000000,0.000000000,0.000000000,-0.808959723,0.005726933,0.000000000,1,0.010633644
27.529724,1788508099.439736843,car1,car2,0.800000000,0.000000000,0.000000000,0.852794766,-0.001850635,0.000000000,1,0.052827192
27.529724,1788508099.439736843,car1,car4,0.000000000,0.800000000,0.000000000,0.012625456,0.799900115,0.000000000,1,0.012625851
27.529724,1788508099.439736843,car1,car5,0.800000000,0.800000000,0.000000000,0.845381618,0.795397103,0.000000000,1,0.045614448
27.529724,1788508099.439736843,car2,car1,-0.800000000,0.000000000,0.000000000,-0.852794766,0.001850635,0.000000000,1,0.052827192
27.529724,1788508099.439736843,car2,car4,-0.800000000,0.800000000,0.000000000,-0.840169311,0.801750749,0.000000000,1,0.040207445
27.529724,1788508099.439736843,car2,car5,0.000000000,0.800000000,0.000000000,-0.007413149,0.797247738,0.000000000,1,0.007907574
27.529724,1788508099.439736843,car4,car1,0.000000000,-0.800000000,0.000000000,-0.012625456,-0.799900115,0.000000000,1,0.012625851
27.529724,1788508099.439736843,car4,car2,0.800000000,-0.800000000,0.000000000,0.840169311,-0.801750749,0.000000000,1,0.040207445
27.529724,1788508099.439736843,car4,car5,0.800000000,0.000000000,0.000000000,0.832756162,-0.004503012,0.000000000,1,0.033064229
27.529724,1788508099.439736843,car5,car1,-0.800000000,-0.800000000,0.000000000,-0.845381618,-0.795397103,0.000000000,1,0.045614448
27.529724,1788508099.439736843,car5,car2,0.000000000,-0.800000000,0.000000000,0.007413149,-0.797247738,0.000000000,1,0.007907574
27.529724,1788508099.439736843,car5,car4,-0.800000000,0.000000000,0.000000000,-0.832756162,0.004503012,0.000000000,1,0.033064229
27.731412,1788508099.659920692,car1,car2,0.800000000,0.000000000,0.000000000,0.784378529,0.000400275,0.000000000,1,0.015626599
27.731412,1788508099.659920692,car1,car4,0.000000000,0.800000000,0.000000000,0.009874701,0.801135808,0.000000000,1,0.009939808
27.731412,1788508099.659920692,car1,car5,0.800000000,0.800000000,0.000000000,0.764005899,0.796980292,0.000000000,1,0.036120547
27.731412,1788508099.659920692,car2,car1,-0.800000000,0.000000000,0.000000000,-0.784378529,-0.000400275,0.000000000,1,0.015626599
27.731412,1788508099.659920692,car2,car4,-0.800000000,0.800000000,0.000000000,-0.774503827,0.800735533,0.000000000,1,0.025506780
27.731412,1788508099.659920692,car2,car5,0.000000000,0.800000000,0.000000000,-0.020372629,0.796580017,0.000000000,1,0.020657694
27.731412,1788508099.659920692,car4,car1,0.000000000,-0.800000000,0.000000000,-0.009874701,-0.801135808,0.000000000,1,0.009939808
27.731412,1788508099.659920692,car4,car2,0.800000000,-0.800000000,0.000000000,0.774503827,-0.800735533,0.000000000,1,0.025506780
27.731412,1788508099.659920692,car4,car5,0.800000000,0.000000000,0.000000000,0.754131198,-0.004155517,0.000000000,1,0.046056653
27.731412,1788508099.659920692,car5,car1,-0.800000000,-0.800000000,0.000000000,-0.764005899,-0.796980292,0.000000000,1,0.036120547
27.731412,1788508099.659920692,car5,car2,0.000000000,-0.800000000,0.000000000,0.020372629,-0.796580017,0.000000000,1,0.020657694
27.731412,1788508099.659920692,car5,car4,-0.800000000,0.000000000,0.000000000,-0.754131198,0.004155517,0.000000000,1,0.046056653
27.933199,1788508099.859926939,car1,car2,0.800000000,0.000000000,0.000000000,0.759177804,-0.003165223,0.000000000,1,0.040944723
27.933199,1788508099.859926939,car1,car4,0.000000000,0.800000000,0.000000000,-0.031964421,0.800977811,0.000000000,1,0.031979374
27.933199,1788508099.859926939,car1,car5,0.800000000,0.800000000,0.000000000,0.773724914,0.799163863,0.000000000,1,0.026288387
27.933199,1788508099.859926939,car2,car1,-0.800000000,0.000000000,0.000000000,-0.759177804,0.003165223,0.000000000,1,0.040944723
27.933199,1788508099.859926939,car2,car4,-0.800000000,0.800000000,0.000000000,-0.791142225,0.804143034,0.000000000,1,0.009778799
27.933199,1788508099.859926939,car2,car5,0.000000000,0.800000000,0.000000000,0.014547110,0.802329086,0.000000000,1,0.014732381
27.933199,1788508099.859926939,car4,car1,0.000000000,-0.800000000,0.000000000,0.031964421,-0.800977811,0.000000000,1,0.031979374
27.933199,1788508099.859926939,car4,car2,0.800000000,-0.800000000,0.000000000,0.791142225,-0.804143034,0.000000000,1,0.009778799
27.933199,1788508099.859926939,car4,car5,0.800000000,0.000000000,0.000000000,0.805689335,-0.001813948,0.000000000,1,0.005971511
27.933199,1788508099.859926939,car5,car1,-0.800000000,-0.800000000,0.000000000,-0.773724914,-0.799163863,0.000000000,1,0.026288387
27.933199,1788508099.859926939,car5,car2,0.000000000,-0.800000000,0.000000000,-0.014547110,-0.802329086,0.000000000,1,0.014732381
27.933199,1788508099.859926939,car5,car4,-0.800000000,0.000000000,0.000000000,-0.805689335,0.001813948,0.000000000,1,0.005971511
28.135682,1788508100.053842306,car1,car2,0.800000000,0.000000000,0.000000000,0.832350850,0.000706509,0.000000000,1,0.032358564
28.135682,1788508100.053842306,car1,car4,0.000000000,0.800000000,0.000000000,0.006883979,0.802527577,0.000000000,1,0.007333335
28.135682,1788508100.053842306,car1,car5,0.800000000,0.800000000,0.000000000,0.849239945,0.804370910,0.000000000,1,0.049433562
28.135682,1788508100.053842306,car2,car1,-0.800000000,0.000000000,0.000000000,-0.832350850,-0.000706509,0.000000000,1,0.032358564
28.135682,1788508100.053842306,car2,car4,-0.800000000,0.800000000,0.000000000,-0.825466871,0.801821068,0.000000000,1,0.025531898
28.135682,1788508100.053842306,car2,car5,0.000000000,0.800000000,0.000000000,0.016889095,0.803664401,0.000000000,1,0.017282054
28.135682,1788508100.053842306,car4,car1,0.000000000,-0.800000000,0.000000000,-0.006883979,-0.802527577,0.000000000,1,0.007333335
28.135682,1788508100.053842306,car4,car2,0.800000000,-0.800000000,0.000000000,0.825466871,-0.801821068,0.000000000,1,0.025531898
28.135682,1788508100.053842306,car4,car5,0.800000000,0.000000000,0.000000000,0.842355967,0.001843333,0.000000000,1,0.042396059
28.135682,1788508100.053842306,car5,car1,-0.800000000,-0.800000000,0.000000000,-0.849239945,-0.804370910,0.000000000,1,0.049433562
28.135682,1788508100.053842306,car5,car2,0.000000000,-0.800000000,0.000000000,-0.016889095,-0.803664401,0.000000000,1,0.017282054
28.135682,1788508100.053842306,car5,car4,-0.800000000,0.000000000,0.000000000,-0.842355967,-0.001843333,0.000000000,1,0.042396059
28.338022,1788508100.259878397,car1,car2,0.800000000,0.000000000,0.000000000,0.813310623,-0.000454739,0.000000000,1,0.013318389
28.338022,1788508100.259878397,car1,car4,0.000000000,0.800000000,0.000000000,0.020930171,0.805128366,0.000000000,1,0.021549297
28.338022,1788508100.259878397,car1,car5,0.800000000,0.800000000,0.000000000,0.794826984,0.808858007,0.000000000,1,0.010257894
28.338022,1788508100.259878397,car2,car1,-0.800000000,0.000000000,0.000000000,-0.813310623,0.000454739,0.000000000,1,0.013318389
28.338022,1788508100.259878397,car2,car4,-0.800000000,0.800000000,0.000000000,-0.792380452,0.805583104,0.000000000,1,0.009446087
28.338022,1788508100.259878397,car2,car5,0.000000000,0.800000000,0.000000000,-0.018483639,0.809312746,0.000000000,1,0.020697153
28.338022,1788508100.259878397,car4,car1,0.000000000,-0.800000000,0.000000000,-0.020930171,-0.805128366,0.000000000,1,0.021549297
28.338022,1788508100.259878397,car4,car2,0.800000000,-0.800000000,0.000000000,0.792380452,-0.805583104,0.000000000,1,0.009446087
28.338022,1788508100.259878397,car4,car5,0.800000000,0.000000000,0.000000000,0.773896813,0.003729641,0.000000000,1,0.026368287
28.338022,1788508100.259878397,car5,car1,-0.800000000,-0.800000000,0.000000000,-0.794826984,-0.808858007,0.000000000,1,0.010257894
28.338022,1788508100.259878397,car5,car2,0.000000000,-0.800000000,0.000000000,0.018483639,-0.809312746,0.000000000,1,0.020697153
28.338022,1788508100.259878397,car5,car4,-0.800000000,0.000000000,0.000000000,-0.773896813,-0.003729641,0.000000000,1,0.026368287
28.541502,1788508100.470169067,car1,car2,0.800000000,0.000000000,0.000000000,0.742322445,-0.001097299,0.000000000,1,0.057687992
28.541502,1788508100.470169067,car1,car4,0.000000000,0.800000000,0.000000000,-0.032817125,0.803891733,0.000000000,1,0.033047077
28.541502,1788508100.470169067,car1,car5,0.800000000,0.800000000,0.000000000,0.756528378,0.804315761,0.000000000,1,0.043685326
28.541502,1788508100.470169067,car2,car1,-0.800000000,0.000000000,0.000000000,-0.742322445,0.001097299,0.000000000,1,0.057687992
28.541502,1788508100.470169067,car2,car4,-0.800000000,0.800000000,0.000000000,-0.775139570,0.804989032,0.000000000,1,0.025356092
28.541502,1788508100.470169067,car2,car5,0.000000000,0.800000000,0.000000000,0.014205933,0.805413060,0.000000000,1,0.015202294
28.541502,1788508100.470169067,car4,car1,0.000000000,-0.800000000,0.000000000,0.032817125,-0.803891733,0.000000000,1,0.033047077
28.541502,1788508100.470169067,car4,car2,0.800000000,-0.800000000,0.000000000,0.775139570,-0.804989032,0.000000000,1,0.025356092
28.541502,1788508100.470169067,car4,car5,0.800000000,0.000000000,0.000000000,0.789345503,0.000424027,0.000000000,1,0.010662932
28.541502,1788508100.470169067,car5,car1,-0.800000000,-0.800000000,0.000000000,-0.756528378,-0.804315761,0.000000000,1,0.043685326
28.541502,1788508100.470169067,car5,car2,0.000000000,-0.800000000,0.000000000,-0.014205933,-0.805413060,0.000000000,1,0.015202294
28.541502,1788508100.470169067,car5,car4,-0.800000000,0.000000000,0.000000000,-0.789345503,-0.000424027,0.000000000,1,0.010662932
