time_s,mocap_time_s,vehicle_id,x_m,y_m,z_m,yaw_rad,target_vx_mps,target_vy_mps,target_vz_mps,measured_vx_mps,measured_vy_mps,measured_vz_mps,target_heading_rad,target_speed_mps,measured_speed_mps,speed_command_mps,angle_command,front_left_command,front_right_command,rear_left_command,rear_right_command,command_sent
0.000000,1788508071.929908514,car1,-0.716289,-0.237266,0.139863,-0.352577,-0.245061,0.048069,0.000000,-0.000009,-0.000198,-0.000008,0.000000,0.249731,0.000199,0.000000,0.000000,-75.882941,-73.447996,-100.000000,-49.330938,1
0.000000,1788508071.929908514,car2,-0.175202,0.159857,0.105969,-0.579026,-0.021667,-0.248980,0.000000,0.000014,0.000007,0.000119,0.000000,0.249921,0.000016,0.000000,0.000000,65.187380,-35.000000,-42.341320,100.000000,1
0.000000,1788508071.929908514,car4,-1.147853,0.185762,0.140492,-0.766208,0.078313,0.237413,0.000000,0.000174,-0.000059,0.000247,0.000000,0.249996,0.000183,0.000000,0.000000,-100.000000,49.169533,35.000000,-56.632727,1
0.000000,1788508071.929908514,car5,-0.380000,0.768981,0.131153,2.710948,0.189037,-0.161500,0.000000,0.000147,-0.000050,0.000125,0.000000,0.248631,0.000155,0.000000,0.000000,-53.742298,-66.021863,-35.000000,-100.000000,1
0.202432,1788508072.119751692,car1,-0.716154,-0.237351,0.139877,-0.350504,-0.245084,0.047968,0.000000,0.000225,-0.000238,-0.000206,0.000000,0.249734,0.000328,0.000000,0.000000,-72.991271,-74.018828,-100.000000,-47.010099,1
0.202432,1788508072.119751692,car2,-0.175233,0.159562,0.106124,-0.588833,-0.021845,-0.248964,0.000000,-0.000518,-0.000216,0.000653,0.000000,0.249921,0.000561,0.000000,0.000000,66.865697,-35.000000,-37.001853,100.000000,1
0.202432,1788508072.119751692,car4,-1.148004,0.185532,0.140593,-0.778696,0.078243,0.237436,0.000000,-0.000566,-0.000295,-0.000995,0.000000,0.249996,0.000638,0.000000,0.000000,-100.000000,43.400688,35.000000,-58.947691,1
0.202432,1788508072.119751692,car5,-0.380996,0.769059,0.131255,2.718504,0.189277,-0.161256,0.000000,-0.001263,0.000636,0.000814,0.000000,0.248655,0.001414,0.000000,0.000000,-55.099787,-61.280408,-35.000000,-100.000000,1
0.404295,1788508072.330140829,car1,-0.753481,-0.223015,0.140788,-0.292550,-0.246142,0.038955,0.000000,-0.165681,0.065081,0.004642,0.000000,0.249206,0.178005,0.000000,0.000000,-69.501436,-78.223768,-100.000000,-47.725204,1
0.404295,1788508072.330140829,car2,-0.167846,0.141662,0.106297,-0.559733,-0.026150,-0.248513,0.000000,0.035954,-0.082488,0.000491,0.000000,0.249885,0.089983,0.000000,0.000000,66.501791,-35.000000,-45.553218,100.000000,1
0.404295,1788508072.330140829,car4,-1.143592,0.203841,0.140111,-0.688817,0.081124,0.236464,0.000000,0.020020,0.087605,-0.003301,0.000000,0.249993,0.089863,0.000000,0.000000,-100.000000,51.929851,35.000000,-59.894107,1
0.404295,1788508072.330140829,car5,-0.343399,0.742825,0.130061,2.559197,0.183397,-0.164161,0.000000,0.171094,-0.120954,-0.005781,0.000000,0.246137,0.209530,0.000000,0.000000,-49.963979,-72.561102,-35.000000,-100.000000,1
0.606477,1788508072.529812098,car1,-0.815031,-0.204581,0.141064,-0.216990,-0.244791,0.023107,0.000000,-0.318067,0.096750,0.001400,0.000000,0.245879,0.332456,0.000000,0.000000,-48.000749,-69.250499,-86.609702,-35.000000,1
0.606477,1788508072.529812098,car2,-0.156231,0.121519,0.106672,-0.419377,-0.036133,-0.247202,0.000000,0.050771,-0.106189,0.001700,0.000000,0.249829,0.117702,0.000000,0.000000,71.147729,-35.000000,-63.177985,100.000000,1
0.606477,1788508072.529812098,car4,-1.136004,0.228507,0.139966,-0.520817,0.082640,0.235931,0.000000,0.039144,0.124943,-0.001538,0.000000,0.249985,0.130931,0.000000,0.000000,-100.000000,63.411162,35.000000,-65.952526,1
0.606477,1788508072.529812098,car5,-0.298038,0.706572,0.129463,2.417108,0.168562,-0.163081,0.000000,0.240658,-0.189031,-0.005480,0.000000,0.234539,0.306021,0.000000,0.000000,-39.689748,-74.227348,-35.000000,-99.689748,1
0.808566,1788508072.729833841,car1,-0.879359,-0.189111,0.140969,-0.166991,-0.229527,0.000603,0.000000,-0.324943,0.079247,0.000756,0.000000,0.229528,0.334466,0.000000,0.000000,-35.000000,-65.353681,-78.712978,-35.000000,1
0.808566,1788508072.729833841,car2,-0.149612,0.120737,0.106648,-0.417960,-0.042119,-0.246263,0.000000,0.041620,-0.013738,0.000366,0.000000,0.249839,0.043829,0.000000,0.000000,71.867450,-35.000000,-60.112637,100.000000,1
0.808566,1788508072.729833841,car4,-1.130540,0.252256,0.140329,-0.246831,0.083953,0.235452,0.000000,0.032783,0.126950,0.000292,0.000000,0.249971,0.131115,0.000000,0.000000,-93.176729,86.100839,66.354391,-73.430281,1
0.808566,1788508072.729833841,car5,-0.250692,0.660969,0.128026,2.302578,0.123338,-0.127477,0.000000,0.239506,-0.225868,-0.007296,0.000000,0.177377,0.329211,0.000000,0.000000,-35.000000,-51.037589,35.000000,-69.848624,1
1.011708,1788508072.940113783,car1,-0.947928,-0.181277,0.141858,-0.116068,-0.174273,-0.019218,0.000000,-0.324927,0.038458,0.000567,0.000000,0.175330,0.327195,0.000000,0.000000,-35.000000,-44.276290,-53.561757,35.000000,1
1.011708,1788508072.940113783,car2,-0.149386,0.122417,0.106527,-0.376371,-0.051916,-0.244402,0.000000,0.000419,0.008783,-0.000491,0.000000,0.249855,0.008793,0.000000,0.000000,74.873016,-35.000000,-57.439776,100.000000,1
1.011708,1788508072.940113783,car4,-1.124089,0.277749,0.140799,-0.139393,0.077390,0.237654,0.000000,0.024299,0.117649,0.002262,0.000000,0.249937,0.120132,0.000000,0.000000,-80.707204,88.884723,77.733299,-69.555780,1
1.011708,1788508072.940113783,car5,-0.240512,0.626208,0.127992,1.707248,0.076585,-0.045686,0.000000,0.057653,-0.171926,0.000548,0.000000,0.089177,0.181335,0.000000,0.000000,38.142524,-41.695400,35.000000,-35.000000,1
1.214474,1788508073.139910936,car1,-0.983364,-0.176948,0.141538,0.214460,-0.102566,-0.034251,0.000000,-0.201845,0.025473,0.000355,0.000000,0.108133,0.203446,0.000000,0.000000,35.000000,-48.296438,-35.000000,35.000000,1
1.214474,1788508073.139910936,car2,-0.149289,0.122228,0.106455,-0.378628,-0.053718,-0.244012,0.000000,0.001321,-0.001342,-0.000953,0.000000,0.249855,0.001883,0.000000,0.000000,74.946048,-35.000000,-56.264957,100.000000,1
1.214474,1788508073.139910936,car4,-1.093158,0.271237,0.140199,-0.324095,0.054115,0.244005,0.000000,0.138039,-0.022101,-0.000276,0.000000,0.249933,0.139797,0.000000,0.000000,-100.000000,44.852404,35.000000,-79.736455,1
1.214474,1788508073.139910936,car5,-0.244886,0.629860,0.128474,1.016142,0.082304,-0.055247,0.000000,-0.021557,0.005391,0.001916,0.000000,0.099127,0.022221,0.000000,0.000000,56.651138,-63.066224,-35.000000,-35.000000,1
1.416595,1788508073.340766430,car1,-0.985827,-0.193223,0.140862,0.168059,-0.079368,0.010276,0.000000,-0.006302,-0.077197,0.001455,0.000000,0.080030,0.077454,0.000000,0.000000,-35.000000,-35.000000,-35.000000,-35.000000,1
1.416595,1788508073.340766430,car2,-0.149149,0.122302,0.106365,-0.374439,-0.048958,-0.245012,0.000000,0.000482,0.000294,0.000018,0.000000,0.249856,0.000565,0.000000,0.000000,75.859548,-35.000000,-51.774453,100.000000,1
1.416595,1788508073.340766430,car4,-1.068275,0.273777,0.140608,-0.193316,0.041577,0.246437,0.000000,0.135907,0.007748,-0.002782,0.000000,0.249919,0.136127,0.000000,0.000000,-100.000000,47.384376,35.000000,-87.004806,1
1.416595,1788508073.340766430,car5,-0.242879,0.637566,0.128222,0.376469,0.091766,-0.080389,0.000000,0.002604,0.049727,-0.001401,0.000000,0.121997,0.049795,0.000000,0.000000,72.402546,-45.271520,-35.000000,42.285001,1
1.619112,1788508073.530027866,car1,-1.014391,-0.199459,0.141654,0.086882,0.008408,0.037189,0.000000,-0.144377,-0.040693,0.001366,0.000000,0.038128,0.150002,0.000000,0.000000,35.000000,35.000000,35.000000,35.000000,1
1.619112,1788508073.530027866,car2,-0.149341,0.122077,0.106497,-0.382208,-0.049332,-0.244928,0.000000,-0.000467,-0.000911,0.000224,0.000000,0.249847,0.001024,0.000000,0.000000,75.933218,-35.000000,-48.634252,100.000000,1
1.619112,1788508073.530027866,car4,-1.065395,0.289327,0.139743,-0.274143,0.040955,0.246506,0.000000,0.014333,0.088860,-0.000350,0.000000,0.249885,0.090008,0.000000,0.000000,-100.000000,61.976174,42.380870,-80.404695,1
1.619112,1788508073.530027866,car5,-0.217845,0.637071,0.128097,0.122295,0.018859,-0.076697,0.000000,0.128073,-0.009811,0.000970,0.000000,0.078982,0.128448,0.000000,0.000000,35.000000,-50.325050,-40.541417,35.000000,1
1.822956,1788508073.750359535,car1,-1.013171,-0.198016,0.140508,-0.078998,0.038242,0.018226,0.000000,0.001818,0.001987,-0.001435,0.000000,0.042363,0.002693,0.000000,0.000000,35.000000,35.000000,35.000000,35.000000,1
1.822956,1788508073.750359535,car2,-0.149079,0.121923,0.106357,-0.380856,-0.040817,-0.246500,0.000000,0.000412,-0.000221,-0.000241,0.000000,0.249856,0.000468,0.000000,0.000000,76.862158,-35.000000,-42.822472,100.000000,1
1.822956,1788508073.750359535,car4,-1.036525,0.283320,0.139252,-0.484993,0.027122,0.248406,0.000000,0.142763,-0.032771,-0.000745,0.000000,0.249882,0.146476,0.000000,0.000000,-100.000000,35.000000,35.000000,-73.101364,1
1.822956,1788508073.750359535,car5,-0.205641,0.623714,0.127742,0.016942,0.014304,-0.050375,0.000000,0.060226,-0.061098,-0.002008,0.000000,0.052366,0.085791,0.000000,0.000000,35.000000,-35.000000,-35.000000,35.000000,1
2.025363,1788508073.950273752,car1,-0.973880,-0.200696,0.141632,-0.023148,-0.051729,0.029491,0.000000,0.183351,-0.009800,0.001201,0.000000,0.059546,0.183613,0.000000,0.000000,-41.141647,-35.000000,-35.800490,-39.289771,1
2.025363,1788508073.950273752,car2,-0.149320,0.121883,0.106461,-0.384829,-0.032465,-0.247728,0.000000,-0.000145,-0.000874,0.000153,0.000000,0.249846,0.000886,0.000000,0.000000,77.418448,-35.000000,-37.533755,100.000000,1
2.025363,1788508073.950273752,car4,-1.037335,0.305305,0.139523,-0.544758,0.038220,0.246866,0.000000,-0.001505,0.108819,0.001794,0.000000,0.249807,0.108829,0.000000,0.000000,-100.000000,35.000000,35.000000,-70.054592,1
2.025363,1788508073.950273752,car5,-0.200914,0.608311,0.127914,-0.002687,0.033562,0.001239,0.000000,0.021193,-0.083062,0.000335,0.000000,0.033585,0.085723,0.000000,0.000000,-35.000000,35.000000,35.000000,-35.000000,1
2.227281,1788508074.139817715,car1,-0.997254,-0.199024,0.139955,-0.040190,0.001216,0.048248,0.000000,-0.070114,0.004189,-0.001279,0.000000,0.048264,0.070239,0.000000,0.000000,-35.000000,35.000000,35.000000,-35.000000,1
2.227281,1788508074.139817715,car2,-0.149038,0.121659,0.106351,-0.387454,-0.038654,-0.246809,0.000000,0.000848,-0.000647,-0.000527,0.000000,0.249817,0.001066,0.000000,0.000000,77.143842,-35.000000,-38.807785,100.000000,1
2.227281,1788508074.139817715,car4,-1.036992,0.327091,0.140874,-0.548668,0.034321,0.247346,0.000000,-0.002065,0.118490,0.001238,0.000000,0.249716,0.118508,0.000000,0.000000,-100.000000,35.000000,35.000000,-69.939745,1
2.227281,1788508074.139817715,car5,-0.204195,0.615257,0.127192,-0.045713,0.023371,0.003155,0.000000,-0.009425,0.019558,-0.001485,0.000000,0.023583,0.021710,0.000000,0.000000,35.000000,-35.000000,-35.000000,35.000000,1
2.431785,1788508074.360719681,car1,-1.013074,-0.196499,0.141185,-0.011220,0.048270,0.058688,0.000000,-0.092646,0.013741,0.000541,0.000000,0.075989,0.093659,0.000000,0.000000,35.000000,46.399806,45.502188,35.000000,1
2.431785,1788508074.360719681,car2,-0.149039,0.121249,0.106456,-0.394987,-0.039986,-0.246563,0.000000,-0.000940,-0.001232,0.000292,0.000000,0.249785,0.001549,0.000000,0.000000,76.763148,-35.000000,-38.826248,100.000000,1
2.431785,1788508074.360719681,car4,-1.038929,0.352976,0.139978,-0.656924,0.037922,0.246637,0.000000,-0.006837,0.122300,-0.000470,0.000000,0.249535,0.122491,0.000000,0.000000,-100.000000,35.000000,-35.000000,-65.638834,1
2.431785,1788508074.360719681,car5,-0.188948,0.612031,0.127528,0.046740,-0.027091,0.032980,0.000000,0.076820,-0.013656,0.001763,0.000000,0.042680,0.078024,0.000000,0.000000,-35.000000,-35.000000,-35.000000,-35.000000,1
2.634079,1788508074.539817572,car1,-0.978250,-0.195597,0.141536,0.043959,-0.048280,0.076947,0.000000,0.158103,0.007923,-0.005903,0.000000,0.090839,0.158301,0.000000,0.000000,-55.229062,-35.000000,-35.000000,-58.745773,1
2.634079,1788508074.539817572,car2,-0.148986,0.121187,0.106409,-0.397236,-0.038151,-0.246807,0.000000,0.002175,-0.002542,-0.000809,0.000000,0.249738,0.003346,0.000000,0.000000,76.705021,-35.000000,-38.336663,100.000000,1
2.634079,1788508074.539817572,car4,-1.044600,0.380172,0.140700,-0.558023,0.049501,0.244296,0.000000,-0.021249,0.148689,0.001578,0.000000,0.249261,0.150200,0.000000,0.000000,-100.000000,42.189712,35.000000,-67.944819,1
2.634079,1788508074.539817572,car5,-0.204401,0.612636,0.127263,0.017478,0.032399,0.053142,0.000000,-0.069632,-0.011899,-0.001687,0.000000,0.062239,0.070642,0.000000,0.000000,-35.000000,38.381774,39.780001,-35.000000,1
2.835976,1788508074.759879589,car1,-0.974845,-0.186979,0.141220,0.066348,-0.060946,0.089968,0.000000,0.035283,0.046835,-0.001384,0.000000,0.108668,0.058638,0.000000,0.000000,-55.703857,-35.000000,-35.000000,-61.011692,1
2.835976,1788508074.759879589,car2,-0.149362,0.121219,0.106531,-0.402854,-0.040642,-0.246302,0.000000,-0.001093,-0.000355,0.000362,0.000000,0.249633,0.001149,0.000000,0.000000,76.381287,-35.000000,-38.682497,100.000000,1
2.835976,1788508074.759879589,car4,-1.056897,0.412550,0.141121,-0.376541,0.064284,0.240448,0.000000,-0.063833,0.164747,0.000755,0.000000,0.248893,0.176681,0.000000,0.000000,-100.000000,72.589340,45.084428,-72.495089,1
2.835976,1788508074.759879589,car5,-0.199887,0.625768,0.127517,0.024527,0.014590,0.054627,0.000000,0.016187,0.066474,0.001622,0.000000,0.056542,0.068417,0.000000,0.000000,-35.000000,35.000000,35.000000,-35.000000,1
3.037806,1788508074.959960461,car1,-1.013229,-0.180802,0.141466,0.045550,0.129995,0.108065,0.000000,-0.193591,0.026296,0.001585,0.000000,0.169046,0.195369,0.000000,0.000000,35.000000,90.038433,93.682469,35.000000,1
3.037806,1788508074.959960461,car2,-0.149342,0.120919,0.106410,-0.407214,0.050426,-0.244538,0.000000,0.000527,-0.001415,-0.000359,0.000000,0.249683,0.001510,0.000000,0.000000,77.661352,35.000000,-35.000000,100.000000,1
3.037806,1788508074.959960461,car4,-1.052930,0.442416,0.140923,-0.176657,0.135867,0.209857,0.000000,0.020750,0.147709,0.001974,0.000000,0.250000,0.149159,0.000000,0.000000,-68.209278,98.110745,83.978153,-54.076687,1
3.037806,1788508074.959960461,car5,-0.197050,0.639681,0.126969,0.098694,0.080822,0.050006,0.000000,0.019478,0.070138,-0.002577,0.000000,0.095041,0.072792,0.000000,0.000000,35.000000,35.000000,38.156604,35.000000,1
3.240525,1788508075.169855595,car1,-0.992620,-0.166719,0.140836,0.019073,0.108187,0.098536,0.000000,0.072993,0.070159,-0.004645,0.000000,0.146334,0.101243,0.000000,0.000000,35.000000,64.924190,66.450015,35.000000,1
3.240525,1788508075.169855595,car2,-0.149085,0.121947,0.106614,-0.387721,0.059876,-0.242724,0.000000,-0.000034,0.004230,0.000906,0.000000,0.250000,0.004230,0.000000,0.000000,78.661881,35.000000,-35.000000,100.000000,1
3.240525,1788508075.169855595,car4,-1.041523,0.462029,0.139664,-0.088732,0.139102,0.207727,0.000000,0.053761,0.114868,-0.007783,0.000000,0.250000,0.126826,0.000000,0.000000,-57.492549,97.300613,90.202052,-50.393988,1
3.240525,1788508075.169855595,car5,-0.176430,0.646138,0.127197,0.155863,0.058146,0.061180,0.000000,0.091119,0.033448,0.000952,0.000000,0.084404,0.097064,0.000000,0.000000,35.000000,35.000000,36.662021,-35.000000,1
3.442229,1788508075.369876862,car1,-0.946073,-0.153797,0.140709,0.061354,0.050031,0.092471,0.000000,0.233916,0.059802,-0.001163,0.000000,0.105138,0.241439,0.000000,0.000000,-40.193868,35.000000,35.000000,-45.102188,1
3.442229,1788508075.369876862,car2,-0.148831,0.122281,0.106665,-0.380956,0.081640,-0.236294,0.000000,0.001404,0.001887,0.000257,0.000000,0.250000,0.002352,0.000000,0.000000,79.092288,35.000000,-35.000000,100.000000,1
3.442229,1788508075.369876862,car4,-1.014650,0.480885,0.140838,-0.141661,0.141026,0.206426,0.000000,0.131119,0.082905,0.006808,0.000000,0.250000,0.155130,0.000000,0.000000,-71.238245,89.802363,78.469492,-59.905374,1
3.442229,1788508075.369876862,car5,-0.141328,0.658670,0.127518,0.067286,0.034367,0.056268,0.000000,0.173963,0.059314,0.000943,0.000000,0.065933,0.183797,0.000000,0.000000,-35.000000,35.000000,35.000000,-35.000000,1
3.643882,1788508075.569848061,car1,-0.927736,-0.130043,0.141534,0.081235,0.042888,0.068958,0.000000,0.102795,0.116706,0.001254,0.000000,0.081207,0.155522,0.000000,0.000000,-35.000000,35.000000,35.000000,-35.000000,1
3.643882,1788508075.569848061,car2,-0.149083,0.122462,0.106701,-0.379108,0.095604,-0.230998,0.000000,-0.000950,0.001069,0.000147,0.000000,0.250000,0.001430,0.000000,0.000000,79.208181,35.000000,-35.000000,100.000000,1
3.643882,1788508075.569848061,car4,-0.986129,0.505993,0.140817,-0.082686,0.132982,0.211698,0.000000,0.152758,0.134585,-0.002557,0.000000,0.250000,0.203588,0.000000,0.000000,-70.654507,84.743316,78.128464,-64.039654,1
3.643882,1788508075.569848061,car5,-0.122696,0.671612,0.127328,0.064123,0.027998,0.063437,0.000000,0.100477,0.066962,-0.000501,0.000000,0.069341,0.120745,0.000000,0.000000,-35.000000,35.000000,35.000000,-35.000000,1
3.845669,1788508075.769853115,car1,-0.921967,-0.109844,0.141251,0.045756,0.053232,0.059033,0.000000,0.027620,0.104772,0.000916,0.000000,0.079489,0.108351,0.000000,0.000000,-35.000000,35.000000,35.000000,-35.000000,1
3.845669,1788508075.769853115,car2,-0.149006,0.122454,0.106730,-0.378522,0.104493,-0.227115,0.000000,-0.000191,0.000253,0.000183,0.000000,0.250000,0.000317,0.000000,0.000000,79.234981,35.000000,-35.000000,100.000000,1
3.845669,1788508075.769853115,car4,-0.967181,0.542175,0.139538,-0.047302,0.128237,0.214605,0.000000,0.099525,0.165445,-0.002317,0.000000,0.250000,0.193073,0.000000,0.000000,-62.050998,89.904607,86.120446,-58.266837,1
3.845669,1788508075.769853115,car5,-0.110045,0.681992,0.127262,0.114088,0.019910,0.080675,0.000000,0.068067,0.051939,0.000431,0.000000,0.083095,0.085620,0.000000,0.000000,-35.000000,35.000000,35.000000,-40.398902,1
4.047835,1788508075.969801426,car1,-0.916138,-0.094224,0.141138,0.070850,0.060380,0.055252,0.000000,0.033143,0.081193,-0.000423,0.000000,0.081844,0.087697,0.000000,0.000000,35.000000,35.000000,35.000000,-35.000000,1
4.047835,1788508075.969801426,car2,-0.149222,0.122761,0.106816,-0.375407,0.113435,-0.222783,0.000000,-0.000539,0.000812,0.000172,0.000000,0.250000,0.000975,0.000000,0.000000,79.372602,35.000000,-35.000000,100.000000,1
4.047835,1788508075.969801426,car4,-0.944777,0.569270,0.138978,-0.085541,0.115507,0.221716,0.000000,0.106828,0.159838,-0.002974,0.000000,0.250000,0.192251,0.000000,0.000000,-71.479052,87.673839,80.830562,-64.635775,1
4.047835,1788508075.969801426,car5,-0.105217,0.696145,0.127204,0.169341,0.029377,0.081750,0.000000,0.027556,0.071012,-0.000541,0.000000,0.086868,0.076171,0.000000,0.000000,-35.000000,35.000000,35.000000,-35.000000,1
4.251420,1788508076.179975748,car1,-0.896245,-0.089236,0.141643,-0.029544,0.039970,0.075874,0.000000,0.091079,0.027685,0.000717,0.000000,0.085758,0.095194,0.000000,0.000000,-35.000000,35.000000,35.000000,-35.000000,1
4.251420,1788508076.179975748,car2,-0.149337,0.122744,0.106956,-0.377571,0.127157,-0.215246,0.000000,-0.000910,0.000446,0.000679,0.000000,0.250000,0.001013,0.000000,0.000000,79.205091,35.000000,-35.000000,100.000000,1
4.251420,1788508076.179975748,car4,-0.918059,0.601279,0.139434,-0.091197,0.100973,0.228702,0.000000,0.116859,0.143271,0.000529,0.000000,0.250000,0.184885,0.000000,0.000000,-80.793684,81.280913,73.985117,-73.497888,1
4.251420,1788508076.179975748,car5,-0.100498,0.708323,0.127407,0.190244,0.052819,0.083372,0.000000,0.019623,0.063248,-0.000505,0.000000,0.098695,0.066222,0.000000,0.000000,-35.000000,35.000000,38.396005,-35.000000,1
4.453293,1788508076.370203733,car1,-0.883923,-0.079803,0.140861,-0.156545,0.031796,0.084719,0.000000,0.067054,0.046191,-0.002015,0.000000,0.090490,0.081423,0.000000,0.000000,-44.289104,35.000000,35.000000,-35.000000,1
4.453293,1788508076.370203733,car2,-0.148890,0.122684,0.106734,-0.375694,0.137998,-0.208462,0.000000,0.002870,-0.000786,-0.001270,0.000000,0.250000,0.002976,0.000000,0.000000,79.223014,35.000000,-35.000000,100.000000,1
4.453293,1788508076.370203733,car4,-0.903324,0.632749,0.139529,-0.126712,0.093316,0.225411,0.000000,0.078153,0.153986,-0.001552,0.000000,0.243963,0.172684,0.000000,0.000000,-81.711692,82.583849,72.446896,-71.574739,1
4.453293,1788508076.370203733,car5,-0.090896,0.718619,0.127396,0.198520,0.052202,0.090231,0.000000,0.047784,0.051547,0.000320,0.000000,0.104244,0.070288,0.000000,0.000000,-35.000000,35.000000,42.672270,-35.000000,1
4.655102,1788508076.576901197,car1,-0.878800,-0.063428,0.141167,-0.162461,0.043323,0.079207,0.000000,0.028907,0.079978,0.000883,0.000000,0.090281,0.085042,0.000000,0.000000,-35.000000,35.000000,35.000000,-35.000000,1
4.655102,1788508076.576901197,car2,-0.148765,0.122516,0.106743,-0.375235,0.150315,-0.199764,0.000000,0.000557,-0.000249,0.000076,0.000000,0.250000,0.000611,0.000000,0.000000,79.121433,35.000000,35.000000,100.000000,1
4.655102,1788508076.576901197,car4,-0.882906,0.660416,0.138719,-0.173213,0.069371,0.214680,0.000000,0.095843,0.148052,0.000224,0.000000,0.225610,0.176367,0.000000,0.000000,-93.548286,69.678318,55.821272,-79.691240,1
4.655102,1788508076.576901197,car5,-0.079527,0.731314,0.127416,0.172743,0.046272,0.093838,0.000000,0.059460,0.062966,0.001158,0.000000,0.104626,0.086604,0.000000,0.000000,-35.000000,35.000000,40.070095,-35.968396,1
4.857000,1788508076.769824743,car1,-0.873724,-0.047801,0.141302,-0.084535,0.050692,0.055356,0.000000,0.022478,0.084380,-0.000404,0.000000,0.075060,0.087323,0.000000,0.000000,-35.000000,35.000000,35.000000,-35.000000,1
4.857000,1788508076.769824743,car2,-0.146614,0.118154,0.107082,-0.482851,0.159491,-0.192516,0.000000,0.008667,-0.020523,0.001191,0.000000,0.250000,0.022278,0.000000,0.000000,73.310917,35.000000,35.000000,100.000000,1
4.857000,1788508076.769824743,car4,-0.865708,0.665701,0.139392,-0.295805,0.050946,0.214129,0.000000,0.093698,0.036460,0.003731,0.000000,0.220106,0.100542,0.000000,0.000000,-100.000000,46.686032,35.000000,-79.763886,1
4.857000,1788508076.769824743,car5,-0.072391,0.744080,0.126444,0.107393,0.047646,0.078913,0.000000,0.034555,0.067808,-0.005363,0.000000,0.092181,0.076104,0.000000,0.000000,-35.000000,35.000000,35.253430,-35.000000,1
5.058950,1788508076.979966879,car1,-0.867752,-0.028904,0.141450,0.011530,0.082839,0.000874,0.000000,0.028155,0.090892,-0.000384,0.000000,0.082843,0.095153,0.000000,0.000000,35.000000,35.000000,35.000000,35.000000,1
5.058950,1788508076.979966879,car2,-0.105677,0.096567,0.106440,-0.421180,0.143994,-0.204367,0.000000,0.189742,-0.102068,-0.003501,0.000000,0.250000,0.215452,0.000000,0.000000,75.824788,35.000000,-35.000000,100.000000,1
5.058950,1788508076.979966879,car4,-0.863827,0.666894,0.139497,-0.320278,0.080672,0.217214,0.000000,0.010965,0.005379,-0.000345,0.000000,0.231710,0.012213,0.000000,0.000000,-100.000000,66.170210,42.284132,-76.113923,1
5.058950,1788508076.979966879,car5,-0.055239,0.750920,0.126650,0.099517,0.044969,0.062923,0.000000,0.083068,0.032892,0.000118,0.000000,0.077340,0.089343,0.000000,0.000000,-35.000000,35.000000,35.000000,-36.318582,1
5.261915,1788508077.170049667,car1,-0.840104,-0.025710,0.141537,0.089381,0.064620,-0.019355,0.000000,0.131996,0.030360,-0.000688,0.000000,0.067457,0.135443,0.000000,0.000000,35.000000,-35.000000,-35.000000,35.000000,1
5.261915,1788508077.170049667,car2,-0.056304,0.073252,0.105708,-0.263980,0.110475,-0.218047,0.000000,0.267949,-0.126953,-0.002855,0.000000,0.244437,0.296502,0.000000,0.000000,81.518681,-35.000000,-35.000000,100.000000,1
5.261915,1788508077.170049667,car4,-0.864088,0.666911,0.139586,-0.314381,0.127129,0.214148,0.000000,-0.000348,-0.000109,0.000522,0.000000,0.249041,0.000365,0.000000,0.000000,-91.643791,90.692482,65.541981,-66.493290,1
5.261915,1788508077.170049667,car5,-0.044533,0.758299,0.126833,0.092479,0.078650,0.031400,0.000000,0.060606,0.043813,0.001292,0.000000,0.084687,0.074784,0.000000,0.000000,-35.000000,35.000000,35.000000,-35.000000,1
5.467375,1788508077.379832745,car1,-0.810474,-0.032009,0.141081,0.020016,0.027968,-0.015851,0.000000,0.155734,-0.027965,-0.001501,0.000000,0.032148,0.158225,0.000000,0.000000,-35.000000,-35.000000,-35.000000,-35.000000,1
5.467375,1788508077.379832745,car2,-0.026860,0.050383,0.105724,-0.199470,0.084305,-0.201572,0.000000,0.154722,-0.113157,-0.001099,0.000000,0.218492,0.191685,0.000000,0.000000,85.173220,-35.000000,-37.796398,100.000000,1
5.467375,1788508077.379832745,car4,-0.861005,0.666533,0.140082,-0.372795,0.152376,0.198196,0.000000,0.012555,-0.001534,0.002310,0.000000,0.250000,0.012648,0.000000,0.000000,-87.103993,98.751886,68.928296,-57.280403,1
5.467375,1788508077.379832745,car5,-0.036353,0.766638,0.127061,0.116785,0.100000,0.000000,0.000000,0.041086,0.042114,0.000859,0.000000,0.100000,0.058836,0.000000,0.000000,35.000000,35.000000,35.000000,35.000000,1
5.672706,1788508077.599739313,car1,-0.836108,-0.031911,0.141712,0.035294,0.137046,-0.034185,0.000000,-0.113898,0.001229,0.002864,0.000000,0.141245,0.113904,0.000000,0.000000,63.264477,37.627001,40.450549,60.440928,1
5.672706,1788508077.599739313,car2,-0.000834,0.026477,0.105389,-0.164336,0.040983,-0.173566,0.000000,0.119515,-0.113842,-0.001535,0.000000,0.178339,0.165057,0.000000,0.000000,75.248268,-37.413805,-50.560703,88.395166,1
5.672706,1788508077.599739313,car4,-0.855307,0.665063,0.140176,-0.459214,0.160099,0.192011,0.000000,0.023373,-0.005756,-0.000800,0.000000,0.250000,0.024072,0.000000,0.000000,-93.876238,100.000000,63.280619,-57.156856,1
5.672706,1788508077.599739313,car5,-0.005233,0.769402,0.126419,0.127384,0.040421,-0.037807,0.000000,0.138851,0.015133,-0.002162,0.000000,0.055346,0.139673,0.000000,0.000000,-35.000000,-35.000000,-35.000000,-35.000000,1
5.876634,1788508077.789751768,car1,-0.808957,-0.035722,0.141211,-0.013212,0.107819,-0.040393,0.000000,0.101209,-0.018923,-0.001707,0.000000,0.115138,0.102963,0.000000,0.000000,35.000000,35.000000,35.000000,35.000000,1
5.876634,1788508077.789751768,car2,0.023586,0.005303,0.105054,-0.151291,0.019736,-0.143472,0.000000,0.133844,-0.112199,-0.001067,0.000000,0.144823,0.174651,0.000000,0.000000,55.015018,-47.972168,-60.075488,67.118338,1
5.876634,1788508077.789751768,car4,-0.848522,0.662085,0.139110,-0.569678,0.175734,0.177813,0.000000,0.037769,-0.015360,-0.002469,0.000000,0.250000,0.040773,0.000000,0.000000,-98.543859,100.000000,55.509596,-54.053455,1
5.876634,1788508077.789751768,car5,0.007928,0.774490,0.126586,0.006283,0.055625,-0.070631,0.000000,0.101124,0.026420,0.001828,0.000000,0.089905,0.104518,0.000000,0.000000,35.000000,-35.000000,-35.000000,35.000000,1
6.079963,1788508078.009848595,car1,-0.755287,-0.041577,0.141149,-0.044688,-0.000452,-0.040396,0.000000,0.253976,-0.025164,-0.001056,0.000000,0.040398,0.255220,0.000000,0.000000,-35.000000,-40.074391,-43.649456,-35.000000,1
6.079963,1788508078.009848595,car2,0.043801,-0.012617,0.105233,-0.236057,0.009190,-0.117968,0.000000,0.095660,-0.079158,-0.000398,0.000000,0.118326,0.124164,0.000000,0.000000,45.779095,-40.355382,-59.239928,64.663641,1
6.079963,1788508078.009848595,car4,-0.846273,0.661851,0.139184,-0.645683,0.195602,0.155692,0.000000,0.011650,-0.000777,0.000615,0.000000,0.250000,0.011676,0.000000,0.000000,-84.969642,100.000000,54.169425,-39.139066,1
6.079963,1788508078.009848595,car5,0.002174,0.771972,0.126226,0.048723,0.127372,-0.082959,0.000000,-0.033714,-0.011525,-0.002504,0.000000,0.152006,0.035630,0.000000,0.000000,64.311226,35.000000,35.000000,60.413363,1
6.281896,1788508078.209847927,car1,-0.777619,-0.041457,0.140789,-0.012803,0.079654,-0.058547,0.000000,-0.090732,-0.000492,-0.000339,0.000000,0.098856,0.090734,0.000000,0.000000,46.696383,35.000000,35.000000,47.720658,1
6.281896,1788508078.209847927,car2,0.052723,-0.030622,0.104931,-0.116617,-0.005353,-0.084430,0.000000,0.043631,-0.087840,-0.000892,0.000000,0.084600,0.098079,0.000000,0.000000,35.000000,-40.239450,-49.568829,42.107427,1
6.281896,1788508078.209847927,car4,-0.845086,0.661295,0.139467,-0.657029,0.201857,0.147492,0.000000,0.006515,-0.002844,0.001305,0.000000,0.250000,0.007109,0.000000,0.000000,-76.519931,100.000000,55.519301,-35.000000,1
6.281896,1788508078.209847927,car5,0.033532,0.770216,0.126930,0.018622,0.047054,-0.091092,0.000000,0.147395,-0.007512,0.003092,0.000000,0.102527,0.147586,0.000000,0.000000,35.000000,-42.035103,-40.545383,35.000000,1
6.484071,1788508078.409877300,car1,-0.766894,-0.047170,0.141181,0.016341,0.070076,-0.063844,0.000000,0.020754,-0.031050,0.001874,0.000000,0.094798,0.037348,0.000000,0.000000,39.304448,-35.000000,-35.000000,37.997202,1
6.484071,1788508078.409877300,car2,0.056182,-0.046845,0.104760,0.056880,0.003213,-0.061682,0.000000,0.020624,-0.086501,-0.000644,0.000000,0.061766,0.088926,0.000000,0.000000,35.000000,-37.093725,-35.000000,35.000000,1
6.484071,1788508078.409877300,car4,-0.844174,0.660721,0.139109,-0.682879,0.211682,0.133007,0.000000,0.004444,-0.002418,-0.000627,0.000000,0.250000,0.005059,0.000000,0.000000,-66.723543,100.000000,56.489771,-35.000000,1
6.484071,1788508078.409877300,car5,0.048862,0.762587,0.126067,-0.001731,0.025095,-0.089359,0.000000,0.096847,-0.038677,-0.001303,0.000000,0.092816,0.104284,0.000000,0.000000,35.000000,-46.639420,-46.777877,35.000000,1
6.685817,1788508078.609847784,car1,-0.734569,-0.053819,0.140628,-0.016243,0.006401,-0.053155,0.000000,0.178822,-0.029449,-0.002351,0.000000,0.053539,0.181231,0.000000,0.000000,-35.000000,-47.098626,-48.398076,-35.000000,1
6.685817,1788508078.609847784,car2,0.060858,-0.051183,0.104789,-0.060836,0.019420,-0.061545,0.000000,0.027062,-0.025567,-0.000432,0.000000,0.064537,0.037229,0.000000,0.000000,40.512215,-35.000000,-39.612269,45.379131,1
6.685817,1788508078.609847784,car4,-0.843953,0.660800,0.139084,-0.685718,0.220185,0.118401,0.000000,0.000129,0.000093,-0.000280,0.000000,0.250000,0.000159,0.000000,0.000000,-54.416783,100.000000,59.133733,-35.000000,1
6.685817,1788508078.609847784,car5,0.054231,0.757849,0.126447,-0.024512,0.039830,-0.088165,0.000000,0.023935,-0.025776,-0.000227,0.000000,0.096745,0.035175,0.000000,0.000000,35.000000,-35.620192,-37.581144,35.000000,1
6.887700,1788508078.809834480,car1,-0.745999,-0.056508,0.140797,-0.004567,0.030201,-0.054687,0.000000,-0.037092,-0.018013,-0.000302,0.000000,0.062472,0.041235,0.000000,0.000000,35.000000,-35.000000,-35.000000,35.000000,1
6.887700,1788508078.809834480,car2,0.062285,-0.055956,0.104899,-0.172303,0.007056,-0.055066,0.000000,0.005940,-0.023977,0.000200,0.000000,0.055517,0.024702,0.000000,0.000000,35.000000,-35.000000,-41.667442,48.638290,1
6.887700,1788508078.809834480,car4,-0.844117,0.660769,0.139260,-0.677895,0.220685,0.117466,0.000000,0.000068,-0.000213,0.000458,0.000000,0.250000,0.000223,0.000000,0.000000,-48.002985,100.000000,61.072692,-35.000000,1
6.887700,1788508078.809834480,car5,0.052623,0.754199,0.125974,-0.031867,0.035847,-0.085556,0.000000,-0.007943,-0.018137,-0.001530,0.000000,0.092762,0.019800,0.000000,0.000000,37.430976,-35.000000,-36.177886,39.980341,1
7.095780,1788508079.020023108,car1,-0.766068,-0.062636,0.140959,0.077136,0.081886,-0.047465,0.000000,-0.113113,-0.028672,0.002639,0.000000,0.094648,0.116691,0.000000,0.000000,65.189011,35.000000,35.000000,59.018135,1
7.095780,1788508079.020023108,car2,0.063418,-0.059443,0.104773,-0.255679,-0.003944,-0.053807,0.000000,0.005468,-0.016790,-0.000113,0.000000,0.053951,0.017658,0.000000,0.000000,35.000000,-35.000000,-48.174229,50.668577,1
7.095780,1788508079.020023108,car4,-0.844178,0.660679,0.139004,-0.683349,0.221468,0.115982,0.000000,-0.000609,-0.000303,-0.001150,0.000000,0.250000,0.000680,0.000000,0.000000,-42.948054,100.000000,62.170716,-35.000000,1
7.095780,1788508079.020023108,car5,0.059593,0.750688,0.125704,-0.033103,0.008310,-0.082824,0.000000,0.032153,-0.018990,-0.001823,0.000000,0.083240,0.037342,0.000000,0.000000,35.000000,-49.715820,-52.364086,35.000000,1
7.297801,1788508079.219803810,car1,-0.728003,-0.069177,0.140539,-0.006590,0.000420,-0.034298,0.000000,0.177439,-0.031244,-0.002756,0.000000,0.034300,0.180169,0.000000,0.000000,-35.000000,-40.879943,-41.407177,-35.000000,1
7.297801,1788508079.219803810,car2,0.067018,-0.064776,0.104640,-0.267890,0.014567,-0.047947,0.000000,0.015626,-0.024788,-0.000383,0.000000,0.050111,0.029302,0.000000,0.000000,35.000000,-35.000000,-40.320766,51.489916,1
7.297801,1788508079.219803810,car4,-0.843923,0.660612,0.138944,-0.686556,0.227753,0.103095,0.000000,0.001448,-0.000528,-0.000039,0.000000,0.250000,0.001542,0.000000,0.000000,-35.000000,100.000000,63.924221,35.000000,1
7.297801,1788508079.219803810,car5,0.060157,0.750916,0.125535,-0.079784,0.036635,-0.093580,0.000000,0.005616,0.001119,-0.000662,0.000000,0.100495,0.005727,0.000000,0.000000,47.458716,-42.303563,-48.686252,53.841405,1
7.500540,1788508079.430064917,car1,-0.720429,-0.074998,0.140414,-0.041224,-0.002343,-0.032213,0.000000,0.065413,-0.033750,-0.000019,0.000000,0.032298,0.073606,0.000000,0.000000,-35.000000,-35.000000,-36.692275,-35.000000,1
7.500540,1788508079.430064917,car2,0.072160,-0.075242,0.104787,-0.150257,0.017964,-0.032217,0.000000,0.023917,-0.049518,0.000656,0.000000,0.036887,0.054992,0.000000,0.000000,35.000000,-35.000000,-35.000000,36.824524,1
7.500540,1788508079.430064917,car4,-0.832482,0.657266,0.138799,-0.580807,0.227034,0.104668,0.000000,0.045159,-0.009672,-0.000314,0.000000,0.250000,0.046183,0.000000,0.000000,-35.000000,100.000000,69.455843,35.000000,1
7.500540,1788508079.430064917,car5,0.062250,0.749930,0.125349,-0.087307,0.050171,-0.105390,0.000000,0.009465,-0.004666,-0.001072,0.000000,0.116723,0.010553,0.000000,0.000000,55.963706,-37.297203,-44.281790,62.948293,1
7.702849,1788508079.630038977,car1,-0.747442,-0.077186,0.140630,0.015401,0.093862,-0.044396,0.000000,-0.140077,-0.006165,0.000735,0.000000,0.103832,0.140213,0.000000,0.000000,68.770556,35.000000,35.000000,67.538497,1
7.702849,1788508079.630038977,car2,0.076067,-0.084694,0.104829,-0.006659,0.021501,-0.020102,0.000000,0.023905,-0.049090,0.000169,0.000000,0.029435,0.054601,0.000000,0.000000,35.000000,-35.000000,-35.000000,35.000000,1
7.702849,1788508079.630038977,car4,-0.790167,0.648818,0.137982,-0.315841,0.200514,0.149312,0.000000,0.203402,-0.047955,-0.002832,0.000000,0.250000,0.208978,0.000000,0.000000,-35.000000,100.000000,79.738041,-35.000000,1
7.702849,1788508079.630038977,car5,0.064018,0.748218,0.126119,-0.149237,0.060771,-0.115442,0.000000,0.012152,-0.008494,0.004211,0.000000,0.130460,0.014826,0.000000,0.000000,62.262525,-35.000000,-39.786640,74.201450,1
7.904843,1788508079.819791555,car1,-0.728743,-0.086746,0.140858,0.054344,0.085457,-0.027066,0.000000,0.062543,-0.052719,0.000048,0.000000,0.089641,0.081798,0.000000,0.000000,39.429012,35.000000,35.000000,35.081526,1
7.904843,1788508079.819791555,car2,0.079474,-0.093698,0.104723,0.122730,0.059455,-0.004913,0.000000,0.014137,-0.053843,0.000243,0.000000,0.059657,0.055668,0.000000,0.000000,40.906327,-35.000000,35.000000,35.000000,1
7.904843,1788508079.819791555,car4,-0.756717,0.658560,0.138985,-0.225052,0.165566,0.129400,0.000000,0.205631,0.042175,0.001038,0.000000,0.210134,0.209912,0.000000,0.000000,-35.000000,100.000000,83.314253,-35.000000,1
7.904843,1788508079.819791555,car5,0.072742,0.740895,0.126544,-0.071589,0.081936,-0.107860,0.000000,0.036239,-0.034134,0.001552,0.000000,0.135452,0.049783,0.000000,0.000000,68.857331,-35.000000,-35.000000,74.584420,1
8.106637,1788508080.029835224,car1,-0.679765,-0.090426,0.139916,-0.001665,0.022030,-0.018257,0.000000,0.241965,-0.016173,-0.004844,0.000000,0.028612,0.242505,0.000000,0.000000,-35.000000,-40.766043,-40.899282,-35.000000,1
8.106637,1788508080.029835224,car2,0.095865,-0.097482,0.104476,0.019445,0.100000,0.000000,0.000000,0.076714,-0.014809,-0.001919,0.000000,0.100000,0.078130,0.000000,0.000000,44.682046,35.000000,35.000000,43.126468,1
8.106637,1788508080.029835224,car4,-0.713718,0.673628,0.138251,-0.244430,0.126439,0.091283,0.000000,0.203549,0.071291,-0.002857,0.000000,0.155947,0.215673,0.000000,0.000000,-35.000000,82.780561,63.226135,-35.000000,1
8.106637,1788508080.029835224,car5,0.077540,0.728924,0.125206,-0.063281,0.153104,-0.076923,0.000000,0.024330,-0.057782,-0.004804,0.000000,0.171342,0.062695,0.000000,0.000000,84.928765,35.000000,35.000000,89.991279,1
8.311823,1788508080.229868412,car1,-0.689410,-0.092161,0.139892,0.020364,0.118723,-0.018496,0.000000,-0.023302,-0.013739,0.000614,0.000000,0.120155,0.027051,0.000000,0.000000,50.228611,35.000000,35.000000,48.599461,1
8.311823,1788508080.229868412,car2,0.124720,-0.104696,0.104150,-0.130787,0.073740,0.021417,0.000000,0.140674,-0.038951,-0.001489,0.000000,0.076787,0.145967,0.000000,0.000000,35.000000,35.000000,-35.000000,35.000000,1
8.311823,1788508080.229868412,car4,-0.678507,0.686205,0.137932,-0.214329,0.084142,0.049916,0.000000,0.190095,0.070601,-0.003049,0.000000,0.097833,0.202782,0.000000,0.000000,-35.000000,51.515061,35.000000,-35.000000,1
8.311823,1788508080.229868412,car5,0.109049,0.718804,0.124824,0.096926,0.123300,-0.052687,0.000000,0.144625,-0.055808,-0.004737,0.000000,0.134085,0.155019,0.000000,0.000000,66.180499,-35.000000,-35.000000,58.426422,1
8.513679,1788508080.439982891,car1,-0.672953,-0.095938,0.139823,0.045596,0.161082,-0.007160,0.000000,0.056019,-0.017449,-0.000522,0.000000,0.161241,0.058674,0.000000,0.000000,62.577006,35.000000,35.179493,58.929289,1
8.513679,1788508080.439982891,car2,0.161354,-0.109439,0.103357,0.019442,0.053456,0.035232,0.000000,0.197859,-0.025936,-0.004137,0.000000,0.064022,0.199551,0.000000,0.000000,-35.000000,-35.000000,-35.000000,-35.000000,1
8.513679,1788508080.439982891,car4,-0.658536,0.694919,0.137284,-0.210315,0.116163,0.021860,0.000000,0.108349,0.040680,-0.000452,0.000000,0.118202,0.115734,0.000000,0.000000,-35.000000,67.951620,51.126412,35.000000,1
8.513679,1788508080.439982891,car5,0.156276,0.717569,0.125774,0.108117,0.069403,-0.049603,0.000000,0.249913,-0.000061,0.002384,0.000000,0.085307,0.249913,0.000000,0.000000,35.000000,-55.411915,-46.762540,35.000000,1
8.716459,1788508080.639884233,car1,-0.612346,-0.097542,0.140147,0.048852,0.045976,-0.012465,0.000000,0.293328,-0.008646,0.002357,0.000000,0.047636,0.293455,0.000000,0.000000,-35.000000,-35.658969,-35.000000,-35.000000,1
8.716459,1788508080.639884233,car2,0.147258,-0.110082,0.104373,0.084500,0.171938,0.026569,0.000000,-0.069070,-0.004449,0.005240,0.000000,0.173978,0.069214,0.000000,0.000000,75.583137,49.524042,56.284011,68.823168,1
8.716459,1788508080.639884233,car4,-0.626894,0.696631,0.136194,-0.001055,0.100000,0.000000,0.000000,0.147628,0.008870,-0.006187,0.000000,0.100000,0.147895,0.000000,0.000000,35.000000,42.382848,42.298421,35.000000,1
8.716459,1788508080.639884233,car5,0.173928,0.704981,0.125890,0.116697,0.089020,-0.020688,0.000000,0.095264,-0.060946,0.000489,0.000000,0.091393,0.113092,0.000000,0.000000,38.858043,-35.000000,-35.000000,35.000000,1
8.918877,1788508080.830183983,car1,-0.596028,-0.099013,0.140221,-0.006818,0.074630,-0.011585,0.000000,0.136639,-0.008983,-0.001863,0.000000,0.075524,0.136934,0.000000,0.000000,35.000000,-35.000000,-35.000000,35.000000,1
8.918877,1788508080.830183983,car2,0.183789,-0.109480,0.103370,0.062354,0.138696,0.021630,0.000000,0.164125,0.002809,-0.004572,0.000000,0.140373,0.164149,0.000000,0.000000,40.256947,35.000000,35.000000,35.268601,1
8.918877,1788508080.830183983,car4,-0.587886,0.701750,0.135596,0.026949,0.049240,-0.013864,0.000000,0.206820,0.025661,-0.003251,0.000000,0.051155,0.208406,0.000000,0.000000,-35.000000,35.000000,35.000000,-35.000000,1
8.918877,1788508080.830183983,car5,0.184168,0.696149,0.125209,0.118685,0.137605,0.003817,0.000000,0.052972,-0.048427,-0.002875,0.000000,0.137658,0.071772,0.000000,0.000000,57.507181,35.000000,35.000000,48.012400,1
9.120852,1788508081.049915314,car1,-0.601748,-0.101698,0.140596,0.046333,0.159545,0.000496,0.000000,-0.043107,-0.012725,0.000416,0.000000,0.159545,0.044946,0.000000,0.000000,65.302735,37.551011,41.257642,61.596103,1
9.120852,1788508081.049915314,car2,0.235889,-0.108476,0.103277,0.000116,0.041534,0.021726,0.000000,0.257006,0.008196,-0.001543,0.000000,0.046873,0.257137,0.000000,0.000000,-35.000000,-35.000000,-35.000000,-35.000000,1
9.120852,1788508081.049915314,car4,-0.579402,0.707575,0.135698,-0.014318,0.089260,-0.029020,0.000000,0.093378,0.040014,-0.000914,0.000000,0.093859,0.101590,0.000000,0.000000,35.000000,35.000000,35.000000,35.000000,1
9.120852,1788508081.049915314,car5,0.214158,0.696438,0.124991,0.108716,0.100000,0.000000,0.000000,0.135150,-0.004681,-0.001816,0.000000,0.100000,0.135231,0.000000,0.000000,38.769210,-35.000000,-35.000000,35.000000,1
9.322578,1788508081.249934196,car1,-0.562500,-0.102082,0.139764,0.057899,0.100000,0.000000,0.000000,0.185432,-0.001457,-0.002493,0.000000,0.100000,0.185438,0.000000,0.000000,35.000000,-35.000000,-35.000000,35.000000,1
9.322578,1788508081.249934196,car2,0.230829,-0.110523,0.103163,-0.073456,0.129368,0.029858,0.000000,-0.003589,-0.014751,0.000253,0.000000,0.132769,0.015181,0.000000,0.000000,35.000000,42.592826,36.716316,35.000000,1
9.322578,1788508081.249934196,car4,-0.558557,0.709101,0.135042,-0.010765,0.095708,-0.032468,0.000000,0.089584,0.000423,-0.001262,0.000000,0.101065,0.089585,0.000000,0.000000,35.000000,35.000000,35.000000,35.000000,1
9.322578,1788508081.249934196,car5,0.250603,0.699090,0.125279,0.057833,0.066571,-0.000615,0.000000,0.194603,0.020081,0.001114,0.000000,0.066573,0.195636,0.000000,0.000000,35.000000,-35.302144,-35.000000,35.000000,1
9.524270,1788508081.450069427,car1,-0.516565,-0.104547,0.139560,-0.037262,0.052032,0.002989,0.000000,0.247239,-0.008188,-0.001470,0.000000,0.052117,0.247375,0.000000,0.000000,-35.000000,-35.000000,-35.000000,-35.000000,1
9.524270,1788508081.450069427,car2,0.243566,-0.106378,0.103948,0.036008,0.176447,0.008596,0.000000,0.042001,0.022779,0.003446,0.000000,0.176656,0.047781,0.000000,0.000000,67.583140,42.604654,45.485295,64.702499,1
9.524270,1788508081.450069427,car4,-0.517207,0.709031,0.135663,-0.003951,0.054402,-0.039624,0.000000,0.208770,0.000176,-0.001048,0.000000,0.067303,0.208770,0.000000,0.000000,-35.000000,-35.000000,-35.000000,-35.000000,1
9.524270,1788508081.450069427,car5,0.263230,0.687488,0.125700,0.039623,0.115992,0.028351,0.000000,0.069460,-0.057740,0.002331,0.000000,0.119407,0.090325,0.000000,0.000000,35.000000,35.000000,35.000000,35.000000,1
9.725979,1788508081.650001049,car1,-0.531001,-0.102391,0.139645,-0.026119,0.146128,-0.001192,0.000000,-0.052301,0.005367,0.000513,0.000000,0.146133,0.052576,0.000000,0.000000,51.102730,35.000000,35.000000,53.192231,1
9.725979,1788508081.650001049,car2,0.298852,-0.104308,0.103174,0.062393,0.051753,0.004863,0.000000,0.268597,0.012242,-0.003810,0.000000,0.051981,0.268875,0.000000,0.000000,-35.000000,-35.000000,-35.000000,-35.000000,1
9.725979,1788508081.650001049,car4,-0.517233,0.710540,0.134966,0.000790,0.102582,-0.042177,0.000000,0.025403,0.008287,-0.001442,0.000000,0.110914,0.026721,0.000000,0.000000,35.000000,35.000000,35.000000,35.000000,1
9.725979,1788508081.650001049,car5,0.283708,0.685086,0.124679,0.051227,0.099600,0.038556,0.000000,0.092610,-0.019335,-0.005011,0.000000,0.106802,0.094606,0.000000,0.000000,35.000000,35.000000,35.000000,35.000000,1
9.927918,1788508081.850021124,car1,-0.512975,-0.101860,0.139708,0.025269,0.152626,-0.003006,0.000000,0.060744,0.005928,0.000917,0.000000,0.152655,0.061033,0.000000,0.000000,55.250783,35.000000,35.000000,53.229236,1
9.927918,1788508081.850021124,car2,0.316764,-0.105883,0.102718,0.032385,0.058668,0.009726,0.000000,0.127368,-0.007869,-0.002251,0.000000,0.059469,0.127611,0.000000,0.000000,35.000000,-35.000000,-35.000000,-35.000000,1
9.927918,1788508081.850021124,car4,-0.515810,0.711041,0.134992,0.034797,0.160614,-0.042996,0.000000,-0.019606,0.002806,-0.000808,0.000000,0.166269,0.019806,0.000000,0.000000,64.848462,47.555595,50.339326,62.064730,1
9.927918,1788508081.850021124,car5,0.326906,0.685447,0.126270,0.072516,0.028429,0.036238,0.000000,0.217799,0.005156,0.004748,0.000000,0.046059,0.217860,0.000000,0.000000,-35.000000,-35.000000,-35.000000,-35.000000,1
10.130167,1788508082.059932232,car1,-0.452926,-0.103602,0.139488,0.033478,0.036306,0.001385,0.000000,0.281099,-0.008785,-0.000975,0.000000,0.036333,0.281236,0.000000,0.000000,-35.000000,-35.000000,-35.000000,-35.000000,1
10.130167,1788508082.059932232,car2,0.306388,-0.107385,0.103252,-0.028722,0.163575,0.013212,0.000000,-0.061213,-0.008264,0.003199,0.000000,0.164108,0.061769,0.000000,0.000000,56.929062,57.147840,54.850089,59.226813,1
10.130167,1788508082.059932232,car4,-0.459738,0.712289,0.135438,0.055215,0.057640,-0.048324,0.000000,0.258258,0.005107,-0.000743,0.000000,0.075217,0.258309,0.000000,0.000000,-35.000000,-35.000000,-35.000000,-35.000000,1
10.130167,1788508082.059932232,car5,0.313160,0.686061,0.125176,0.047608,0.142697,0.033940,0.000000,-0.050291,0.002374,-0.003832,0.000000,0.146678,0.050347,0.000000,0.000000,43.780007,35.000000,38.572095,39.971354,1
10.332155,1788508082.259948254,car1,-0.452523,-0.106727,0.139237,0.033441,0.100000,0.000000,0.000000,0.029252,-0.015304,-0.001018,0.000000,0.100000,0.033013,0.000000,0.000000,35.000000,35.000000,35.000000,35.000000,1
10.332155,1788508082.259948254,car2,0.342707,-0.108069,0.103210,0.001905,0.100000,0.000000,0.000000,0.168980,-0.003091,0.000278,0.000000,0.100000,0.169009,0.000000,0.000000,35.000000,35.000000,35.000000,35.000000,1
10.332155,1788508082.259948254,car4,-0.439740,0.712677,0.133896,0.075984,0.051331,-0.051458,0.000000,0.168038,0.008531,-0.002550,0.000000,0.072683,0.168255,0.000000,0.000000,35.000000,-35.000000,-35.000000,-35.000000,1
10.332155,1788508082.259948254,car5,0.328049,0.686697,0.124985,0.039143,0.152008,0.029646,0.000000,0.050697,0.003191,-0.001904,0.000000,0.154872,0.050798,0.000000,0.000000,45.041970,37.357884,40.489340,41.910514,1
10.534128,1788508082.459920168,car1,-0.463808,-0.105747,0.139282,0.063392,0.183121,0.007151,0.000000,-0.083661,0.004717,0.001063,0.000000,0.183261,0.083794,0.000000,0.000000,80.460443,51.929234,57.000629,75.389048,1
10.534128,1788508082.459920168,car2,0.390667,-0.108285,0.102865,0.008013,0.015665,0.014928,0.000000,0.254239,0.000676,-0.001818,0.000000,0.021639,0.254240,0.000000,0.000000,-35.000000,-35.000000,-35.000000,-35.000000,1
10.534128,1788508082.459920168,car4,-0.456180,0.712029,0.134422,-0.013258,0.160021,-0.047851,0.000000,-0.107143,-0.006443,-0.001746,0.000000,0.167022,0.107336,0.000000,0.000000,73.313384,50.943158,49.882525,74.374018,1
10.534128,1788508082.459920168,car5,0.382128,0.688311,0.125030,0.041430,0.040808,0.025853,0.000000,0.275927,0.008412,0.001065,0.000000,0.048308,0.276055,0.000000,0.000000,-35.000000,-35.000000,-35.000000,-35.000000,1
10.735956,1788508082.659946680,car1,-0.408325,-0.104786,0.139222,0.058067,0.085357,0.005995,0.000000,0.255801,0.004090,-0.001905,0.000000,0.085567,0.255833,0.000000,0.000000,35.000000,-35.000000,-35.000000,35.000000,1
10.735956,1788508082.659946680,car2,0.375127,-0.108040,0.103350,-0.108734,0.137940,0.016268,0.000000,-0.059340,-0.000387,0.001658,0.000000,0.138896,0.059342,0.000000,0.000000,35.000000,51.506785,42.808032,40.232188,1
10.735956,1788508082.659946680,car4,-0.404549,0.712616,0.134253,-0.001924,0.073699,-0.048854,0.000000,0.238452,0.000160,0.001780,0.000000,0.088421,0.238452,0.000000,0.000000,35.000000,-35.000000,-35.000000,35.000000,1
10.735956,1788508082.659946680,car5,0.386118,0.688571,0.124652,0.044235,0.103107,0.027152,0.000000,0.044247,0.003248,-0.000619,0.000000,0.106622,0.044366,0.000000,0.000000,35.000000,35.000000,35.000000,35.000000,1
10.938079,1788508082.850137234,car1,-0.361932,-0.104946,0.138267,-0.096633,0.014781,0.007384,0.000000,0.286546,0.001435,-0.004045,0.000000,0.016523,0.286550,0.000000,0.000000,-35.000000,-35.000000,-40.882005,-35.000000,1
10.938079,1788508082.850137234,car2,0.390792,-0.108070,0.103594,-0.081778,0.161117,0.017303,0.000000,0.045296,0.000719,0.002219,0.000000,0.162044,0.045301,0.000000,0.000000,37.515831,56.050070,49.507858,44.058043,1
10.938079,1788508082.850137234,car4,-0.368426,0.714306,0.133531,-0.019665,0.034591,-0.051844,0.000000,0.236522,0.012118,-0.004785,0.000000,0.062325,0.236833,0.000000,0.000000,-35.000000,-43.367027,-44.940224,-35.000000,1
10.938079,1788508082.850137234,car5,0.380841,0.688545,0.124290,0.048764,0.189729,0.027134,0.000000,-0.062814,-0.003861,-0.004723,0.000000,0.191660,0.062933,0.000000,0.000000,67.693169,62.326714,66.227844,63.792040,1
11.141112,1788508083.059974909,car1,-0.387420,-0.101460,0.138698,-0.093407,0.138019,0.001537,0.000000,-0.111077,0.014454,0.001673,0.000000,0.138027,0.112013,0.000000,0.000000,48.208588,45.675219,38.202670,55.681137,1
11.141112,1788508083.059974909,car2,0.443385,-0.109593,0.103397,-0.028344,0.041115,0.026946,0.000000,0.260611,-0.006822,-0.001553,0.000000,0.049158,0.260700,0.000000,0.000000,-35.000000,-35.000000,-35.000000,-35.000000,1
11.141112,1788508083.059974909,car4,-0.391907,0.713565,0.134064,-0.039229,0.151329,-0.045344,0.000000,-0.114234,-0.002376,0.002502,0.000000,0.157977,0.114259,0.000000,0.000000,71.775982,41.274369,38.136011,74.914341,1
11.141112,1788508083.059974909,car5,0.434158,0.693584,0.125185,0.062598,0.069469,0.017294,0.000000,0.256636,0.025060,0.004202,0.000000,0.071590,0.257857,0.000000,0.000000,-35.000000,-35.000000,-35.000000,-35.000000,1
11.342975,1788508083.270077944,car1,-0.361187,-0.102035,0.138353,-0.005675,0.126061,0.005502,0.000000,0.110538,-0.000423,-0.001781,0.000000,0.126181,0.110539,0.000000,0.000000,35.000000,35.000000,35.000000,35.000000,1
11.342975,1788508083.270077944,car2,0.445965,-0.109760,0.103176,-0.014025,0.103257,0.030094,0.000000,0.027990,-0.002438,-0.000999,0.000000,0.107553,0.028096,0.000000,0.000000,35.000000,35.000000,35.000000,35.000000,1
11.342975,1788508083.270077944,car4,-0.348352,0.712751,0.132162,-0.055437,0.085243,-0.041358,0.000000,0.194450,-0.004604,-0.007545,0.000000,0.094746,0.194505,0.000000,0.000000,35.000000,-35.000000,-35.000000,35.000000,1
11.342975,1788508083.270077944,car5,0.451526,0.697807,0.124782,0.041878,0.085498,0.006018,0.000000,0.119569,0.018653,0.001601,0.000000,0.085710,0.121015,0.000000,0.000000,35.000000,-35.000000,-35.000000,35.000000,1
11.545060,1788508083.470027447,car1,-0.305694,-0.103527,0.137607,0.013155,0.017266,0.005207,0.000000,0.280146,-0.010089,-0.003985,0.000000,0.018034,0.280327,0.000000,0.000000,-35.000000,-35.000000,-35.000000,-35.000000,1
11.545060,1788508083.470027447,car2,0.450969,-0.107716,0.103782,0.022203,0.151832,0.018506,0.000000,0.009505,0.010822,0.002486,0.000000,0.152956,0.014403,0.000000,0.000000,43.381556,49.378463,51.154727,41.605293,1
11.545060,1788508083.470027447,car4,-0.315854,0.706091,0.132054,-0.084522,0.047506,-0.024905,0.000000,0.182346,-0.033094,-0.001139,0.000000,0.053638,0.185325,0.000000,0.000000,-35.000000,-35.000000,-35.000000,35.000000,1
11.545060,1788508083.470027447,car5,0.440323,0.697807,0.124047,-0.034886,0.183437,0.001098,0.000000,-0.084425,0.002306,-0.005730,0.000000,0.183440,0.084456,0.000000,0.000000,67.062325,61.600989,58.810123,69.853191,1
11.747210,1788508083.669927597,car1,-0.320775,-0.104249,0.137612,0.044122,0.113971,0.006301,0.000000,-0.040098,-0.003435,-0.000504,0.000000,0.114145,0.040245,0.000000,0.000000,36.831613,35.000000,35.000000,35.000000,1
11.747210,1788508083.669927597,car2,0.492979,-0.105615,0.103892,0.070505,0.070136,0.010624,0.000000,0.199936,0.009078,0.000812,0.000000,0.070936,0.200142,0.000000,0.000000,-35.000000,-35.000000,35.000000,-35.000000,1
11.747210,1788508083.669927597,car4,-0.326558,0.705933,0.132434,-0.053422,0.132194,-0.026030,0.000000,-0.041024,-0.003094,-0.000269,0.000000,0.134732,0.041140,0.000000,0.000000,51.563854,35.000000,35.000000,55.837615,1
11.747210,1788508083.669927597,car5,0.488739,0.694822,0.124954,-0.037969,0.083575,0.009265,0.000000,0.223796,-0.012302,0.004748,0.000000,0.084087,0.224134,0.000000,0.000000,-35.000000,-35.000000,-35.000000,35.000000,1
11.950976,1788508083.879754066,car1,-0.316071,-0.106835,0.137644,0.047500,0.166956,0.008542,0.000000,0.003769,-0.012016,0.000647,0.000000,0.167175,0.012594,0.000000,0.000000,59.808840,44.531575,48.331559,56.008856,1
11.950976,1788508083.879754066,car2,0.514020,-0.103344,0.104135,0.117161,0.072477,-0.002403,0.000000,0.120828,0.012140,0.001066,0.000000,0.072517,0.121436,0.000000,0.000000,35.000000,-35.000000,35.000000,-35.000000,1
11.950976,1788508083.879754066,car4,-0.299073,0.704268,0.131957,-0.034786,0.114193,-0.026640,0.000000,0.116127,-0.003755,-0.001326,0.000000,0.117259,0.116188,0.000000,0.000000,36.749835,35.000000,35.000000,39.532721,1
11.950976,1788508083.879754066,car5,0.522661,0.689520,0.125894,0.084914,0.045717,0.020054,0.000000,0.189657,-0.026577,0.006538,0.000000,0.049922,0.191510,0.000000,0.000000,-35.000000,-35.000000,-35.000000,-35.000000,1
12.152973,1788508084.079863071,car1,-0.259876,-0.104968,0.137267,0.050728,0.040720,-0.004133,0.000000,0.284759,0.008150,-0.002583,0.000000,0.040929,0.284876,0.000000,0.000000,-35.000000,-35.000000,-35.000000,-35.000000,1
12.152973,1788508084.079863071,car2,0.510387,-0.106946,0.103767,0.031974,0.134500,0.002101,0.000000,-0.036171,-0.019602,-0.000544,0.000000,0.134516,0.041141,0.000000,0.000000,43.301683,45.115800,47.673729,40.743754,1
12.152973,1788508084.079863071,car4,-0.262406,0.699934,0.131687,0.020140,0.048519,-0.019574,0.000000,0.204458,-0.021518,-0.004682,0.000000,0.052319,0.205587,0.000000,0.000000,-35.000000,-35.000000,-35.000000,-35.000000,1
12.152973,1788508084.079863071,car5,0.496847,0.686841,0.124505,0.086797,0.175425,0.021258,0.000000,-0.129908,-0.013513,-0.005996,0.000000,0.176709,0.130609,0.000000,0.000000,69.218612,61.424435,68.368176,62.274871,1
12.354952,1788508084.279872179,car1,-0.253201,-0.104872,0.136991,-0.038601,0.074737,-0.001529,0.000000,0.074008,0.000440,-0.000644,0.000000,0.074753,0.074010,0.000000,0.000000,35.000000,-35.000000,-35.000000,35.000000,1
12.354952,1788508084.279872179,car2,0.544317,-0.105742,0.104078,0.002626,0.082621,0.001246,0.000000,0.162948,0.003687,0.001652,0.000000,0.082630,0.162990,0.000000,0.000000,35.000000,35.000000,35.000000,35.000000,1
12.354952,1788508084.279872179,car4,-0.273008,0.698565,0.131456,0.028404,0.137712,-0.012427,0.000000,-0.049024,-0.009634,0.000501,0.000000,0.138271,0.049961,0.000000,0.000000,58.772627,35.000000,35.000000,56.500314,1
12.354952,1788508084.279872179,car5,0.537401,0.690642,0.125293,0.067020,0.100000,0.000000,0.000000,0.171391,0.014418,0.002139,0.000000,0.100000,0.171997,0.000000,0.000000,35.000000,35.000000,35.000000,35.000000,1
12.557316,1788508084.470300198,car1,-0.265815,-0.103372,0.137561,-0.009357,0.194266,0.000511,0.000000,-0.090202,0.009260,0.001731,0.000000,0.194266,0.090676,0.000000,0.000000,76.297352,61.403561,60.654994,77.045919,1
12.557316,1788508084.470300198,car2,0.579983,-0.102410,0.103858,0.064220,0.053166,-0.002511,0.000000,0.208995,0.015400,-0.001727,0.000000,0.053225,0.209561,0.000000,0.000000,-35.000000,-35.000000,-35.000000,-35.000000,1
12.557316,1788508084.470300198,car4,-0.243683,0.697414,0.131503,0.038397,0.128215,-0.001971,0.000000,0.132799,-0.005786,0.000519,0.000000,0.128230,0.132925,0.000000,0.000000,37.084963,35.000000,35.000000,35.000000,1
12.557316,1788508084.470300198,car5,0.590203,0.695551,0.127766,0.038950,0.022540,0.003851,0.000000,0.292411,0.029592,0.008539,0.000000,0.022867,0.293905,0.000000,0.000000,-35.000000,-35.000000,-35.000000,-35.000000,1
12.760147,1788508084.689797878,car1,-0.208350,-0.105393,0.136752,0.003657,0.066396,0.005414,0.000000,0.262848,-0.008702,-0.003403,0.000000,0.066617,0.262992,0.000000,0.000000,-35.000000,-35.000000,-35.000000,-35.000000,1
12.760147,1788508084.689797878,car2,0.561712,-0.103040,0.105041,0.023037,0.160748,-0.002038,0.000000,-0.087835,-0.001915,0.005217,0.000000,0.160761,0.087856,0.000000,0.000000,59.224762,54.422437,56.265436,57.381763,1
12.760147,1788508084.689797878,car4,-0.191006,0.698580,0.130963,0.034555,0.014322,-0.006969,0.000000,0.254427,0.006879,-0.000805,0.000000,0.015927,0.254520,0.000000,0.000000,-35.000000,-40.946440,-38.182059,-35.000000,1
12.760147,1788508084.689797878,car5,0.561977,0.695093,0.124681,0.021435,0.159946,0.003819,0.000000,-0.129173,-0.003626,-0.014809,0.000000,0.159991,0.129224,0.000000,0.000000,63.031336,55.140387,56.855179,61.316543,1
12.962478,1788508084.879855633,car1,-0.182315,-0.108906,0.136448,-0.019849,0.034594,0.016552,0.000000,0.200613,-0.021278,-0.001329,0.000000,0.038350,0.201738,0.000000,0.000000,-35.000000,-35.000000,-35.000000,-35.000000,1
12.962478,1788508084.879855633,car2,0.590263,-0.102367,0.104593,0.046620,0.120634,-0.003942,0.000000,0.121136,0.000906,-0.000829,0.000000,0.120698,0.121140,0.000000,0.000000,35.000000,35.000000,35.000000,35.000000,1
12.962478,1788508084.879855633,car4,-0.211378,0.700101,0.131020,0.005096,0.125822,-0.011798,0.000000,-0.067570,0.004633,-0.000720,0.000000,0.126374,0.067729,0.000000,0.000000,55.116643,35.000000,35.000000,54.708991,1
12.962478,1788508084.879855633,car5,0.590336,0.696764,0.124899,0.020307,0.120405,-0.001169,0.000000,0.103050,0.011628,-0.000963,0.000000,0.120411,0.103704,0.000000,0.000000,35.000000,35.000000,35.000000,35.000000,1
13.164248,1788508085.080096483,car1,-0.208185,-0.107415,0.136818,0.007234,0.191345,0.014815,0.000000,-0.126528,0.007759,0.001257,0.000000,0.191918,0.126766,0.000000,0.000000,70.772028,65.806839,66.385559,70.193308,1
13.164248,1788508085.080096483,car2,0.640598,-0.099850,0.104768,0.065424,0.040953,-0.008487,0.000000,0.255605,0.012611,0.000216,0.000000,0.041823,0.255916,0.000000,0.000000,-35.000000,-35.000000,-35.000000,-35.000000,1
13.164248,1788508085.080096483,car4,-0.192581,0.699353,0.130518,0.005750,0.145445,-0.006033,0.000000,0.065557,-0.005500,0.000002,0.000000,0.145570,0.065787,0.000000,0.000000,51.862192,35.000000,35.000000,51.402230,1
13.164248,1788508085.080096483,car5,0.647300,0.697695,0.125629,0.038437,0.021130,-0.000770,0.000000,0.285336,0.002796,0.002724,0.000000,0.021144,0.285350,0.000000,0.000000,-35.000000,-35.000000,-35.000000,-35.000000,1
13.366123,1788508085.289768934,car1,-0.173639,-0.106435,0.136739,0.038828,0.150800,0.012114,0.000000,0.148157,0.005502,-0.000078,0.000000,0.151286,0.148259,0.000000,0.000000,39.844034,35.000000,35.000000,36.737780,1
13.366123,1788508085.289768934,car2,0.644927,-0.099911,0.104478,0.060004,0.100000,0.000000,0.000000,0.037828,0.001230,-0.000430,0.000000,0.100000,0.037848,0.000000,0.000000,35.000000,35.000000,35.000000,35.000000,1
13.366123,1788508085.289768934,car4,-0.141911,0.698660,0.129436,0.011098,0.050688,-0.003958,0.000000,0.240990,-0.003269,-0.003244,0.000000,0.050842,0.241012,0.000000,0.000000,-35.000000,-35.000000,-35.000000,-35.000000,1
13.366123,1788508085.289768934,car5,0.640515,0.697313,0.125645,0.049589,0.100000,0.000000,0.000000,-0.014468,-0.001843,-0.000567,0.000000,0.100000,0.014585,0.000000,0.000000,35.000000,35.000000,35.000000,35.000000,1
13.567980,1788508085.489876509,car1,-0.112852,-0.107818,0.136408,-0.045526,0.016180,0.010219,0.000000,0.303303,-0.004503,-0.001384,0.000000,0.019137,0.303336,0.000000,0.000000,-35.000000,-35.000000,-35.000000,-35.000000,1
13.567980,1788508085.489876509,car2,0.636312,-0.102862,0.105090,-0.001049,0.173211,-0.005071,0.000000,-0.056203,-0.014943,0.001629,0.000000,0.173285,0.058155,0.000000,0.000000,61.794369,60.803503,60.719605,61.878266,1
13.567980,1788508085.489876509,car4,-0.123159,0.696260,0.129277,-0.026496,0.046577,-0.002378,0.000000,0.126763,-0.014056,-0.002503,0.000000,0.046638,0.127540,0.000000,0.000000,-35.000000,-35.000000,-35.000000,-35.000000,1
13.567980,1788508085.489876509,car5,0.639235,0.696442,0.125065,0.078217,0.164577,-0.002929,0.000000,-0.032420,-0.005207,-0.002918,0.000000,0.164603,0.032836,0.000000,0.000000,67.431394,43.361738,49.619108,61.174024,1
13.771179,1788508085.700034142,car1,-0.129019,-0.105488,0.136646,-0.088637,0.115630,0.008380,0.000000,-0.064159,0.011320,0.000560,0.000000,0.115934,0.065150,0.000000,0.000000,35.000000,40.488753,35.000000,38.770652,1
13.771179,1788508085.700034142,car2,0.684173,-0.103591,0.104830,-0.010473,0.073542,0.002315,0.000000,0.223263,-0.002879,-0.000959,0.000000,0.073579,0.223282,0.000000,0.000000,-35.000000,-35.000000,-35.000000,-35.000000,1
13.771179,1788508085.700034142,car4,-0.146698,0.696690,0.129730,-0.015442,0.170284,0.001388,0.000000,-0.125847,0.004361,0.003059,0.000000,0.170290,0.125922,0.000000,0.000000,73.260101,54.836787,53.601445,74.495444,1
13.771179,1788508085.700034142,car5,0.695039,0.700930,0.125106,0.061878,0.039919,-0.011897,0.000000,0.270487,0.022212,0.000559,0.000000,0.041654,0.271397,0.000000,0.000000,-35.000000,-35.000000,-35.000000,-35.000000,1
13.973110,1788508085.899798393,car1,-0.119717,-0.105792,0.136501,-0.043286,0.159254,0.014355,0.000000,0.017083,0.000900,-0.000131,0.000000,0.159900,0.017107,0.000000,0.000000,47.462799,57.369408,53.906495,50.925712,1
13.973110,1788508085.899798393,car2,0.712452,-0.103427,0.105163,0.027492,0.057947,0.007014,0.000000,0.185751,-0.000709,0.002231,0.000000,0.058370,0.185752,0.000000,0.000000,-35.000000,-35.000000,-35.000000,-35.000000,1
13.973110,1788508085.899798393,car4,-0.100242,0.696374,0.129583,0.015297,0.100000,0.000000,0.000000,0.208714,-0.002772,-0.000430,0.000000,0.100000,0.208732,0.000000,0.000000,35.000000,-35.000000,-35.000000,35.000000,1
13.973110,1788508085.899798393,car5,0.704230,0.707991,0.125423,-0.095058,0.083938,-0.029278,0.000000,0.088290,0.035614,0.001671,0.000000,0.088898,0.095202,0.000000,0.000000,35.000000,-35.000000,-35.000000,35.000000,1
14.175009,1788508086.099842787,car1,-0.056076,-0.107234,0.136262,0.013785,0.020969,0.013778,0.000000,0.304867,-0.005403,-0.000879,0.000000,0.025090,0.304915,0.000000,0.000000,-35.000000,-35.000000,-35.000000,-35.000000,1
14.175009,1788508086.099842787,car2,0.699343,-0.104452,0.105196,-0.035248,0.159558,0.005277,0.000000,-0.075327,-0.004217,0.000411,0.000000,0.159645,0.075445,0.000000,0.000000,50.249582,62.587841,59.767986,53.069437,1
14.175009,1788508086.099842787,car4,-0.071495,0.697113,0.128913,-0.050207,0.067599,0.000371,0.000000,0.178204,0.003572,-0.001013,0.000000,0.067600,0.178240,0.000000,0.000000,-35.000000,-35.000000,-35.000000,35.000000,1
14.175009,1788508086.099842787,car5,0.701518,0.703491,0.124957,0.010445,0.152850,-0.019691,0.000000,-0.029883,-0.020707,-0.002485,0.000000,0.154114,0.036356,0.000000,0.000000,62.616140,35.224836,36.060396,61.780580,1
14.377873,1788508086.299817562,car1,-0.047021,-0.107559,0.136420,0.158936,0.047567,0.013372,0.000000,0.092992,-0.004729,-0.000139,0.000000,0.049411,0.093112,0.000000,0.000000,-35.000000,-35.000000,35.000000,-35.000000,1
14.377873,1788508086.299817562,car2,0.732013,-0.103318,0.105529,0.017710,0.100000,0.000000,0.000000,0.145247,0.002251,0.002494,0.000000,0.100000,0.145265,0.000000,0.000000,35.000000,35.000000,35.000000,35.000000,1
14.377873,1788508086.299817562,car4,-0.086695,0.695038,0.129375,-0.012226,0.171609,0.005126,0.000000,-0.089248,-0.007535,-0.000250,0.000000,0.171686,0.089566,0.000000,0.000000,68.436600,55.405015,54.426955,69.414661,1
14.377873,1788508086.299817562,car5,0.747026,0.702585,0.125493,0.030206,0.066052,-0.018723,0.000000,0.215590,-0.005485,0.002379,0.000000,0.068654,0.215660,0.000000,0.000000,35.000000,-35.000000,-35.000000,35.000000,1
14.580357,1788508086.499842644,car1,-0.064088,-0.110614,0.136699,0.069271,0.177019,0.019906,0.000000,-0.096926,-0.013937,0.001779,0.000000,0.178135,0.097923,0.000000,0.000000,64.028847,64.882193,70.423844,58.487196,1
14.580357,1788508086.499842644,car2,0.780190,-0.102840,0.105835,-0.061584,0.039340,-0.004168,0.000000,0.243807,0.005539,0.000269,0.000000,0.039560,0.243870,0.000000,0.000000,-35.000000,-35.000000,-35.000000,-35.000000,1
14.580357,1788508086.499842644,car4,-0.047633,0.695017,0.128395,-0.008492,0.127026,0.002593,0.000000,0.172254,-0.000948,-0.003438,0.000000,0.127053,0.172257,0.000000,0.000000,35.000000,35.000000,35.000000,35.000000,1
14.580357,1788508086.499842644,car5,0.774916,0.701759,0.126274,-0.017898,0.055543,-0.018733,0.000000,0.160444,-0.006399,0.004733,0.000000,0.058617,0.160571,0.000000,0.000000,35.000000,-35.000000,-35.000000,35.000000,1
14.782283,1788508086.709739208,car1,-0.018459,-0.112436,0.135999,0.035125,0.094308,0.022622,0.000000,0.208127,-0.009742,-0.003147,0.000000,0.096983,0.208355,0.000000,0.000000,-35.000000,35.000000,35.000000,-35.000000,1
14.782283,1788508086.709739208,car2,0.769928,-0.100401,0.106133,-0.156442,0.131247,-0.015719,0.000000,-0.027346,0.008305,0.000629,0.000000,0.132185,0.028579,0.000000,0.000000,35.000000,46.415549,35.000000,44.263358,1
14.782283,1788508086.709739208,car4,0.007843,0.694639,0.129958,-0.009829,0.013807,0.000048,0.000000,0.286179,0.000475,0.003792,0.000000,0.013807,0.286180,0.000000,0.000000,-35.000000,-36.985961,-37.772263,-35.000000,1
14.782283,1788508086.709739208,car5,0.759717,0.696815,0.125047,0.023034,0.162744,-0.006766,0.000000,-0.076870,-0.018798,-0.006065,0.000000,0.162885,0.079135,0.000000,0.000000,67.754920,42.727769,44.570468,65.912220,1
14.984147,1788508086.899918318,car1,0.030624,-0.106993,0.135604,0.074595,0.004035,0.012064,0.000000,0.269151,0.022148,-0.002773,0.000000,0.012721,0.270061,0.000000,0.000000,-35.000000,-35.000000,-35.000000,-37.948828,1
14.984147,1788508086.899918318,car2,0.789171,-0.098344,0.106636,-0.042726,0.131216,-0.014855,0.000000,0.074485,0.014382,0.002905,0.000000,0.132055,0.075861,0.000000,0.000000,38.433198,35.000000,35.000000,41.851275,1
14.984147,1788508086.899918318,car4,-0.017744,0.695254,0.129004,-0.008810,0.152733,0.005452,0.000000,-0.097777,0.001820,-0.001911,0.000000,0.152830,0.097794,0.000000,0.000000,60.242077,45.926841,45.222029,60.946889,1
14.984147,1788508086.899918318,car5,0.793904,0.698020,0.126226,0.014794,0.116248,-0.003308,0.000000,0.151962,0.000957,0.005109,0.000000,0.116295,0.151965,0.000000,0.000000,35.000000,35.000000,35.000000,35.000000,1
15.185973,1788508087.109903336,car1,0.009249,-0.106470,0.135713,0.027122,0.147389,0.010201,0.000000,-0.087593,0.003743,0.000428,0.000000,0.147742,0.087673,0.000000,0.000000,44.016549,48.805810,50.975598,41.846760,1
15.185973,1788508087.109903336,car2,0.840119,-0.100437,0.105629,0.037883,0.049923,-0.008848,0.000000,0.247580,-0.011869,-0.004491,0.000000,0.050701,0.247864,0.000000,0.000000,-35.000000,-35.000000,-35.000000,-35.000000,1
15.185973,1788508087.109903336,car4,0.011055,0.695023,0.128660,0.006442,0.141814,0.005500,0.000000,0.116761,-0.003404,0.001709,0.000000,0.141921,0.116811,0.000000,0.000000,41.511390,35.000000,35.000000,40.996000,1
15.185973,1788508087.109903336,car5,0.836570,0.698918,0.126093,-0.050052,0.060904,-0.006853,0.000000,0.228888,0.007111,0.000910,0.000000,0.061288,0.228999,0.000000,0.000000,-35.000000,-35.000000,-35.000000,-35.000000,1
15.387860,1788508087.309782982,car1,0.025888,-0.105036,0.135872,0.015231,0.144294,0.005044,0.000000,0.054472,0.006395,-0.000017,0.000000,0.144382,0.054846,0.000000,0.000000,37.529600,41.458403,42.676921,36.311081,1
15.387860,1788508087.309782982,car2,0.848454,-0.101426,0.105573,0.083863,0.072678,-0.006427,0.000000,0.066019,-0.005861,-0.001060,0.000000,0.072962,0.066279,0.000000,0.000000,35.000000,-35.000000,35.000000,35.000000,1
15.387860,1788508087.309782982,car4,0.064325,0.694978,0.128111,0.019039,0.024243,0.004895,0.000000,0.270555,0.001466,-0.003581,0.000000,0.024732,0.270559,0.000000,0.000000,-35.000000,-35.000000,-35.000000,-35.000000,1
15.387860,1788508087.309782982,car5,0.820852,0.697713,0.125904,-0.032310,0.159708,-0.003627,0.000000,-0.063070,-0.007782,-0.000366,0.000000,0.159749,0.063548,0.000000,0.000000,59.229876,44.343969,41.759175,61.814671,1
15.590649,1788508087.519818544,car1,0.084918,-0.103641,0.134854,0.022994,0.014918,-0.001749,0.000000,0.281077,0.006379,-0.003585,0.000000,0.015020,0.281149,0.000000,0.000000,-35.000000,-35.000000,-35.000000,-35.000000,1
15.590649,1788508087.519818544,car2,0.844364,-0.104241,0.105647,0.010510,0.140788,0.000096,0.000000,-0.030782,-0.014497,0.000411,0.000000,0.140788,0.034025,0.000000,0.000000,44.368590,44.874832,45.715671,43.527751,1
15.590649,1788508087.519818544,car4,0.051700,0.695168,0.129048,0.028032,0.117650,0.001986,0.000000,-0.046024,-0.000514,0.004505,0.000000,0.117667,0.046027,0.000000,0.000000,44.924102,35.000000,35.000000,42.681513,1
15.590649,1788508087.519818544,car5,0.847918,0.695872,0.125997,0.022203,0.129642,-0.000263,0.000000,0.114999,-0.007700,-0.000326,0.000000,0.129642,0.115256,0.000000,0.000000,40.122654,35.000000,35.000000,38.346391,1
15.792433,1788508087.709876060,car1,0.073594,-0.102511,0.135163,-0.041233,0.115122,-0.001296,0.000000,-0.012963,0.007811,0.000567,0.000000,0.115129,0.015135,0.000000,0.000000,35.000000,35.000000,35.000000,35.000000,1
15.792433,1788508087.709876060,car2,0.873913,-0.103000,0.106225,0.028314,0.100000,0.000000,0.000000,0.140222,0.004195,0.003393,0.000000,0.100000,0.140285,0.000000,0.000000,35.000000,35.000000,35.000000,35.000000,1
15.792433,1788508087.709876060,car4,0.066376,0.695916,0.128854,0.035634,0.137941,0.003706,0.000000,0.041817,0.003033,-0.000611,0.000000,0.137991,0.041927,0.000000,0.000000,50.868893,35.000000,35.000000,48.018203,1
15.792433,1788508087.709876060,car5,0.899419,0.697929,0.126151,0.005652,0.034096,-0.002642,0.000000,0.269940,0.011501,-0.000694,0.000000,0.034198,0.270185,0.000000,0.000000,-35.000000,-35.715247,-35.263065,-35.000000,1
15.994411,1788508087.910525322,car1,0.082330,-0.102150,0.135317,-0.036191,0.164349,0.001545,0.000000,0.016256,0.001328,0.000794,0.000000,0.164357,0.016310,0.000000,0.000000,44.315359,55.211198,52.315888,47.210669,1
15.994411,1788508087.910525322,car2,0.918997,-0.100866,0.106516,0.028267,0.049214,-0.002493,0.000000,0.229472,0.010280,0.000937,0.000000,0.049277,0.229702,0.000000,0.000000,-35.000000,-35.000000,-35.000000,-35.000000,1
15.994411,1788508087.910525322,car4,0.113670,0.698475,0.128076,0.046038,0.065758,-0.000417,0.000000,0.242451,0.011323,-0.003841,0.000000,0.065760,0.242715,0.000000,0.000000,35.000000,-35.000000,-35.000000,-35.000000,1
15.994411,1788508087.910525322,car5,0.896611,0.697917,0.124863,-0.010045,0.120088,0.001365,0.000000,0.003467,-0.004625,-0.003092,0.000000,0.120096,0.005781,0.000000,0.000000,35.939018,35.000000,35.000000,36.742616,1
16.196354,1788508088.119926453,car1,0.137794,-0.105007,0.134587,-0.007629,0.040303,0.005279,0.000000,0.266284,-0.014256,-0.003742,0.000000,0.040648,0.266666,0.000000,0.000000,-35.000000,-35.000000,-35.000000,-35.000000,1
16.196354,1788508088.119926453,car2,0.917972,-0.100670,0.106208,0.028912,0.100000,0.000000,0.000000,0.010277,0.001506,-0.000931,0.000000,0.100000,0.010386,0.000000,0.000000,35.000000,35.000000,35.000000,35.000000,1
16.196354,1788508088.119926453,car4,0.118787,0.697667,0.127984,-0.022011,0.100000,0.000000,0.000000,0.042264,-0.002711,-0.000625,0.000000,0.100000,0.042351,0.000000,0.000000,35.000000,35.000000,35.000000,35.000000,1
16.196354,1788508088.119926453,car5,0.900522,0.694712,0.125597,-0.014709,0.157339,0.006171,0.000000,0.001320,-0.012987,0.000068,0.000000,0.157460,0.013054,0.000000,0.000000,55.343042,45.904296,44.727549,56.519790,1
16.398412,1788508088.319881201,car1,0.150540,-0.103369,0.134426,0.016938,0.056273,0.002214,0.000000,0.112685,0.006297,-0.001699,0.000000,0.056317,0.112861,0.000000,0.000000,-35.000000,-35.000000,-35.000000,-35.000000,1
16.398412,1788508088.319881201,car2,0.917585,-0.101033,0.106285,0.011747,0.160067,-0.005137,0.000000,-0.026746,-0.004242,0.001018,0.000000,0.160149,0.027081,0.000000,0.000000,57.062865,49.855206,50.794971,56.123100,1
16.398412,1788508088.319881201,car4,0.126286,0.697244,0.128944,0.005663,0.133234,0.000273,0.000000,0.016288,-0.000078,0.004892,0.000000,0.133235,0.016288,0.000000,0.000000,48.982111,35.000000,35.000000,48.529091,1
16.398412,1788508088.319881201,car5,0.952522,0.696477,0.125685,-0.000848,0.050155,0.002693,0.000000,0.261383,0.006390,-0.000422,0.000000,0.050227,0.261461,0.000000,0.000000,-35.000000,-35.000000,-35.000000,-35.000000,1
16.601860,1788508088.529854298,car1,0.132690,-0.102856,0.134905,0.017807,0.175997,-0.000778,0.000000,-0.102113,0.004049,0.003775,0.000000,0.175998,0.102193,0.000000,0.000000,63.959936,63.517984,64.942554,62.535366,1
16.601860,1788508088.529854298,car2,0.965384,-0.102636,0.106177,0.012301,0.073951,-0.001502,0.000000,0.226712,-0.006360,-0.002036,0.000000,0.073967,0.226801,0.000000,0.000000,-35.000000,-35.000000,-35.000000,-35.000000,1
16.601860,1788508088.529854298,car4,0.172065,0.697980,0.129098,0.033931,0.053044,-0.003437,0.000000,0.213838,0.003056,0.001381,0.000000,0.053156,0.213860,0.000000,0.000000,-35.000000,-35.000000,-35.000000,-35.000000,1
16.601860,1788508088.529854298,car5,0.958717,0.695084,0.125446,-0.004211,0.100000,0.000000,0.000000,0.045907,-0.006820,-0.000857,0.000000,0.100000,0.046411,0.000000,0.000000,35.000000,35.000000,35.000000,35.000000,1
16.803786,1788508088.729860306,car1,0.182049,-0.102810,0.134276,0.027943,0.082287,0.000139,0.000000,0.229627,-0.004229,-0.004085,0.000000,0.082287,0.229666,0.000000,0.000000,-35.000000,-35.000000,35.000000,-35.000000,1
16.803786,1788508088.729860306,car2,0.984309,-0.101382,0.106650,0.046684,0.075112,-0.004417,0.000000,0.125659,0.006463,-0.000394,0.000000,0.075242,0.125825,0.000000,0.000000,35.000000,-35.000000,-35.000000,35.000000,1
16.803786,1788508088.729860306,car4,0.184336,0.698682,0.128657,0.016634,0.075027,-0.004620,0.000000,0.091414,0.004880,-0.002886,0.000000,0.075169,0.091544,0.000000,0.000000,35.000000,-35.000000,-35.000000,35.000000,1
16.803786,1788508088.729860306,car5,0.955325,0.694442,0.124778,-0.003584,0.166135,0.008714,0.000000,-0.037879,-0.003484,-0.004164,0.000000,0.166364,0.038039,0.000000,0.000000,64.354604,53.960413,53.673723,64.641295,1
17.005793,1788508088.929833174,car1,0.208658,-0.102379,0.134313,-0.006075,0.057115,-0.003453,0.000000,0.182010,0.004036,0.000824,0.000000,0.057219,0.182054,0.000000,0.000000,-35.000000,-35.000000,-35.000000,-35.000000,1
17.005793,1788508088.929833174,car2,0.977951,-0.103915,0.106471,0.026151,0.154077,0.001404,0.000000,-0.050361,-0.012375,0.000776,0.000000,0.154084,0.051859,0.000000,0.000000,55.352028,51.502891,53.594937,53.259982,1
17.005793,1788508088.929833174,car4,0.182808,0.698916,0.128730,0.002350,0.139067,-0.007567,0.000000,-0.029708,-0.000011,-0.000316,0.000000,0.139273,0.029708,0.000000,0.000000,57.496387,35.000000,35.000000,57.308408,1
17.005793,1788508088.929833174,car5,1.011069,0.693502,0.125631,0.026355,0.049690,0.009556,0.000000,0.268830,-0.003995,0.005104,0.000000,0.050600,0.268859,0.000000,0.000000,-35.000000,-35.000000,-35.000000,-35.000000,1
17.208294,1788508089.119803190,car1,0.188044,-0.100806,0.134382,-0.001133,0.175610,-0.005422,0.000000,-0.139734,0.008190,-0.000439,0.000000,0.175694,0.139974,0.000000,0.000000,65.746028,64.500548,64.409888,65.836688,1
17.208294,1788508089.119803190,car2,1.013006,-0.103531,0.106840,0.026183,0.100000,0.000000,0.000000,0.166271,0.001013,0.001312,0.000000,0.100000,0.166274,0.000000,0.000000,35.000000,35.000000,35.000000,35.000000,1
17.208294,1788508089.119803190,car4,0.220278,0.699115,0.128414,0.034446,0.075002,-0.005325,0.000000,0.185107,0.001395,-0.001249,0.000000,0.075191,0.185112,0.000000,0.000000,35.000000,-35.000000,-35.000000,35.000000,1
17.208294,1788508089.119803190,car5,1.028428,0.695001,0.124605,0.031482,0.049554,0.007710,0.000000,0.152998,0.005666,0.001607,0.000000,0.050150,0.153103,0.000000,0.000000,-35.000000,-35.000000,-35.000000,-35.000000,1
17.411614,1788508089.339865685,car1,0.229646,-0.101754,0.134092,-0.005746,0.137342,-0.003098,0.000000,0.178847,-0.003780,-0.001156,0.000000,0.137377,0.178887,0.000000,0.000000,35.000000,35.000000,35.000000,35.000000,1
17.411614,1788508089.339865685,car2,1.068225,-0.101674,0.106181,0.044657,0.017397,-0.003249,0.000000,0.267021,0.009088,-0.002765,0.000000,0.017698,0.267176,0.000000,0.000000,-35.000000,-35.000000,-35.000000,-35.000000,1
17.411614,1788508089.339865685,car4,0.258988,0.699353,0.128455,-0.052835,0.044673,-0.006552,0.000000,0.199742,0.001016,-0.000743,0.000000,0.045151,0.199744,0.000000,0.000000,-35.000000,-35.000000,-35.000000,-35.000000,1
17.411614,1788508089.339865685,car5,1.008756,0.693158,0.125269,0.025021,0.198705,0.012434,0.000000,-0.107697,-0.009013,-0.002257,0.000000,0.199094,0.108073,0.000000,0.000000,74.879222,64.702276,66.703961,72.877537,1
17.613424,1788508089.539770126,car1,0.284878,-0.103304,0.133612,0.003297,0.024566,0.002357,0.000000,0.276306,-0.005852,-0.002101,0.000000,0.024678,0.276368,0.000000,0.000000,-35.000000,-35.000000,-35.000000,-35.000000,1
17.613424,1788508089.539770126,car2,1.059030,-0.102409,0.106547,0.038821,0.100000,0.000000,0.000000,-0.021050,-0.002909,0.000558,0.000000,0.100000,0.021250,0.000000,0.000000,35.000000,35.000000,35.000000,35.000000,1
17.613424,1788508089.539770126,car4,0.244285,0.700184,0.128316,-0.022246,0.151276,-0.008601,0.000000,-0.069974,0.005376,-0.000900,0.000000,0.151521,0.070180,0.000000,0.000000,60.915773,37.229075,35.449419,62.695429,1
17.613424,1788508089.539770126,car5,1.053993,0.695354,0.125661,0.025488,0.120918,0.006710,0.000000,0.203820,0.008611,0.000961,0.000000,0.121104,0.204002,0.000000,0.000000,35.000000,35.000000,35.000000,35.000000,1
17.815061,1788508089.739946365,car1,0.278141,-0.102522,0.133880,-0.013568,0.100000,0.000000,0.000000,-0.012224,0.001747,0.001224,0.000000,0.100000,0.012348,0.000000,0.000000,35.000000,35.000000,35.000000,35.000000,1
17.815061,1788508089.739946365,car2,1.065230,-0.101599,0.106837,0.043909,0.152729,-0.001637,0.000000,0.015202,0.002410,0.002647,0.000000,0.152738,0.015392,0.000000,0.000000,51.221553,39.617996,43.130710,47.708839,1
17.815061,1788508089.739946365,car4,0.273267,0.700775,0.128028,-0.006932,0.127686,-0.009218,0.000000,0.129377,0.000782,-0.000447,0.000000,0.128019,0.129380,0.000000,0.000000,38.104694,35.000000,35.000000,38.659225,1
17.815061,1788508089.739946365,car5,1.111197,0.694871,0.126421,-0.015661,0.010616,0.009202,0.000000,0.298230,0.001274,0.004435,0.000000,0.014049,0.298232,0.000000,0.000000,-35.000000,-35.000000,-35.000000,-35.000000,1
18.017067,1788508089.940052271,car1,0.282539,-0.103487,0.133939,-0.011828,0.160751,0.006862,0.000000,-0.003692,-0.000823,0.000851,0.000000,0.160897,0.003782,0.000000,0.000000,44.774882,56.300272,55.354051,45.721104,1
18.017067,1788508089.940052271,car2,1.108944,-0.098179,0.106665,0.076069,0.077583,-0.009949,0.000000,0.219013,0.016694,-0.000761,0.000000,0.078218,0.219648,0.000000,0.000000,35.000000,-35.000000,-35.000000,-35.000000,1
18.017067,1788508089.940052271,car4,0.321438,0.699545,0.128357,0.002674,0.038801,-0.002643,0.000000,0.255542,-0.003544,0.001028,0.000000,0.038891,0.255567,0.000000,0.000000,-35.000000,-35.000000,-35.000000,-35.000000,1
18.017067,1788508089.940052271,car5,1.094743,0.696929,0.125559,-0.022723,0.122884,0.005657,0.000000,-0.058087,0.007684,-0.003510,0.000000,0.123014,0.058593,0.000000,0.000000,39.662640,35.000000,35.000000,41.480508,1
18.219797,1788508090.139824390,car1,0.336893,-0.105620,0.133377,-0.005782,0.046314,0.010999,0.000000,0.256368,-0.010206,-0.002973,0.000000,0.047602,0.256571,0.000000,0.000000,-35.000000,-35.000000,-35.000000,-35.000000,1
18.219797,1788508090.139824390,car2,1.134750,-0.098427,0.106119,0.082730,0.052891,-0.011686,0.000000,0.150780,0.000520,-0.002674,0.000000,0.054166,0.150781,0.000000,0.000000,-35.000000,-35.000000,-35.000000,-35.000000,1
18.219797,1788508090.139824390,car4,0.311241,0.700339,0.128137,0.004669,0.127395,-0.007855,0.000000,-0.030062,0.001606,-0.000659,0.000000,0.127637,0.030104,0.000000,0.000000,48.128013,35.000000,35.000000,47.754507,1
18.219797,1788508090.139824390,car5,1.096473,0.695204,0.125196,0.066889,0.172593,0.008295,0.000000,-0.016097,-0.006860,-0.002239,0.000000,0.172792,0.017498,0.000000,0.000000,69.984711,49.832042,55.183140,64.633613,1
18.422780,1788508090.339796066,car1,0.362407,-0.106252,0.133309,0.010544,0.035867,0.014037,0.000000,0.183802,-0.007294,0.000575,0.000000,0.038516,0.183946,0.000000,0.000000,-35.000000,-35.000000,-35.000000,-35.000000,1
18.422780,1788508090.339796066,car2,1.120601,-0.100863,0.106192,0.041203,0.166470,-0.002802,0.000000,-0.084228,-0.010994,0.001863,0.000000,0.166493,0.084943,0.000000,0.000000,64.922775,52.065873,55.362092,61.626555,1
18.422780,1788508090.339796066,car4,0.327582,0.699309,0.128240,0.006657,0.145263,-0.003382,0.000000,0.045406,-0.002915,-0.000150,0.000000,0.145303,0.045499,0.000000,0.000000,52.421903,35.000000,35.000000,51.889304,1
18.422780,1788508090.339796066,car5,1.156950,0.700765,0.126368,0.077624,0.052396,-0.007981,0.000000,0.298272,0.021254,0.006161,0.000000,0.053001,0.299028,0.000000,0.000000,-35.000000,-35.000000,-35.000000,-35.000000,1
18.626303,1788508090.549699783,car1,0.337853,-0.102560,0.133856,0.048473,0.178600,0.004633,0.000000,-0.132611,0.016162,0.001565,0.000000,0.178660,0.133592,0.000000,0.000000,67.269694,63.457828,67.335691,63.391831,1
18.626303,1788508090.549699783,car2,1.157962,-0.102579,0.106530,0.002845,0.116989,0.004851,0.000000,0.174220,-0.010208,0.000209,0.000000,0.117089,0.174519,0.000000,0.000000,35.000000,35.000000,35.000000,35.000000,1
18.626303,1788508090.549699783,car4,0.380828,0.696475,0.128727,-0.021144,0.044788,0.007752,0.000000,0.271624,-0.013517,0.000302,0.000000,0.045454,0.271960,0.000000,0.000000,-35.000000,-35.000000,-35.000000,-35.000000,1
18.626303,1788508090.549699783,car5,1.176476,0.704420,0.125453,0.042261,0.058238,-0.017347,0.000000,0.153258,0.021593,0.003165,0.000000,0.060766,0.154772,0.000000,0.000000,35.000000,-35.000000,-35.000000,35.000000,1
18.828510,1788508090.749724865,car1,0.378487,-0.101211,0.133783,0.064521,0.100000,0.000000,0.000000,0.181598,0.008292,0.000099,0.000000,0.100000,0.181788,0.000000,0.000000,35.000000,35.000000,35.000000,35.000000,1
18.828510,1788508090.749724865,car2,1.205350,-0.100799,0.106049,0.008838,0.018557,-0.002963,0.000000,0.255831,0.008605,-0.003498,0.000000,0.018792,0.255975,0.000000,0.000000,-35.000000,-35.000000,-35.000000,-35.000000,1
18.828510,1788508090.749724865,car4,0.374891,0.695975,0.128450,-0.025459,0.100000,0.000000,0.000000,-0.007493,-0.002319,-0.000465,0.000000,0.100000,0.007844,0.000000,0.000000,35.000000,35.000000,35.000000,35.000000,1
18.828510,1788508090.749724865,car5,1.157011,0.698995,0.127026,0.028333,0.168368,-0.002355,0.000000,-0.116647,-0.025613,0.001831,0.000000,0.168385,0.119426,0.000000,0.000000,72.659194,52.879573,55.146180,70.392587,1
19.031307,1788508090.959798098,car1,0.434666,-0.099249,0.134396,0.012851,-0.002747,-0.003079,0.000000,0.292515,0.010103,0.001712,0.000000,0.004127,0.292689,0.000000,0.000000,-35.000000,-35.000000,-35.000000,-35.000000,1
19.031307,1788508090.959798098,car2,1.183468,-0.101144,0.106551,-0.040224,0.153772,0.002745,0.000000,-0.102049,-0.001478,0.003126,0.000000,0.153797,0.102059,0.000000,0.000000,50.927855,57.462926,54.245022,54.145760,1
19.031307,1788508090.959798098,car4,0.383355,0.697246,0.128505,-0.005662,0.154101,0.007815,0.000000,0.030990,0.004114,0.000588,0.000000,0.154299,0.031262,0.000000,0.000000,51.394509,36.895574,36.442607,51.847476,1
19.031307,1788508090.959798098,car5,1.200667,0.702059,0.125087,0.037176,0.100000,0.000000,0.000000,0.199776,0.010757,-0.007650,0.000000,0.100000,0.200065,0.000000,0.000000,35.000000,-35.000000,-35.000000,35.000000,1
19.233128,1788508091.159913301,car1,0.403453,-0.098374,0.134161,0.008224,0.157364,-0.003899,0.000000,-0.143626,0.004951,-0.001028,0.000000,0.157412,0.143711,0.000000,0.000000,57.117670,56.986804,57.644735,56.459739,1
19.233128,1788508091.159913301,car2,1.207765,-0.101543,0.106803,-0.016309,0.144134,0.006103,0.000000,0.102993,-0.002708,0.001798,0.000000,0.144263,0.103029,0.000000,0.000000,35.000000,37.481387,36.176627,35.000000,1
19.233128,1788508091.159913301,car4,0.426917,0.698746,0.128454,0.041195,0.083351,0.005237,0.000000,0.206696,0.005208,0.000637,0.000000,0.083516,0.206762,0.000000,0.000000,35.000000,-35.000000,-35.000000,35.000000,1
19.233128,1788508091.159913301,car5,1.248688,0.702711,0.127213,-0.009788,0.016956,-0.007160,0.000000,0.248929,0.003539,0.007658,0.000000,0.018406,0.248954,0.000000,0.000000,-35.000000,-39.022778,-39.805779,-35.000000,1
19.435196,1788508091.359789848,car1,0.434584,-0.098679,0.134262,0.007667,0.122877,-0.002804,0.000000,0.122601,0.000179,0.000521,0.000000,0.122909,0.122601,0.000000,0.000000,35.000000,35.000000,35.000000,35.000000,1
19.435196,1788508091.359789848,car2,1.260187,-0.100483,0.106404,0.033955,0.042087,0.002910,0.000000,0.269554,0.005671,-0.001540,0.000000,0.042188,0.269614,0.000000,0.000000,-35.000000,-35.000000,-35.000000,-35.000000,1
19.435196,1788508091.359789848,car4,0.449698,0.698632,0.128473,-0.019850,0.074671,0.005772,0.000000,0.153337,0.002117,0.000394,0.000000,0.074894,0.153352,0.000000,0.000000,35.000000,-35.000000,-35.000000,35.000000,1
19.435196,1788508091.359789848,car5,1.222546,0.702301,0.125033,-0.000070,0.160244,-0.005827,0.000000,-0.102911,-0.001437,-0.007149,0.000000,0.160350,0.102921,0.000000,0.000000,65.347341,41.653260,41.647661,65.352939,1
19.637309,1788508091.559775829,car1,0.484539,-0.098754,0.134241,-0.019017,0.026522,-0.004069,0.000000,0.258456,-0.003639,0.000115,0.000000,0.026832,0.258481,0.000000,0.000000,-35.000000,-35.000000,-35.000000,-35.000000,1
19.637309,1788508091.559775829,car2,1.270117,-0.100571,0.106123,0.077378,0.070572,0.001612,0.000000,0.092150,0.002588,-0.002465,0.000000,0.070590,0.092186,0.000000,0.000000,35.000000,-35.000000,35.000000,-35.000000,1
19.637309,1788508091.559775829,car4,0.440745,0.697721,0.128324,-0.035823,0.163020,0.006931,0.000000,-0.053456,-0.003358,-0.000546,0.000000,0.163167,0.053561,0.000000,0.000000,58.085608,52.544420,49.678548,60.951480,1
19.637309,1788508091.559775829,car5,1.248109,0.701345,0.125581,-0.015333,0.140494,-0.004472,0.000000,0.088610,-0.007403,0.001397,0.000000,0.140565,0.088918,0.000000,0.000000,43.720431,35.000000,35.000000,44.947048,1
19.839557,1788508091.759778261,car1,0.479492,-0.098132,0.134164,-0.039807,0.100000,0.000000,0.000000,-0.001865,0.004055,-0.000170,0.000000,0.100000,0.004463,0.000000,0.000000,35.000000,35.000000,35.000000,35.000000,1
19.839557,1788508091.759778261,car2,1.260408,-0.103533,0.106612,0.020183,0.170980,0.008230,0.000000,-0.064395,-0.013693,0.002908,0.000000,0.171178,0.065834,0.000000,0.000000,57.102117,60.047853,61.662461,55.487510,1
19.839557,1788508091.759778261,car4,0.487079,0.696667,0.128454,-0.011030,0.100000,0.000000,0.000000,0.208066,-0.004247,0.000531,0.000000,0.100000,0.208109,0.000000,0.000000,35.000000,-35.000000,-35.000000,35.000000,1
19.839557,1788508091.759778261,car5,1.305920,0.701447,0.124668,0.024612,0.029373,-0.007266,0.000000,0.278515,0.000336,-0.005768,0.000000,0.030258,0.278515,0.000000,0.000000,-35.000000,-36.939010,-35.000000,-35.000000,1
20.042549,1788508091.969875574,car1,0.479841,-0.098143,0.134424,-0.039936,0.166449,-0.010683,0.000000,-0.018941,0.000767,0.001326,0.000000,0.166791,0.018957,0.000000,0.000000,51.865887,55.503153,52.308255,55.060784,1
20.042549,1788508091.969875574,car2,1.302017,-0.104953,0.105591,-0.021048,0.100000,0.000000,0.000000,0.194356,-0.009781,-0.003960,0.000000,0.100000,0.194602,0.000000,0.000000,35.000000,35.000000,35.000000,35.000000,1
20.042549,1788508091.969875574,car4,0.515185,0.696234,0.128302,0.012251,0.055518,0.006966,0.000000,0.166605,-0.003400,0.000179,0.000000,0.055954,0.166639,0.000000,0.000000,-35.000000,-35.000000,-35.000000,-35.000000,1
20.042549,1788508091.969875574,car5,1.307480,0.700600,0.124358,0.019277,0.079732,-0.006912,0.000000,0.024186,-0.005038,-0.000042,0.000000,0.080031,0.024705,0.000000,0.000000,35.000000,-35.000000,-35.000000,35.000000,1
20.245164,1788508092.169905901,car1,0.532456,-0.099254,0.134678,0.000967,0.055317,-0.008980,0.000000,0.256844,-0.005768,0.001446,0.000000,0.056041,0.256909,0.000000,0.000000,-35.000000,-35.000000,-35.000000,-35.000000,1
20.245164,1788508092.169905901,car2,1.340621,-0.105431,0.105221,-0.007048,0.030598,0.010397,0.000000,0.220531,-0.001073,-0.003235,0.000000,0.032316,0.220534,0.000000,0.000000,-35.000000,-35.000000,-35.000000,-35.000000,1
20.245164,1788508092.169905901,car4,0.502669,0.695783,0.128506,-0.026697,0.149455,0.006709,0.000000,-0.073197,-0.000507,-0.001155,0.000000,0.149606,0.073199,0.000000,0.000000,54.393148,49.471071,47.335340,56.528880,1
20.245164,1788508092.169905901,car5,1.297592,0.700534,0.123708,0.060257,0.164836,-0.008208,0.000000,-0.075012,0.001531,-0.003206,0.000000,0.165040,0.075027,0.000000,0.000000,77.660819,38.082783,42.903379,72.840223,1
20.448137,1788508092.369870901,car1,0.553195,-0.100616,0.134792,-0.000645,0.057896,-0.003944,0.000000,0.153785,-0.010281,0.000494,0.000000,0.058030,0.154129,0.000000,0.000000,-35.000000,-35.000000,-35.000000,-35.000000,1
20.448137,1788508092.369870901,car2,1.319151,-0.104616,0.106414,-0.006373,0.164881,0.008613,0.000000,-0.101513,0.004345,0.004350,0.000000,0.165106,0.101606,0.000000,0.000000,54.760234,63.138766,62.628908,55.270092,1
20.448137,1788508092.369870901,car4,0.539257,0.695993,0.128497,0.021248,0.100000,0.000000,0.000000,0.168624,0.001271,0.000513,0.000000,0.100000,0.168629,0.000000,0.000000,35.000000,35.000000,35.000000,35.000000,1
20.448137,1788508092.369870901,car5,1.348036,0.701797,0.124240,0.076798,0.074108,-0.011655,0.000000,0.244774,0.003793,0.000345,0.000000,0.075019,0.244804,0.000000,0.000000,35.000000,-35.000000,-35.000000,35.000000,1
20.651423,1788508092.580095053,car1,0.533339,-0.098227,0.135348,0.034725,0.188985,-0.007056,0.000000,-0.112624,0.010339,0.001092,0.000000,0.189117,0.113097,0.000000,0.000000,74.306552,60.984338,63.762350,71.528540,1
20.651423,1788508092.580095053,car2,1.350965,-0.103277,0.106246,0.017384,0.136405,0.008715,0.000000,0.139643,0.006367,-0.000503,0.000000,0.136683,0.139788,0.000000,0.000000,35.000000,35.000000,35.000000,35.000000,1
20.651423,1788508092.580095053,car4,0.588251,0.695602,0.129760,0.019596,0.020313,0.011928,0.000000,0.243588,0.001644,0.003696,0.000000,0.023556,0.243593,0.000000,0.000000,-35.000000,-35.000000,-35.000000,-35.000000,1
20.651423,1788508092.580095053,car5,1.377157,0.703770,0.125502,0.036155,0.053463,-0.013595,0.000000,0.169270,0.010753,0.006391,0.000000,0.055165,0.169611,0.000000,0.000000,35.000000,-35.557971,-35.000000,-35.000000,1
20.853159,1788508092.769856453,car1,0.578441,-0.099042,0.135085,0.029960,0.100000,0.000000,0.000000,0.200454,-0.003765,-0.000059,0.000000,0.100000,0.200489,0.000000,0.000000,35.000000,35.000000,35.000000,35.000000,1
20.853159,1788508092.769856453,car2,1.403973,-0.100528,0.104464,0.062843,0.015469,0.000852,0.000000,0.279613,0.012161,-0.005390,0.000000,0.015492,0.279878,0.000000,0.000000,-35.000000,-35.000000,-35.000000,-35.000000,1
20.853159,1788508092.769856453,car4,0.564454,0.696773,0.128299,0.004803,0.138148,0.009446,0.000000,-0.074263,0.004718,-0.001904,0.000000,0.138470,0.074413,0.000000,0.000000,49.744266,41.596335,41.980536,49.360065,1
20.853159,1788508092.769856453,car5,1.359031,0.701794,0.124508,0.077620,0.154897,-0.006436,0.000000,-0.114656,-0.010870,-0.002282,0.000000,0.155031,0.115170,0.000000,0.000000,77.611613,35.063974,41.273544,71.402043,1
21.054747,1788508092.980070829,car1,0.634023,-0.097493,0.135776,0.009201,0.012258,-0.008878,0.000000,0.281142,0.006396,0.002368,0.000000,0.015136,0.281215,0.000000,0.000000,-35.000000,-35.000000,-35.000000,-35.000000,1
21.054747,1788508092.980070829,car2,1.399239,-0.101816,0.104779,0.081612,0.119589,0.004546,0.000000,-0.008864,-0.006473,0.000045,0.000000,0.119675,0.010975,0.000000,0.000000,35.000000,35.000000,35.000000,35.000000,1
21.054747,1788508092.980070829,car4,0.590112,0.695176,0.128533,0.013274,0.148174,0.013990,0.000000,0.104973,-0.006903,0.000507,0.000000,0.148833,0.105199,0.000000,0.000000,37.511950,35.450719,36.512627,36.450042,1
21.054747,1788508092.980070829,car5,1.398120,0.702565,0.124283,0.056888,0.123134,-0.009431,0.000000,0.179413,0.001268,-0.001065,0.000000,0.123494,0.179417,0.000000,0.000000,35.682091,-35.000000,35.000000,35.000000,1
21.256666,1788508093.169913530,car1,0.607014,-0.097557,0.135296,-0.019347,0.148193,-0.010620,0.000000,-0.109180,0.000360,-0.001584,0.000000,0.148573,0.109180,0.000000,0.000000,49.790778,46.620300,45.072528,51.338549,1
21.256666,1788508093.169913530,car2,1.398637,-0.104019,0.105320,-0.011257,0.173377,0.009620,0.000000,-0.025816,-0.012646,0.003480,0.000000,0.173644,0.028747,0.000000,0.000000,50.391547,67.140648,66.240095,51.292100,1
21.256666,1788508093.169913530,car4,0.640791,0.697299,0.128416,0.009051,0.041844,0.005593,0.000000,0.270628,0.009217,-0.000414,0.000000,0.042216,0.270785,0.000000,0.000000,-35.000000,-35.000000,-35.000000,-35.000000,1
21.256666,1788508093.169913530,car5,1.442657,0.700597,0.123421,0.068900,0.036225,-0.004747,0.000000,0.249555,-0.003217,-0.002928,0.000000,0.036534,0.249576,0.000000,0.000000,-35.000000,-38.626137,-35.000000,-35.000000,1
21.458834,1788508093.379810572,car1,0.621511,-0.099624,0.135538,-0.023007,0.144423,-0.004937,0.000000,0.053052,-0.010497,0.000733,0.000000,0.144507,0.054081,0.000000,0.000000,37.205000,40.746329,38.905789,39.045540,1
21.458834,1788508093.379810572,car2,1.451557,-0.102335,0.104770,-0.003039,0.049468,0.003635,0.000000,0.256221,0.008616,-0.002427,0.000000,0.049602,0.256366,0.000000,0.000000,-35.000000,-35.000000,-35.000000,-35.000000,1
21.458834,1788508093.379810572,car4,0.632343,0.696301,0.128686,-0.009132,0.100000,0.000000,0.000000,-0.024519,-0.004104,-0.000706,0.000000,0.100000,0.024860,0.000000,0.000000,35.000000,35.000000,35.000000,35.000000,1
21.458834,1788508093.379810572,car5,1.436766,0.700924,0.125173,0.035532,0.100000,0.000000,0.000000,-0.016390,0.001107,0.004243,0.000000,0.100000,0.016428,0.000000,0.000000,35.551541,35.000000,35.000000,35.000000,1
21.662232,1788508093.579844236,car1,0.675355,-0.102189,0.135566,-0.009900,0.034613,-0.002663,0.000000,0.269991,-0.011803,0.000179,0.000000,0.034715,0.270249,0.000000,0.000000,-35.000000,-35.000000,-35.000000,-35.000000,1
21.662232,1788508093.579844236,car2,1.467044,-0.102040,0.104735,0.001534,0.059999,-0.003175,0.000000,0.115300,0.002339,-0.001623,0.000000,0.060083,0.115324,0.000000,0.000000,-35.000000,-35.000000,-35.000000,-35.000000,1
21.662232,1788508093.579844236,car4,0.643885,0.697099,0.128704,-0.004076,0.133555,-0.000446,0.000000,0.035976,0.002865,0.000077,0.000000,0.133555,0.036090,0.000000,0.000000,43.614174,35.000000,35.000000,43.940219,1
21.662232,1788508093.579844236,car5,1.431454,0.694966,0.125136,0.064325,0.171472,0.006198,0.000000,-0.046377,-0.032256,0.005452,0.000000,0.171584,0.056491,0.000000,0.000000,71.398430,44.951854,50.097868,66.252415,1
21.864988,1788508093.789950371,car1,0.680173,-0.102838,0.135503,0.100866,0.100000,0.000000,0.000000,0.048008,-0.003841,0.000071,0.000000,0.100000,0.048162,0.000000,0.000000,35.000000,35.000000,35.000000,35.000000,1
21.864988,1788508093.789950371,car2,1.459489,-0.101396,0.104767,0.003505,0.160143,-0.004731,0.000000,-0.054826,0.002873,0.000963,0.000000,0.160213,0.054902,0.000000,0.000000,55.058242,55.557464,55.837861,54.777846,1
21.864988,1788508093.789950371,car4,0.695691,0.696430,0.128993,0.045835,0.046355,0.002096,0.000000,0.260103,-0.001845,0.001332,0.000000,0.046403,0.260110,0.000000,0.000000,-35.000000,-35.000000,-35.000000,-35.000000,1
21.864988,1788508093.789950371,car5,1.479296,0.696187,0.125598,0.065082,0.100000,0.000000,0.000000,0.230772,0.003764,-0.001797,0.000000,0.100000,0.230802,0.000000,0.000000,35.000000,-35.000000,-35.000000,35.000000,1
22.067339,1788508093.979898930,car1,0.677788,-0.102973,0.135603,0.101677,0.164503,0.003159,0.000000,-0.035561,-0.001683,0.000734,0.000000,0.164533,0.035601,0.000000,0.000000,61.197848,44.825387,52.959507,53.063728,1
22.067339,1788508093.979898930,car2,1.496938,-0.099926,0.104557,0.051100,0.100000,0.000000,0.000000,0.177287,0.007324,-0.000573,0.000000,0.100000,0.177438,0.000000,0.000000,35.000000,35.000000,35.000000,35.000000,1
22.067339,1788508093.979898930,car4,0.695258,0.695788,0.128932,0.035807,0.100000,0.000000,0.000000,0.033170,-0.004228,-0.000544,0.000000,0.100000,0.033438,0.000000,0.000000,35.000000,35.000000,35.000000,35.000000,1
22.067339,1788508093.979898930,car5,1.523666,0.699260,0.123935,-0.039531,0.021898,-0.003782,0.000000,0.240418,0.018661,-0.006947,0.000000,0.022222,0.241142,0.000000,0.000000,-35.000000,-40.982777,-44.145250,-35.000000,1
22.270321,1788508094.199818373,car1,0.729000,-0.100403,0.136408,0.063750,0.071299,0.000171,0.000000,0.237577,0.011068,0.003421,0.000000,0.071300,0.237834,0.000000,0.000000,-35.000000,-35.000000,-35.000000,-35.000000,1
22.270321,1788508094.199818373,car2,1.545593,-0.098970,0.103085,-0.058314,0.020893,-0.004264,0.000000,0.242183,0.005711,-0.006652,0.000000,0.021324,0.242251,0.000000,0.000000,-35.000000,-35.000000,-35.000000,-35.000000,1
22.270321,1788508094.199818373,car4,0.699729,0.696342,0.128853,0.042333,0.163387,0.010349,0.000000,0.002776,0.002901,-0.000235,0.000000,0.163714,0.004016,0.000000,0.000000,58.103573,48.083144,51.469796,54.716921,1
22.270321,1788508094.199818373,car5,1.505643,0.701632,0.122850,-0.087015,0.145396,-0.006269,0.000000,-0.077304,0.009231,-0.004768,0.000000,0.145531,0.077854,0.000000,0.000000,52.493795,37.066746,35.000000,59.455030,1
22.473264,1788508094.399849415,car1,0.747674,-0.099891,0.136243,0.083854,0.067558,0.000337,0.000000,0.140183,0.006174,0.001248,0.000000,0.067559,0.140319,0.000000,0.000000,-35.000000,-35.000000,-35.000000,-35.000000,1
22.473264,1788508094.399849415,car2,1.527207,-0.096958,0.103929,-0.093721,0.132665,-0.008988,0.000000,-0.076148,0.008267,0.003059,0.000000,0.132969,0.076595,0.000000,0.000000,37.156584,48.977983,41.480265,44.654302,1
22.473264,1788508094.399849415,car4,0.754449,0.699296,0.129277,0.050217,0.046532,0.002898,0.000000,0.271346,0.013925,0.001520,0.000000,0.046622,0.271703,0.000000,0.000000,-35.000000,-35.000000,-35.000000,-35.000000,1
22.473264,1788508094.399849415,car5,1.520581,0.698415,0.122075,-0.061068,0.153232,0.005672,0.000000,0.047767,-0.013708,-0.003717,0.000000,0.153337,0.049695,0.000000,0.000000,46.917729,39.846215,35.000000,51.803164,1
22.675294,1788508094.599965096,car1,0.722137,-0.100921,0.136942,0.115655,0.195656,0.001510,0.000000,-0.139506,-0.007161,0.001455,0.000000,0.195662,0.139689,0.000000,0.000000,82.137518,55.671874,64.924248,72.885145,1
22.675294,1788508094.599965096,car2,1.553538,-0.098250,0.103243,-0.075208,0.100000,0.000000,0.000000,0.101202,-0.006478,-0.001349,0.000000,0.100000,0.101409,0.000000,0.000000,35.000000,35.000000,35.000000,35.000000,1
22.675294,1788508094.599965096,car4,0.761789,0.701976,0.129344,0.019109,0.073998,-0.007647,0.000000,0.074415,0.013748,0.000864,0.000000,0.074392,0.075674,0.000000,0.000000,35.000000,-35.000000,-35.000000,35.000000,1
22.675294,1788508094.599965096,car5,1.577062,0.695501,0.122066,-0.017560,0.027255,0.012654,0.000000,0.273699,-0.014558,-0.001322,0.000000,0.030049,0.274086,0.000000,0.000000,-35.000000,-35.000000,-35.000000,-35.000000,1
22.878537,1788508094.799885035,car1,0.771643,-0.096648,0.136752,0.118593,0.116800,-0.009950,0.000000,0.220059,0.018884,0.000289,0.000000,0.117223,0.220868,0.000000,0.000000,35.000000,-35.000000,35.000000,35.000000,1
22.878537,1788508094.799885035,car2,1.598668,-0.098813,0.103270,0.028614,0.032104,-0.002967,0.000000,0.224705,-0.003188,-0.001938,0.000000,0.032241,0.224728,0.000000,0.000000,-35.000000,-35.000000,-35.000000,-35.000000,1
22.878537,1788508094.799885035,car4,0.754758,0.701613,0.128990,0.001672,0.169019,-0.004291,0.000000,-0.053001,-0.002322,-0.001414,0.000000,0.169073,0.053051,0.000000,0.000000,65.551283,52.454468,52.588267,65.417484,1
22.878537,1788508094.799885035,car5,1.582545,0.694793,0.122524,0.012316,0.082009,0.017361,0.000000,0.056854,-0.004941,0.003484,0.000000,0.083826,0.057068,0.000000,0.000000,35.000000,35.000000,35.000000,35.000000,1
23.081684,1788508094.999880075,car1,0.826745,-0.095696,0.137035,-0.047127,0.008761,-0.009595,0.000000,0.292014,0.009652,0.000511,0.000000,0.012993,0.292174,0.000000,0.000000,-35.000000,-35.000000,-38.609344,-35.000000,1
23.081684,1788508094.999880075,car2,1.596284,-0.097610,0.102983,0.131291,0.100000,0.000000,0.000000,0.014878,0.008763,-0.001259,0.000000,0.100000,0.017267,0.000000,0.000000,35.000000,35.000000,35.000000,35.000000,1
23.081684,1788508094.999880075,car4,0.804034,0.702313,0.129526,0.014317,0.077041,-0.003682,0.000000,0.228981,0.002622,0.002348,0.000000,0.077129,0.228996,0.000000,0.000000,35.000000,-35.000000,-35.000000,35.000000,1
23.081684,1788508094.999880075,car5,1.560290,0.695630,0.121978,0.016906,0.208944,0.016483,0.000000,-0.121797,0.003904,-0.002994,0.000000,0.209593,0.121859,0.000000,0.000000,78.039613,65.637616,66.990094,76.687136,1
23.283760,1788508095.199797869,car1,0.809122,-0.092306,0.136692,-0.102187,0.118136,-0.018994,0.000000,-0.063453,0.012683,-0.001746,0.000000,0.119653,0.064708,0.000000,0.000000,37.218312,35.000000,35.000000,45.393236,1
23.283760,1788508095.199797869,car2,1.599041,-0.098606,0.103687,0.084043,0.149786,0.001083,0.000000,-0.005918,-0.007619,0.002412,0.000000,0.149790,0.009647,0.000000,0.000000,52.524881,41.579765,48.303190,45.801457,1
23.283760,1788508095.199797869,car4,0.832259,0.702629,0.129562,0.003415,0.045076,-0.002809,0.000000,0.179658,0.003758,-0.000449,0.000000,0.045164,0.179698,0.000000,0.000000,-35.000000,-35.000000,-35.000000,-35.000000,1
23.283760,1788508095.199797869,car5,1.618819,0.695230,0.123888,0.049645,0.087214,0.020756,0.000000,0.262263,-0.001903,0.005132,0.000000,0.089650,0.262270,0.000000,0.000000,35.000000,-35.000000,-35.000000,-35.000000,1
23.485743,1788508095.399893761,car1,0.814203,-0.091073,0.136683,-0.044201,0.157607,-0.014403,0.000000,-0.016677,0.012531,0.000448,0.000000,0.158264,0.020860,0.000000,0.000000,60.652614,46.917110,43.381003,64.188721,1
23.485743,1788508095.399893761,car2,1.643645,-0.096495,0.102528,0.089359,0.064750,0.002649,0.000000,0.224136,0.010857,-0.003445,0.000000,0.064805,0.224399,0.000000,0.000000,-35.000000,-35.000000,-35.000000,-35.000000,1
23.485743,1788508095.399893761,car4,0.815360,0.702526,0.129639,-0.050883,0.154145,0.005706,0.000000,-0.100799,0.000567,0.000934,0.000000,0.154251,0.100801,0.000000,0.000000,54.513497,57.297720,53.227082,58.584135,1
23.485743,1788508095.399893761,car5,1.657014,0.702395,0.122925,-0.071523,0.024208,0.006022,0.000000,0.253338,0.030808,0.000461,0.000000,0.024946,0.255204,0.000000,0.000000,-35.000000,-35.000000,-39.748153,-35.000000,1
23.687749,1788508095.609899044,car1,0.872721,-0.094319,0.136036,0.019343,0.039162,-0.006047,0.000000,0.287798,-0.016858,-0.002871,0.000000,0.039627,0.288291,0.000000,0.000000,-35.000000,-35.000000,-35.000000,-35.000000,1
23.687749,1788508095.609899044,car2,1.660067,-0.095225,0.102504,0.080517,0.078454,-0.003266,0.000000,0.102334,0.008898,-0.001537,0.000000,0.078522,0.102720,0.000000,0.000000,35.000000,-35.000000,35.000000,35.000000,1
23.687749,1788508095.609899044,car4,0.849830,0.702777,0.129343,-0.005500,0.100000,0.000000,0.000000,0.155186,-0.000011,-0.000008,0.000000,0.100000,0.155186,0.000000,0.000000,35.000000,35.000000,35.000000,35.000000,1
23.687749,1788508095.609899044,car5,1.630648,0.701774,0.122246,-0.028824,0.170555,0.006155,0.000000,-0.121635,0.001466,-0.004307,0.000000,0.170666,0.121643,0.000000,0.000000,66.103333,58.649387,56.343487,68.409234,1
23.891481,1788508095.819853544,car1,0.875504,-0.095840,0.136049,0.036754,0.100000,0.000000,0.000000,0.036001,-0.007586,0.000504,0.000000,0.100000,0.036791,0.000000,0.000000,35.000000,35.000000,35.000000,35.000000,1
23.891481,1788508095.819853544,car2,1.652648,-0.095996,0.102611,0.085989,0.165304,-0.001672,0.000000,-0.051192,-0.006113,0.003249,0.000000,0.165312,0.051556,0.000000,0.000000,64.595374,47.641859,54.520999,57.716234,1
23.891481,1788508095.819853544,car4,0.902561,0.703024,0.130452,-0.025415,0.011180,0.001362,0.000000,0.261044,0.002430,0.002697,0.000000,0.011263,0.261055,0.000000,0.000000,-35.000000,-35.000000,-35.000000,-35.000000,1
23.891481,1788508095.819853544,car5,1.663446,0.702689,0.122797,0.064854,0.132121,0.002483,0.000000,0.138031,0.001836,-0.000592,0.000000,0.132144,0.138043,0.000000,0.000000,40.538337,35.000000,35.000000,35.349996,1
24.093457,1788508096.019839048,car1,0.870065,-0.096847,0.136045,0.034671,0.150894,0.004928,0.000000,-0.051002,-0.004281,-0.000517,0.000000,0.150975,0.051181,0.000000,0.000000,58.336077,47.718937,50.492632,55.562382,1
24.093457,1788508096.019839048,car2,1.693460,-0.094059,0.102224,0.048982,0.076825,-0.003910,0.000000,0.191935,0.010995,-0.002118,0.000000,0.076925,0.192250,0.000000,0.000000,35.000000,-35.000000,-35.000000,35.000000,1
24.093457,1788508096.019839048,car4,0.874267,0.704124,0.129248,0.040501,0.137881,0.001876,0.000000,-0.114001,0.007797,-0.005337,0.000000,0.137894,0.114267,0.000000,0.000000,60.267936,40.568632,43.808682,57.027887,1
24.093457,1788508096.019839048,car5,1.706995,0.705642,0.121059,0.074918,0.034978,-0.002899,0.000000,0.266090,0.017337,-0.001490,0.000000,0.035097,0.266655,0.000000,0.000000,-35.000000,-36.183435,-35.000000,-35.000000,1
24.295455,1788508096.209856510,car1,0.917228,-0.097267,0.136480,0.043240,0.100000,0.000000,0.000000,0.227364,-0.002126,0.000770,0.000000,0.100000,0.227374,0.000000,0.000000,35.000000,-35.000000,35.000000,35.000000,1
24.295455,1788508096.209856510,car2,1.728648,-0.095400,0.100615,0.008835,0.052569,0.002566,0.000000,0.215193,-0.006194,-0.009427,0.000000,0.052631,0.215282,0.000000,0.000000,-35.000000,-35.000000,-35.000000,-35.000000,1
24.295455,1788508096.209856510,car4,0.898463,0.705703,0.129288,0.024451,0.147977,-0.000920,0.000000,0.082384,0.005638,0.000747,0.000000,0.147980,0.082577,0.000000,0.000000,48.666051,35.000000,35.000000,46.709991,1
24.295455,1788508096.209856510,car5,1.710236,0.708610,0.121080,-0.001606,0.100000,0.000000,0.000000,-0.079990,0.007705,-0.007360,0.000000,0.100000,0.080360,0.000000,0.000000,43.093451,35.000000,35.000000,43.221929,1
24.497386,1788508096.419867992,car1,0.963049,-0.097167,0.137426,0.020410,0.025058,0.009195,0.000000,0.250230,-0.000575,0.004393,0.000000,0.026692,0.250231,0.000000,0.000000,-35.000000,-35.000000,-35.000000,-35.000000,1
24.497386,1788508096.419867992,car2,1.715331,-0.095369,0.102006,-0.001982,0.173137,0.003626,0.000000,-0.073295,-0.000734,0.006739,0.000000,0.173175,0.073299,0.000000,0.000000,58.206193,60.655327,60.496778,58.364742,1
24.497386,1788508096.419867992,car4,0.955988,0.707411,0.128997,-0.026081,0.046108,-0.005076,0.000000,0.291234,0.007799,-0.001215,0.000000,0.046387,0.291338,0.000000,0.000000,-35.000000,-35.000000,-35.000000,-35.000000,1
24.497386,1788508096.419867992,car5,1.721135,0.708320,0.119868,-0.009766,0.155794,-0.007930,0.000000,0.029972,-0.001645,-0.003372,0.000000,0.155996,0.030017,0.000000,0.000000,59.369171,36.592884,35.811588,60.150467,1
24.700718,1788508096.630082130,car1,0.936523,-0.096387,0.136963,0.034053,0.146833,0.007658,0.000000,-0.113242,0.001971,-0.001901,0.000000,0.147033,0.113259,0.000000,0.000000,56.083076,48.278072,51.002301,53.358847,1
24.700718,1788508096.630082130,car2,1.752678,-0.094199,0.101175,0.040701,0.100000,0.000000,0.000000,0.170129,0.003839,-0.003288,0.000000,0.100000,0.170172,0.000000,0.000000,35.000000,35.000000,35.000000,35.000000,1
24.700718,1788508096.630082130,car4,0.941821,0.708821,0.128382,-0.079874,0.130291,-0.008866,0.000000,-0.046111,0.008556,-0.003031,0.000000,0.130592,0.046898,0.000000,0.000000,44.367727,36.267744,35.000000,50.757610,1
24.700718,1788508096.630082130,car5,1.774329,0.705907,0.120842,0.012885,0.028480,0.000399,0.000000,0.258526,-0.011094,0.003136,0.000000,0.028483,0.258764,0.000000,0.000000,-35.000000,-35.000000,-35.000000,-35.000000,1
24.902889,1788508096.829956770,car1,0.959138,-0.096125,0.137285,0.016544,0.153452,0.011619,0.000000,0.086887,0.000497,0.001443,0.000000,0.153891,0.086889,0.000000,0.000000,40.503125,40.005805,41.329349,39.179581,1
24.902889,1788508096.829956770,car2,1.795995,-0.090943,0.100141,0.093009,0.037732,-0.004671,0.000000,0.228056,0.016830,-0.005471,0.000000,0.038020,0.228676,0.000000,0.000000,-35.000000,-35.000000,-35.000000,-35.000000,1
24.902889,1788508096.829956770,car4,0.961590,0.708092,0.128838,-0.032186,0.145956,-0.001665,0.000000,0.071284,-0.004897,0.002956,0.000000,0.145966,0.071452,0.000000,0.000000,44.942612,36.265617,35.000000,47.517457,1
24.902889,1788508096.829956770,car5,1.787742,0.709238,0.121399,-0.117418,0.063075,-0.005314,0.000000,0.095776,0.016939,0.001496,0.000000,0.063299,0.097263,0.000000,0.000000,35.000000,-35.000000,-35.000000,35.000000,1
25.104646,1788508097.029939413,car1,1.017571,-0.097474,0.137369,0.030331,0.024985,0.012002,0.000000,0.285310,-0.004890,0.000458,0.000000,0.027719,0.285352,0.000000,0.000000,-35.000000,-35.000000,-35.000000,-35.000000,1
25.104646,1788508097.029939413,car2,1.775407,-0.092127,0.101318,0.110954,0.156466,-0.004635,0.000000,-0.088686,-0.005493,0.004494,0.000000,0.156535,0.088856,0.000000,0.000000,66.799554,40.782016,49.658329,57.923241,1
25.104646,1788508097.029939413,car4,1.010954,0.707463,0.128824,0.027882,0.044650,-0.003346,0.000000,0.247202,-0.002693,-0.000192,0.000000,0.044776,0.247216,0.000000,0.000000,-35.000000,-35.000000,-35.000000,-35.000000,1
25.104646,1788508097.029939413,car5,1.769527,0.707735,0.120573,-0.064013,0.173992,-0.004146,0.000000,-0.104532,-0.004567,-0.003948,0.000000,0.174042,0.104632,0.000000,0.000000,69.262683,60.297797,55.176723,74.383757,1
25.306989,1788508097.229926348,car1,1.012991,-0.098259,0.137322,0.065521,0.100000,0.000000,0.000000,0.021537,-0.005105,0.000472,0.000000,0.100000,0.022134,0.000000,0.000000,35.000000,35.000000,35.000000,35.000000,1
25.306989,1788508097.229926348,car2,1.806987,-0.091642,0.100689,0.070087,0.114172,-0.007863,0.000000,0.133467,0.002021,-0.001775,0.000000,0.114443,0.133482,0.000000,0.000000,35.000000,35.000000,35.000000,35.000000,1
25.306989,1788508097.229926348,car4,1.014883,0.708834,0.128903,0.015094,0.100000,0.000000,0.000000,0.056807,0.008116,-0.000323,0.000000,0.100000,0.057384,0.000000,0.000000,35.000000,35.000000,35.000000,35.000000,1
25.306989,1788508097.229926348,car5,1.810829,0.704655,0.120893,0.025513,0.100000,0.000000,0.000000,0.177809,-0.018727,0.003033,0.000000,0.100000,0.178792,0.000000,0.000000,35.000000,35.000000,35.000000,35.000000,1
25.510294,1788508097.439880371,car1,1.007911,-0.097985,0.137261,0.030421,0.191109,0.015399,0.000000,-0.048828,0.000445,0.000133,0.000000,0.191728,0.048830,0.000000,0.000000,65.898661,69.099740,71.533419,63.464981,1
25.510294,1788508097.439880371,car2,1.861753,-0.089829,0.099911,0.058773,0.025694,-0.009631,0.000000,0.260239,0.011448,-0.003058,0.000000,0.027440,0.260491,0.000000,0.000000,-35.000000,-35.000000,-35.000000,-35.000000,1
25.510294,1788508097.439880371,car4,1.018526,0.708372,0.129183,-0.010663,0.160440,-0.004094,0.000000,0.002462,-0.002914,0.000348,0.000000,0.160492,0.003814,0.000000,0.000000,58.765377,43.661781,42.808738,59.618421,1
25.510294,1788508097.439880371,car5,1.862998,0.707707,0.122062,0.050354,0.022045,-0.001983,0.000000,0.294513,0.009982,-0.002267,0.000000,0.022134,0.294682,0.000000,0.000000,-35.000000,-36.749934,-35.000000,-35.000000,1
25.711890,1788508097.639882565,car1,1.063623,-0.096308,0.137008,0.031878,0.077631,0.009799,0.000000,0.270906,0.007124,-0.002312,0.000000,0.078247,0.270999,0.000000,0.000000,-35.000000,-35.000000,-35.000000,-35.000000,1
25.711890,1788508097.639882565,car2,1.851595,-0.091662,0.100584,0.058976,0.116023,-0.005031,0.000000,-0.022917,-0.009565,0.001317,0.000000,0.116133,0.024833,0.000000,0.000000,36.046740,35.000000,35.000000,35.000000,1
25.711890,1788508097.639882565,car4,1.071396,0.708281,0.128223,-0.003020,0.053247,-0.004797,0.000000,0.253067,0.000223,-0.003281,0.000000,0.053463,0.253067,0.000000,0.000000,-35.000000,-35.000000,-35.000000,-35.000000,1
25.711890,1788508097.639882565,car5,1.839826,0.706744,0.120346,0.006096,0.152897,0.000063,0.000000,-0.110899,-0.000464,-0.004684,0.000000,0.152897,0.110900,0.000000,0.000000,63.172550,43.860107,44.347774,62.684883,1
25.913785,1788508097.839823484,car1,1.090084,-0.094799,0.137318,0.027426,0.049847,0.003306,0.000000,0.182019,0.010166,0.002869,0.000000,0.049956,0.182302,0.000000,0.000000,-35.000000,-35.000000,-35.000000,-35.000000,1
25.913785,1788508097.839823484,car2,1.852487,-0.093082,0.101159,0.022457,0.167729,-0.002089,0.000000,-0.019117,-0.008459,0.002416,0.000000,0.167742,0.020905,0.000000,0.000000,60.372641,52.800930,54.597465,58.576106,1
25.913785,1788508097.839823484,car4,1.091777,0.706776,0.128351,-0.019716,0.044669,-0.001660,0.000000,0.144770,-0.011217,0.000187,0.000000,0.044700,0.145204,0.000000,0.000000,-35.000000,-35.000000,-35.000000,-35.000000,1
25.913785,1788508097.839823484,car5,1.862431,0.706099,0.120042,-0.051771,0.137362,0.000475,0.000000,0.077923,-0.004861,-0.004779,0.000000,0.137363,0.078074,0.000000,0.000000,39.718605,35.000000,35.000000,43.860290,1
26.115589,1788508098.039953232,car1,1.070360,-0.094796,0.137257,0.071603,0.169212,0.003278,0.000000,-0.116007,-0.001113,-0.001427,0.000000,0.169244,0.116012,0.000000,0.000000,70.409341,57.195760,62.924023,64.681078,1
26.115589,1788508098.039953232,car2,1.904764,-0.090342,0.099676,0.059380,0.061316,-0.010792,0.000000,0.250778,0.014500,-0.005030,0.000000,0.062259,0.251197,0.000000,0.000000,-35.000000,-35.000000,-35.000000,-35.000000,1
26.115589,1788508098.039953232,car4,1.076156,0.706909,0.128542,-0.000241,0.151765,-0.002059,0.000000,-0.093177,0.003028,-0.000332,0.000000,0.151779,0.093226,0.000000,0.000000,62.416281,44.950491,44.931230,62.435542,1
26.115589,1788508098.039953232,car5,1.918999,0.703253,0.120443,0.011883,0.018549,0.009255,0.000000,0.279226,-0.011586,0.002511,0.000000,0.020730,0.279466,0.000000,0.000000,-35.000000,-35.000000,-35.000000,-35.000000,1
26.317280,1788508098.239874363,car1,1.114666,-0.093584,0.136853,0.059944,0.100000,0.000000,0.000000,0.198571,0.005858,-0.000945,0.000000,0.100000,0.198658,0.000000,0.000000,35.000000,35.000000,35.000000,35.000000,1
26.317280,1788508098.239874363,car2,1.923015,-0.092021,0.099952,0.025257,0.080698,-0.008473,0.000000,0.122019,-0.008482,-0.000314,0.000000,0.081142,0.122314,0.000000,0.000000,35.000000,-35.000000,-35.000000,35.000000,1
26.317280,1788508098.239874363,car4,1.114731,0.706231,0.128548,0.000963,0.100000,0.000000,0.000000,0.173685,-0.004603,0.000050,0.000000,0.100000,0.173746,0.000000,0.000000,35.000000,35.000000,35.000000,35.000000,1
26.317280,1788508098.239874363,car5,1.915464,0.700675,0.121342,0.025619,0.104810,0.014862,0.000000,0.016477,-0.014994,0.003281,0.000000,0.105858,0.022278,0.000000,0.000000,35.000000,35.000000,35.000000,35.000000,1
26.519193,1788508098.440269470,car1,1.169444,-0.092695,0.136973,-0.070874,0.009043,-0.006745,0.000000,0.289276,0.005673,-0.001384,0.000000,0.011281,0.289332,0.000000,0.000000,-35.000000,-35.000000,-36.859120,-35.000000,1
26.519193,1788508098.440269470,car2,1.919259,-0.094326,0.099554,-0.050174,0.163800,-0.001811,0.000000,-0.035017,-0.011031,0.000875,0.000000,0.163810,0.036713,0.000000,0.000000,49.782185,56.084775,52.070824,53.796136,1
26.519193,1788508098.440269470,car4,1.154662,0.705457,0.129993,0.025499,0.052536,-0.001142,0.000000,0.220875,-0.003496,0.006742,0.000000,0.052548,0.220902,0.000000,0.000000,-35.000000,-35.000000,-35.000000,-35.000000,1
26.519193,1788508098.440269470,car5,1.915224,0.701946,0.120194,0.007929,0.175664,0.009758,0.000000,-0.026916,0.004509,-0.004295,0.000000,0.175935,0.027291,0.000000,0.000000,63.246120,54.534572,55.168898,62.611793,1
26.721362,1788508098.650318623,car1,1.147321,-0.088584,0.136797,-0.117693,0.118452,-0.019733,0.000000,-0.090500,0.018866,-0.000258,0.000000,0.120084,0.092445,0.000000,0.000000,39.033164,38.434733,35.000000,48.448618,1
26.721362,1788508098.650318623,car2,1.958215,-0.096195,0.098995,-0.047987,0.083688,0.004538,0.000000,0.181637,-0.010323,-0.002153,0.000000,0.083811,0.181930,0.000000,0.000000,35.000000,35.000000,35.000000,35.000000,1
26.721362,1788508098.650318623,car4,1.137483,0.703967,0.129315,0.004436,0.149344,0.003972,0.000000,-0.086823,-0.008624,-0.001991,0.000000,0.149397,0.087250,0.000000,0.000000,58.705837,47.935852,48.290754,58.350935,1
26.721362,1788508098.650318623,car5,1.969419,0.701713,0.119402,0.025049,0.048587,0.011073,0.000000,0.256649,-0.000982,-0.001457,0.000000,0.049833,0.256651,0.000000,0.000000,-35.000000,-35.000000,-35.000000,-35.000000,1
26.923155,1788508098.850068331,car1,1.157416,-0.089106,0.137134,-0.025942,0.161697,-0.017168,0.000000,0.018810,0.000576,0.000746,0.000000,0.162605,0.018819,0.000000,0.000000,57.941075,44.921101,42.845773,60.016403,1
26.923155,1788508098.850068331,car2,1.990558,-0.094825,0.098906,0.115678,0.057466,0.000733,0.000000,0.186234,0.009918,-0.002354,0.000000,0.057470,0.186498,0.000000,0.000000,-35.000000,-35.000000,-35.000000,-35.000000,1
26.923155,1788508098.850068331,car4,1.174053,0.705250,0.129727,0.038330,0.100000,0.000000,0.000000,0.163341,0.004659,0.002144,0.000000,0.100000,0.163408,0.000000,0.000000,35.000000,35.000000,35.000000,35.000000,1
26.923155,1788508098.850068331,car5,1.986515,0.700307,0.119604,0.009835,0.070172,0.016218,0.000000,0.132486,-0.006039,0.001640,0.000000,0.072022,0.132623,0.000000,0.000000,-35.000000,-35.000000,-35.000000,-35.000000,1
27.124999,1788508099.049806595,car1,1.211638,-0.091074,0.137342,-0.002831,0.036410,-0.014072,0.000000,0.275856,-0.010387,0.000097,0.000000,0.039035,0.276052,0.000000,0.000000,-35.000000,-35.000000,-35.000000,-35.000000,1
27.124999,1788508099.049806595,car2,1.969985,-0.097522,0.099932,0.072602,0.166543,0.006080,0.000000,-0.097961,-0.014934,0.004137,0.000000,0.166654,0.099092,0.000000,0.000000,65.552084,54.477008,60.285203,59.743889,1
27.124999,1788508099.049806595,car4,1.221504,0.707110,0.129468,0.013749,0.007916,-0.008185,0.000000,0.251507,0.012360,-0.002674,0.000000,0.011387,0.251811,0.000000,0.000000,-35.000000,-40.269649,-39.169724,-35.000000,1
27.124999,1788508099.049806595,car5,1.962062,0.699187,0.118198,0.036188,0.189293,0.016001,0.000000,-0.128442,-0.004135,-0.007107,0.000000,0.189968,0.128509,0.000000,0.000000,70.501361,65.397667,68.292732,67.606297,1
27.326945,1788508099.249823332,car1,1.222864,-0.094132,0.137368,-0.048181,0.058634,-0.004646,0.000000,0.090015,-0.017602,-0.000523,0.000000,0.058818,0.091719,0.000000,0.000000,-35.000000,-35.000000,-35.000000,-35.000000,1
27.326945,1788508099.249823332,car2,2.003352,-0.096690,0.099629,0.064310,0.120634,0.003487,0.000000,0.137869,0.001264,-0.000602,0.000000,0.120684,0.137874,0.000000,0.000000,35.000000,35.000000,35.000000,35.000000,1
27.326945,1788508099.249823332,car4,1.202043,0.707079,0.129615,-0.008337,0.124781,-0.008534,0.000000,-0.070280,0.000471,0.001093,0.000000,0.125072,0.070281,0.000000,0.000000,48.527980,35.000000,35.000000,49.194920,1
27.326945,1788508099.249823332,car5,2.011003,0.701352,0.119924,0.039476,0.100000,0.000000,0.000000,0.208046,0.010046,0.005161,0.000000,0.100000,0.208289,0.000000,0.000000,35.000000,35.000000,35.000000,35.000000,1
27.529724,1788508099.439736843,car1,1.204066,-0.092302,0.137135,-0.048859,0.185093,-0.005033,0.000000,-0.120102,0.011177,0.000926,0.000000,0.185161,0.120621,0.000000,0.000000,67.525909,66.521204,62.612485,71.434629,1
27.529724,1788508099.439736843,car2,2.056860,-0.094152,0.098036,0.043774,0.022351,0.000657,0.000000,0.293078,0.014136,-0.005142,0.000000,0.022360,0.293419,0.000000,0.000000,-35.000000,-35.000000,-35.000000,-35.000000,1
27.529724,1788508099.439736843,car4,1.216691,0.707598,0.129249,-0.002155,0.147644,-0.004862,0.000000,0.028919,0.000563,-0.000966,0.000000,0.147724,0.028924,0.000000,0.000000,53.894879,35.000000,35.000000,54.067299,1
27.529724,1788508099.439736843,car5,2.049447,0.703095,0.120840,0.048122,0.044393,0.009323,0.000000,0.287665,0.013642,0.001573,0.000000,0.045361,0.287988,0.000000,0.000000,-35.000000,-35.000000,-35.000000,-35.000000,1
27.731412,1788508099.659920692,car1,1.261842,-0.095630,0.136632,-0.006064,0.066805,-0.001180,0.000000,0.267120,-0.015329,-0.003297,0.000000,0.066815,0.267559,0.000000,0.000000,-35.000000,-35.000000,-35.000000,-35.000000,1
27.731412,1788508099.659920692,car2,2.046221,-0.095230,0.098430,0.091851,0.116571,-0.002464,0.000000,-0.045558,-0.005079,-0.000291,0.000000,0.116597,0.045840,0.000000,0.000000,42.664185,35.000000,35.000000,35.316121,1
27.731412,1788508099.659920692,car4,1.271717,0.705505,0.128834,-0.000521,0.036441,-0.004715,0.000000,0.265693,-0.007287,-0.000646,0.000000,0.036745,0.265793,0.000000,0.000000,-35.000000,-35.000000,-35.000000,-35.000000,1
27.731412,1788508099.659920692,car5,2.025848,0.701350,0.118563,0.079827,0.178961,0.008183,0.000000,-0.121868,-0.003897,-0.010858,0.000000,0.179148,0.121930,0.000000,0.000000,74.862424,56.755204,63.141392,68.476237,1
27.933199,1788508099.859926939,car1,1.294801,-0.096121,0.136437,-0.001062,0.023305,-0.002341,0.000000,0.214194,-0.004194,-0.001509,0.000000,0.023422,0.214235,0.000000,0.000000,-35.000000,-35.000000,-35.000000,-35.000000,1
27.933199,1788508099.859926939,car2,2.053979,-0.099286,0.098626,-0.005962,0.150654,0.007601,0.000000,0.014209,-0.021228,0.001517,0.000000,0.150846,0.025545,0.000000,0.000000,42.497962,51.779364,51.302385,42.974941,1
27.933199,1788508099.859926939,car4,1.262837,0.704857,0.128673,0.013291,0.122968,-0.005531,0.000000,-0.014393,-0.006442,-0.000468,0.000000,0.123092,0.015769,0.000000,0.000000,42.796775,35.000000,35.000000,41.733517,1
27.933199,1788508099.859926939,car5,2.068526,0.703043,0.119752,0.096377,0.100000,0.000000,0.000000,0.191970,0.007581,0.005516,0.000000,0.100000,0.192120,0.000000,0.000000,35.000000,35.000000,35.000000,35.000000,1
28.135682,1788508100.053842306,car1,1.269346,-0.097727,0.137022,0.002298,0.168934,0.005925,0.000000,-0.140305,-0.005367,0.002284,0.000000,0.169038,0.140407,0.000000,0.000000,63.874188,63.676984,63.860860,63.690312,1
28.135682,1788508100.053842306,car2,2.101697,-0.097020,0.098369,-0.023634,0.067446,0.003801,0.000000,0.236716,0.008233,-0.003089,0.000000,0.067553,0.236860,0.000000,0.000000,-35.000000,-35.000000,-35.000000,-35.000000,1
28.135682,1788508100.053842306,car4,1.276230,0.704801,0.128523,0.013416,0.148141,-0.001979,0.000000,0.040580,-0.000030,-0.001734,0.000000,0.148155,0.040580,0.000000,0.000000,53.474746,35.000000,35.000000,52.401493,1
28.135682,1788508100.053842306,car5,2.118586,0.706644,0.121324,-0.068916,0.016564,-0.007598,0.000000,0.281187,0.017511,0.004533,0.000000,0.018224,0.281732,0.000000,0.000000,-35.000000,-35.000000,-39.886427,-35.000000,1
28.338022,1788508100.259878397,car1,1.304486,-0.097694,0.136860,0.014327,0.123173,0.010787,0.000000,0.149196,-0.001558,-0.001210,0.000000,0.123644,0.149204,0.000000,0.000000,35.000000,35.000000,35.000000,35.000000,1
28.338022,1788508100.259878397,car2,2.117796,-0.098148,0.097464,0.004836,0.080714,0.012246,0.000000,0.117465,-0.002065,-0.002796,0.000000,0.081638,0.117483,0.000000,0.000000,-35.000000,35.000000,35.000000,-35.000000,1
28.338022,1788508100.259878397,car4,1.325416,0.707435,0.128772,0.066384,0.056725,-0.005528,0.000000,0.242841,0.010854,0.000109,0.000000,0.056994,0.243084,0.000000,0.000000,-35.000000,-35.000000,-35.000000,-35.000000,1
28.338022,1788508100.259878397,car5,2.099313,0.711164,0.118947,-0.090733,0.139411,-0.017346,0.000000,-0.087356,0.020018,-0.008201,0.000000,0.140486,0.089620,0.000000,0.000000,52.732175,41.817421,35.000000,59.990798,1
28.541502,1788508100.470169067,car1,1.366190,-0.096482,0.136395,-0.041702,-0.001041,0.005363,0.000000,0.298280,0.006788,-0.002443,0.000000,0.005463,0.298357,0.000000,0.000000,-35.000000,-35.000000,-35.000000,-35.000000,1
28.541502,1788508100.470169067,car2,2.108512,-0.097579,0.098083,-0.037664,0.174981,0.008913,0.000000,-0.064126,0.001649,0.004376,0.000000,0.175208,0.064148,0.000000,0.000000,56.144771,69.893298,66.880197,59.157872,1
28.541502,1788508100.470169067,car4,1.333373,0.707410,0.128747,0.047205,0.100000,0.000000,0.000000,0.054358,0.000829,-0.000724,0.000000,0.100000,0.054364,0.000000,0.000000,35.000000,35.000000,35.000000,35.000000,1
28.541502,1788508100.470169067,car5,2.122718,0.707834,0.119286,-0.067140,0.131752,-0.008076,0.000000,0.088591,-0.018088,0.001119,0.000000,0.132000,0.090419,0.000000,0.000000,35.000000,35.000000,35.000000,39.602148,1
