time_s,mocap_time_s,source_id,target_id,desired_x,desired_y,desired_z,actual_x,actual_y,actual_z,bearing_valid,bearing_error_rad,bearing_error_deg
0.000000,1785227234.089550018,car1,car2,1.000000000,0.000000000,0.000000000,0.992864430,-0.119248582,0.000000000,1,0.119533030,6.848738
0.000000,1785227234.089550018,car1,car3,0.000000000,-1.000000000,0.000000000,0.560848988,-0.827918119,0.000000000,1,0.595410894,34.114531
0.000000,1785227234.089550018,car1,car4,0.707106781,-0.707106781,0.000000000,0.937174591,-0.348860697,0.000000000,1,0.429043014,24.582354
0.000000,1785227234.089550018,car2,car1,-1.000000000,0.000000000,0.000000000,-0.992864430,0.119248582,0.000000000,1,0.119533030,6.848738
0.000000,1785227234.089550018,car2,car4,0.000000000,-1.000000000,0.000000000,0.686506987,-0.727123206,0.000000000,1,0.756674210,43.354239
0.000000,1785227234.089550018,car3,car1,0.000000000,1.000000000,0.000000000,-0.560848988,0.827918119,0.000000000,1,0.595410894,34.114531
0.000000,1785227234.089550018,car3,car4,1.000000000,0.000000000,0.000000000,0.997898430,0.064797558,0.000000000,1,0.064842988,3.715230
0.000000,1785227234.089550018,car4,car1,-0.707106781,0.707106781,0.000000000,-0.937174591,0.348860697,0.000000000,1,0.429043014,24.582354
0.000000,1785227234.089550018,car4,car2,0.000000000,1.000000000,0.000000000,-0.686506987,0.727123206,0.000000000,1,0.756674210,43.354239
0.000000,1785227234.089550018,car4,car3,-1.000000000,0.000000000,0.000000000,-0.997898430,-0.064797558,0.000000000,1,0.064842988,3.715230
0.201784,1785227234.289482832,car1,car2,1.000000000,0.000000000,0.000000000,0.992861060,-0.119276632,0.000000000,1,0.119561281,6.850357
0.201784,1785227234.289482832,car1,car3,0.000000000,-1.000000000,0.000000000,0.557430619,-0.830223527,0.000000000,1,0.591287766,33.878293
0.201784,1785227234.289482832,car1,car4,0.707106781,-0.707106781,0.000000000,0.936311950,-0.351169378,0.000000000,1,0.426578432,24.441144
0.201784,1785227234.289482832,car2,car1,-1.000000000,0.000000000,0.000000000,-0.992861060,0.119276632,0.000000000,1,0.119561281,6.850357
0.201784,1785227234.289482832,car2,car4,0.000000000,-1.000000000,0.000000000,0.681144181,-0.732149305,0.000000000,1,0.749324271,42.933118
0.201784,1785227234.289482832,car3,car1,0.000000000,1.000000000,0.000000000,-0.557430619,0.830223527,0.000000000,1,0.591287766,33.878293
0.201784,1785227234.289482832,car3,car4,1.000000000,0.000000000,0.000000000,0.997858230,0.065413710,0.000000000,1,0.065460450,3.750608
0.201784,1785227234.289482832,car4,car1,-0.707106781,0.707106781,0.000000000,-0.936311950,0.351169378,0.000000000,1,0.426578432,24.441144
0.201784,1785227234.289482832,car4,car2,0.000000000,1.000000000,0.000000000,-0.681144181,0.732149305,0.000000000,1,0.749324271,42.933118
0.201784,1785227234.289482832,car4,car3,-1.000000000,0.000000000,0.000000000,-0.997858230,-0.065413710,0.000000000,1,0.065460450,3.750608
0.403383,1785227234.489376307,car1,car2,1.000000000,0.000000000,0.000000000,0.993408156,-0.114630866,0.000000000,1,0.114883408,6.582334
0.403383,1785227234.489376307,car1,car3,0.000000000,-1.000000000,0.000000000,0.524630599,-0.851329980,0.000000000,1,0.552281145,31.643379
0.403383,1785227234.489376307,car1,car4,0.707106781,-0.707106781,0.000000000,0.926314717,-0.376750641,0.000000000,1,0.399112215,22.867445
0.403383,1785227234.489376307,car2,car1,-1.000000000,0.000000000,0.000000000,-0.993408156,0.114630866,0.000000000,1,0.114883408,6.582334
0.403383,1785227234.489376307,car2,car4,0.000000000,-1.000000000,0.000000000,0.614040587,-0.789274450,0.000000000,1,0.661169827,37.882241
0.403383,1785227234.489376307,car3,car1,0.000000000,1.000000000,0.000000000,-0.524630599,0.851329980,0.000000000,1,0.552281145,31.643379
0.403383,1785227234.489376307,car3,car4,1.000000000,0.000000000,0.000000000,0.998352691,0.057375116,0.000000000,1,0.057406642,3.289158
0.403383,1785227234.489376307,car4,car1,-0.707106781,0.707106781,0.000000000,-0.926314717,0.376750641,0.000000000,1,0.399112215,22.867445
0.403383,1785227234.489376307,car4,car2,0.000000000,1.000000000,0.000000000,-0.614040587,0.789274450,0.000000000,1,0.661169827,37.882241
0.403383,1785227234.489376307,car4,car3,-1.000000000,0.000000000,0.000000000,-0.998352691,-0.057375116,0.000000000,1,0.057406642,3.289158
0.605179,1785227234.689372540,car1,car2,1.000000000,0.000000000,0.000000000,0.994508468,-0.104656133,0.000000000,1,0.104848129,6.007355
0.605179,1785227234.689372540,car1,car3,0.000000000,-1.000000000,0.000000000,0.492221766,-0.870469835,0.000000000,1,0.514640292,29.486717
0.605179,1785227234.689372540,car1,car4,0.707106781,-0.707106781,0.000000000,0.915454246,-0.402422072,0.000000000,1,0.371237092,21.270319
0.605179,1785227234.689372540,car2,car1,-1.000000000,0.000000000,0.000000000,-0.994508468,0.104656133,0.000000000,1,0.104848129,6.007355
0.605179,1785227234.689372540,car2,car4,0.000000000,-1.000000000,0.000000000,0.538385365,-0.842698759,0.000000000,1,0.568519905,32.573791
0.605179,1785227234.689372540,car3,car1,0.000000000,1.000000000,0.000000000,-0.492221766,0.870469835,0.000000000,1,0.514640292,29.486717
0.605179,1785227234.689372540,car3,car4,1.000000000,0.000000000,0.000000000,0.998587735,0.053127539,0.000000000,1,0.053152564,3.045418
0.605179,1785227234.689372540,car4,car1,-0.707106781,0.707106781,0.000000000,-0.915454246,0.402422072,0.000000000,1,0.371237092,21.270319
0.605179,1785227234.689372540,car4,car2,0.000000000,1.000000000,0.000000000,-0.538385365,0.842698759,0.000000000,1,0.568519905,32.573791
0.605179,1785227234.689372540,car4,car3,-1.000000000,0.000000000,0.000000000,-0.998587735,-0.053127539,0.000000000,1,0.053152564,3.045418
0.807104,1785227234.889439344,car1,car2,1.000000000,0.000000000,0.000000000,0.994862859,-0.101231874,0.000000000,1,0.101405578,5.810112
0.807104,1785227234.889439344,car1,car3,0.000000000,-1.000000000,0.000000000,0.460534153,-0.887641985,0.000000000,1,0.478596871,27.421581
0.807104,1785227234.889439344,car1,car4,0.707106781,-0.707106781,0.000000000,0.902773664,-0.430115928,0.000000000,1,0.340776977,19.525083
0.807104,1785227234.889439344,car2,car1,-1.000000000,0.000000000,0.000000000,-0.994862859,0.101231874,0.000000000,1,0.101405578,5.810112
0.807104,1785227234.889439344,car2,car4,0.000000000,-1.000000000,0.000000000,0.462382775,-0.886680421,0.000000000,1,0.480680620,27.540971
0.807104,1785227234.889439344,car3,car1,0.000000000,1.000000000,0.000000000,-0.460534153,0.887641985,0.000000000,1,0.478596871,27.421581
0.807104,1785227234.889439344,car3,car4,1.000000000,0.000000000,0.000000000,0.999116873,0.042017556,0.000000000,1,0.042029930,2.408138
0.807104,1785227234.889439344,car4,car1,-0.707106781,0.707106781,0.000000000,-0.902773664,0.430115928,0.000000000,1,0.340776977,19.525083
0.807104,1785227234.889439344,car4,car2,0.000000000,1.000000000,0.000000000,-0.462382775,0.886680421,0.000000000,1,0.480680620,27.540971
0.807104,1785227234.889439344,car4,car3,-1.000000000,0.000000000,0.000000000,-0.999116873,-0.042017556,0.000000000,1,0.042029930,2.408138
1.010609,1785227235.099478960,car1,car2,1.000000000,0.000000000,0.000000000,0.994829085,-0.101563240,0.000000000,1,0.101738661,5.829196
1.010609,1785227235.099478960,car1,car3,0.000000000,-1.000000000,0.000000000,0.429230838,-0.903194823,0.000000000,1,0.443641003,25.418757
1.010609,1785227235.099478960,car1,car4,0.707106781,-0.707106781,0.000000000,0.890181267,-0.455606533,0.000000000,1,0.312344709,17.896034
1.010609,1785227235.099478960,car2,car1,-1.000000000,0.000000000,0.000000000,-0.994829085,0.101563240,0.000000000,1,0.101738661,5.829196
1.010609,1785227235.099478960,car2,car4,0.000000000,-1.000000000,0.000000000,0.392174772,-0.919890726,0.000000000,1,0.402994568,23.089888
1.010609,1785227235.099478960,car3,car1,0.000000000,1.000000000,0.000000000,-0.429230838,0.903194823,0.000000000,1,0.443641003,25.418757
1.010609,1785227235.099478960,car3,car4,1.000000000,0.000000000,0.000000000,0.999321179,0.036839950,0.000000000,1,0.036848289,2.111251
1.010609,1785227235.099478960,car4,car1,-0.707106781,0.707106781,0.000000000,-0.890181267,0.455606533,0.000000000,1,0.312344709,17.896034
1.010609,1785227235.099478960,car4,car2,0.000000000,1.000000000,0.000000000,-0.392174772,0.919890726,0.000000000,1,0.402994568,23.089888
1.010609,1785227235.099478960,car4,car3,-1.000000000,0.000000000,0.000000000,-0.999321179,-0.036839950,0.000000000,1,0.036848289,2.111251
1.212310,1785227235.299366236,car1,car2,1.000000000,0.000000000,0.000000000,0.994747753,-0.102356763,0.000000000,1,0.102536342,5.874900
1.212310,1785227235.299366236,car1,car3,0.000000000,-1.000000000,0.000000000,0.392731307,-0.919653261,0.000000000,1,0.403599648,23.124556
1.212310,1785227235.299366236,car1,car4,0.707106781,-0.707106781,0.000000000,0.876634343,-0.481157177,0.000000000,1,0.283423906,16.238994
1.212310,1785227235.299366236,car2,car1,-1.000000000,0.000000000,0.000000000,-0.994747753,0.102356763,0.000000000,1,0.102536342,5.874900
1.212310,1785227235.299366236,car2,car4,0.000000000,-1.000000000,0.000000000,0.334547048,-0.942379049,0.000000000,1,0.341124542,19.544997
1.212310,1785227235.299366236,car3,car1,0.000000000,1.000000000,0.000000000,-0.392731307,0.919653261,0.000000000,1,0.403599648,23.124556
1.212310,1785227235.299366236,car3,car4,1.000000000,0.000000000,0.000000000,0.999461270,0.032820255,0.000000000,1,0.032826150,1.880800
1.212310,1785227235.299366236,car4,car1,-0.707106781,0.707106781,0.000000000,-0.876634343,0.481157177,0.000000000,1,0.283423906,16.238994
1.212310,1785227235.299366236,car4,car2,0.000000000,1.000000000,0.000000000,-0.334547048,0.942379049,0.000000000,1,0.341124542,19.544997
1.212310,1785227235.299366236,car4,car3,-1.000000000,0.000000000,0.000000000,-0.999461270,-0.032820255,0.000000000,1,0.032826150,1.880800
1.414039,1785227235.499332905,car1,car2,1.000000000,0.000000000,0.000000000,0.994343355,-0.106213429,0.000000000,1,0.106414154,6.097082
1.414039,1785227235.499332905,car1,car3,0.000000000,-1.000000000,0.000000000,0.357266401,-0.934002526,0.000000000,1,0.365339491,20.932411
1.414039,1785227235.499332905,car1,car4,0.707106781,-0.707106781,0.000000000,0.863829539,-0.503784208,0.000000000,1,0.257424221,14.749321
1.414039,1785227235.499332905,car2,car1,-1.000000000,0.000000000,0.000000000,-0.994343355,0.106213429,0.000000000,1,0.106414154,6.097082
1.414039,1785227235.499332905,car2,car4,0.000000000,-1.000000000,0.000000000,0.280688736,-0.959798851,0.000000000,1,0.284511617,16.301315
1.414039,1785227235.499332905,car3,car1,0.000000000,1.000000000,0.000000000,-0.357266401,0.934002526,0.000000000,1,0.365339491,20.932411
1.414039,1785227235.499332905,car3,car4,1.000000000,0.000000000,0.000000000,0.999293966,0.037570870,0.000000000,1,0.037579714,2.153159
1.414039,1785227235.499332905,car4,car1,-0.707106781,0.707106781,0.000000000,-0.863829539,0.503784208,0.000000000,1,0.257424221,14.749321
1.414039,1785227235.499332905,car4,car2,0.000000000,1.000000000,0.000000000,-0.280688736,0.959798851,0.000000000,1,0.284511617,16.301315
1.414039,1785227235.499332905,car4,car3,-1.000000000,0.000000000,0.000000000,-0.999293966,-0.037570870,0.000000000,1,0.037579714,2.153159
1.616118,1785227235.699389219,car1,car2,1.000000000,0.000000000,0.000000000,0.993889131,-0.110382948,0.000000000,1,0.110608344,6.337391
1.616118,1785227235.699389219,car1,car3,0.000000000,-1.000000000,0.000000000,0.330204430,-0.943909442,0.000000000,1,0.336520145,19.281184
1.616118,1785227235.699389219,car1,car4,0.707106781,-0.707106781,0.000000000,0.849663343,-0.527325520,0.000000000,1,0.229948378,13.175072
1.616118,1785227235.699389219,car2,car1,-1.000000000,0.000000000,0.000000000,-0.993889131,0.110382948,0.000000000,1,0.110608344,6.337391
1.616118,1785227235.699389219,car2,car4,0.000000000,-1.000000000,0.000000000,0.226042826,-0.974117365,0.000000000,1,0.228013438,13.064208
1.616118,1785227235.699389219,car3,car1,0.000000000,1.000000000,0.000000000,-0.330204430,0.943909442,0.000000000,1,0.336520145,19.281184
1.616118,1785227235.699389219,car3,car4,1.000000000,0.000000000,0.000000000,0.999342447,0.036258429,0.000000000,1,0.036266378,2.077910
1.616118,1785227235.699389219,car4,car1,-0.707106781,0.707106781,0.000000000,-0.849663343,0.527325520,0.000000000,1,0.229948378,13.175072
1.616118,1785227235.699389219,car4,car2,0.000000000,1.000000000,0.000000000,-0.226042826,0.974117365,0.000000000,1,0.228013438,13.064208
1.616118,1785227235.699389219,car4,car3,-1.000000000,0.000000000,0.000000000,-0.999342447,-0.036258429,0.000000000,1,0.036266378,2.077910
1.819054,1785227235.909393787,car1,car2,1.000000000,0.000000000,0.000000000,0.993234432,-0.116126496,0.000000000,1,0.116389095,6.668604
1.819054,1785227235.909393787,car1,car3,0.000000000,-1.000000000,0.000000000,0.303295356,-0.952896598,0.000000000,1,0.308149011,17.655638
1.819054,1785227235.909393787,car1,car4,0.707106781,-0.707106781,0.000000000,0.834409953,-0.551144292,0.000000000,1,0.201663167,11.554448
1.819054,1785227235.909393787,car2,car1,-1.000000000,0.000000000,0.000000000,-0.993234432,0.116126496,0.000000000,1,0.116389095,6.668604
1.819054,1785227235.909393787,car2,car4,0.000000000,-1.000000000,0.000000000,0.170779997,-0.985309186,0.000000000,1,0.171621242,9.833173
1.819054,1785227235.909393787,car3,car1,0.000000000,1.000000000,0.000000000,-0.303295356,0.952896598,0.000000000,1,0.308149011,17.655638
1.819054,1785227235.909393787,car3,car4,1.000000000,0.000000000,0.000000000,0.999708281,0.024152707,0.000000000,1,0.024155055,1.383983
1.819054,1785227235.909393787,car4,car1,-0.707106781,0.707106781,0.000000000,-0.834409953,0.551144292,0.000000000,1,0.201663167,11.554448
1.819054,1785227235.909393787,car4,car2,0.000000000,1.000000000,0.000000000,-0.170779997,0.985309186,0.000000000,1,0.171621242,9.833173
1.819054,1785227235.909393787,car4,car3,-1.000000000,0.000000000,0.000000000,-0.999708281,-0.024152707,0.000000000,1,0.024155055,1.383983
2.020814,1785227236.109396935,car1,car2,1.000000000,0.000000000,0.000000000,0.992272947,-0.124074168,0.000000000,1,0.124394735,7.127293
2.020814,1785227236.109396935,car1,car3,0.000000000,-1.000000000,0.000000000,0.270876461,-0.962614120,0.000000000,1,0.274303415,15.716428
2.020814,1785227236.109396935,car1,car4,0.707106781,-0.707106781,0.000000000,0.817790091,-0.575516609,0.000000000,1,0.172162442,9.864181
2.020814,1785227236.109396935,car2,car1,-1.000000000,0.000000000,0.000000000,-0.992272947,0.124074168,0.000000000,1,0.124394735,7.127293
2.020814,1785227236.109396935,car2,car4,0.000000000,-1.000000000,0.000000000,0.125356731,-0.992111733,0.000000000,1,0.125687390,7.201357
2.020814,1785227236.109396935,car3,car1,0.000000000,1.000000000,0.000000000,-0.270876461,0.962614120,0.000000000,1,0.274303415,15.716428
2.020814,1785227236.109396935,car3,car4,1.000000000,0.000000000,0.000000000,0.999845927,0.017553412,0.000000000,1,0.017554313,1.005788
2.020814,1785227236.109396935,car4,car1,-0.707106781,0.707106781,0.000000000,-0.817790091,0.575516609,0.000000000,1,0.172162442,9.864181
2.020814,1785227236.109396935,car4,car2,0.000000000,1.000000000,0.000000000,-0.125356731,0.992111733,0.000000000,1,0.125687390,7.201357
2.020814,1785227236.109396935,car4,car3,-1.000000000,0.000000000,0.000000000,-0.999845927,-0.017553412,0.000000000,1,0.017554313,1.005788
2.222804,1785227236.309488773,car1,car2,1.000000000,0.000000000,0.000000000,0.991213578,-0.132271092,0.000000000,1,0.132659855,7.600850
2.222804,1785227236.309488773,car1,car3,0.000000000,-1.000000000,0.000000000,0.237296094,-0.971437370,0.000000000,1,0.239581493,13.727008
2.222804,1785227236.309488773,car1,car4,0.707106781,-0.707106781,0.000000000,0.801265423,-0.598309053,0.000000000,1,0.144009067,8.251112
2.222804,1785227236.309488773,car2,car1,-1.000000000,0.000000000,0.000000000,-0.991213578,0.132271092,0.000000000,1,0.132659855,7.600850
2.222804,1785227236.309488773,car2,car4,0.000000000,-1.000000000,0.000000000,0.104430470,-0.994532190,0.000000000,1,0.104621223,5.994355
2.222804,1785227236.309488773,car3,car1,0.000000000,1.000000000,0.000000000,-0.237296094,0.971437370,0.000000000,1,0.239581493,13.727008
2.222804,1785227236.309488773,car3,car4,1.000000000,0.000000000,0.000000000,0.999927714,0.012023604,0.000000000,1,0.012023893,0.688918
2.222804,1785227236.309488773,car4,car1,-0.707106781,0.707106781,0.000000000,-0.801265423,0.598309053,0.000000000,1,0.144009067,8.251112
2.222804,1785227236.309488773,car4,car2,0.000000000,1.000000000,0.000000000,-0.104430470,0.994532190,0.000000000,1,0.104621223,5.994355
2.222804,1785227236.309488773,car4,car3,-1.000000000,0.000000000,0.000000000,-0.999927714,-0.012023604,0.000000000,1,0.012023893,0.688918
2.424555,1785227236.509500742,car1,car2,1.000000000,0.000000000,0.000000000,0.990755204,-0.135661804,0.000000000,1,0.136081412,7.796891
2.424555,1785227236.509500742,car1,car3,0.000000000,-1.000000000,0.000000000,0.230328408,-0.973112956,0.000000000,1,0.232415151,13.316407
2.424555,1785227236.509500742,car1,car4,0.707106781,-0.707106781,0.000000000,0.786645671,-0.617404720,0.000000000,1,0.119958921,6.873140
2.424555,1785227236.509500742,car2,car1,-1.000000000,0.000000000,0.000000000,-0.990755204,0.135661804,0.000000000,1,0.136081412,7.796891
2.424555,1785227236.509500742,car2,car4,0.000000000,-1.000000000,0.000000000,0.072723429,-0.997352146,0.000000000,1,0.072787684,4.170427
2.424555,1785227236.509500742,car3,car1,0.000000000,1.000000000,0.000000000,-0.230328408,0.973112956,0.000000000,1,0.232415151,13.316407
2.424555,1785227236.509500742,car3,car4,1.000000000,0.000000000,0.000000000,0.999989279,-0.004630575,0.000000000,1,0.004630591,0.265313
2.424555,1785227236.509500742,car4,car1,-0.707106781,0.707106781,0.000000000,-0.786645671,0.617404720,0.000000000,1,0.119958921,6.873140
2.424555,1785227236.509500742,car4,car2,0.000000000,1.000000000,0.000000000,-0.072723429,0.997352146,0.000000000,1,0.072787684,4.170427
2.424555,1785227236.509500742,car4,car3,-1.000000000,0.000000000,0.000000000,-0.999989279,0.004630575,0.000000000,1,0.004630591,0.265313
2.627018,1785227236.709481239,car1,car2,1.000000000,0.000000000,0.000000000,0.990096922,-0.140385485,0.000000000,1,0.140850745,8.070153
2.627018,1785227236.709481239,car1,car3,0.000000000,-1.000000000,0.000000000,0.211772235,-0.977319047,0.000000000,1,0.213387969,12.226230
2.627018,1785227236.709481239,car1,car4,0.707106781,-0.707106781,0.000000000,0.770296608,-0.637685765,0.000000000,1,0.093907990,5.380531
2.627018,1785227236.709481239,car2,car1,-1.000000000,0.000000000,0.000000000,-0.990096922,0.140385485,0.000000000,1,0.140850745,8.070153
2.627018,1785227236.709481239,car2,car4,0.000000000,-1.000000000,0.000000000,0.045974737,-0.998942603,0.000000000,1,0.045990948,2.635087
2.627018,1785227236.709481239,car3,car1,0.000000000,1.000000000,0.000000000,-0.211772235,0.977319047,0.000000000,1,0.213387969,12.226230
2.627018,1785227236.709481239,car3,car4,1.000000000,0.000000000,0.000000000,0.999775534,-0.021186825,0.000000000,1,0.021188410,1.214006
2.627018,1785227236.709481239,car4,car1,-0.707106781,0.707106781,0.000000000,-0.770296608,0.637685765,0.000000000,1,0.093907990,5.380531
2.627018,1785227236.709481239,car4,car2,0.000000000,1.000000000,0.000000000,-0.045974737,0.998942603,0.000000000,1,0.045990948,2.635087
2.627018,1785227236.709481239,car4,car3,-1.000000000,0.000000000,0.000000000,-0.999775534,0.021186825,0.000000000,1,0.021188410,1.214006
2.829913,1785227236.919455051,car1,car2,1.000000000,0.000000000,0.000000000,0.989749694,-0.142812965,0.000000000,1,0.143302933,8.210653
2.829913,1785227236.919455051,car1,car3,0.000000000,-1.000000000,0.000000000,0.188239714,-0.982123113,0.000000000,1,0.189369510,10.850074
2.829913,1785227236.919455051,car1,car4,0.707106781,-0.707106781,0.000000000,0.756617275,-0.653858012,0.000000000,1,0.072725863,4.166885
2.829913,1785227236.919455051,car2,car1,-1.000000000,0.000000000,0.000000000,-0.989749694,0.142812965,0.000000000,1,0.143302933,8.210653
2.829913,1785227236.919455051,car2,car4,0.000000000,-1.000000000,0.000000000,0.039968604,-0.999200936,0.000000000,1,0.039979254,2.290642
2.829913,1785227236.919455051,car3,car1,0.000000000,1.000000000,0.000000000,-0.188239714,0.982123113,0.000000000,1,0.189369510,10.850074
2.829913,1785227236.919455051,car3,car4,1.000000000,0.000000000,0.000000000,0.999703764,-0.024338947,0.000000000,1,0.024341350,1.394657
2.829913,1785227236.919455051,car4,car1,-0.707106781,0.707106781,0.000000000,-0.756617275,0.653858012,0.000000000,1,0.072725863,4.166885
2.829913,1785227236.919455051,car4,car2,0.000000000,1.000000000,0.000000000,-0.039968604,0.999200936,0.000000000,1,0.039979254,2.290642
2.829913,1785227236.919455051,car4,car3,-1.000000000,0.000000000,0.000000000,-0.999703764,0.024338947,0.000000000,1,0.024341350,1.394657
3.031853,1785227237.119413137,car1,car2,1.000000000,0.000000000,0.000000000,0.989338980,-0.145630980,0.000000000,1,0.146150722,8.373820
3.031853,1785227237.119413137,car1,car3,0.000000000,-1.000000000,0.000000000,0.160379701,-0.987055394,0.000000000,1,0.161075321,9.228936
3.031853,1785227237.119413137,car1,car4,0.707106781,-0.707106781,0.000000000,0.745284320,-0.666746790,0.000000000,1,0.055563005,3.183526
3.031853,1785227237.119413137,car2,car1,-1.000000000,0.000000000,0.000000000,-0.989338980,0.145630980,0.000000000,1,0.146150722,8.373820
3.031853,1785227237.119413137,car2,car4,0.000000000,-1.000000000,0.000000000,0.032341359,-0.999476881,0.000000000,1,0.032346999,1.853347
3.031853,1785227237.119413137,car3,car1,0.000000000,1.000000000,0.000000000,-0.160379701,0.987055394,0.000000000,1,0.161075321,9.228936
3.031853,1785227237.119413137,car3,car4,1.000000000,0.000000000,0.000000000,0.999796527,-0.020171875,0.000000000,1,0.020173243,1.155842
3.031853,1785227237.119413137,car4,car1,-0.707106781,0.707106781,0.000000000,-0.745284320,0.666746790,0.000000000,1,0.055563005,3.183526
3.031853,1785227237.119413137,car4,car2,0.000000000,1.000000000,0.000000000,-0.032341359,0.999476881,0.000000000,1,0.032346999,1.853347
3.031853,1785227237.119413137,car4,car3,-1.000000000,0.000000000,0.000000000,-0.999796527,0.020171875,0.000000000,1,0.020173243,1.155842
3.233770,1785227237.319345713,car1,car2,1.000000000,0.000000000,0.000000000,0.988973538,-0.148092342,0.000000000,1,0.148639066,8.516391
3.233770,1785227237.319345713,car1,car3,0.000000000,-1.000000000,0.000000000,0.132120596,-0.991233650,0.000000000,1,0.132508027,7.592151
3.233770,1785227237.319345713,car1,car4,0.707106781,-0.707106781,0.000000000,0.733534323,-0.679652409,0.000000000,1,0.038109491,2.183513
3.233770,1785227237.319345713,car2,car1,-1.000000000,0.000000000,0.000000000,-0.988973538,0.148092342,0.000000000,1,0.148639066,8.516391
3.233770,1785227237.319345713,car2,car4,0.000000000,-1.000000000,0.000000000,0.021302633,-0.999773073,0.000000000,1,0.021304244,1.220643
3.233770,1785227237.319345713,car3,car1,0.000000000,1.000000000,0.000000000,-0.132120596,0.991233650,0.000000000,1,0.132508027,7.592151
3.233770,1785227237.319345713,car3,car4,1.000000000,0.000000000,0.000000000,0.999834572,-0.018188692,0.000000000,1,0.018189695,1.042193
3.233770,1785227237.319345713,car4,car1,-0.707106781,0.707106781,0.000000000,-0.733534323,0.679652409,0.000000000,1,0.038109491,2.183513
3.233770,1785227237.319345713,car4,car2,0.000000000,1.000000000,0.000000000,-0.021302633,0.999773073,0.000000000,1,0.021304244,1.220643
3.233770,1785227237.319345713,car4,car3,-1.000000000,0.000000000,0.000000000,-0.999834572,0.018188692,0.000000000,1,0.018189695,1.042193
3.435760,1785227237.519382238,car1,car2,1.000000000,0.000000000,0.000000000,0.989046679,-0.147603069,0.000000000,1,0.148144355,8.488046
3.435760,1785227237.519382238,car1,car3,0.000000000,-1.000000000,0.000000000,0.116361413,-0.993206938,0.000000000,1,0.116625614,6.682155
3.435760,1785227237.519382238,car1,car4,0.707106781,-0.707106781,0.000000000,0.727020245,-0.686616023,0.000000000,1,0.028573988,1.637169
3.435760,1785227237.519382238,car2,car1,-1.000000000,0.000000000,0.000000000,-0.989046679,0.147603069,0.000000000,1,0.148144355,8.488046
3.435760,1785227237.519382238,car2,car4,0.000000000,-1.000000000,0.000000000,0.022230533,-0.999752871,0.000000000,1,0.022232365,1.273821
3.435760,1785227237.519382238,car3,car1,0.000000000,1.000000000,0.000000000,-0.116361413,0.993206938,0.000000000,1,0.116625614,6.682155
3.435760,1785227237.519382238,car3,car4,1.000000000,0.000000000,0.000000000,0.999848739,-0.017392492,0.000000000,1,0.017393369,0.996567
3.435760,1785227237.519382238,car4,car1,-0.707106781,0.707106781,0.000000000,-0.727020245,0.686616023,0.000000000,1,0.028573988,1.637169
3.435760,1785227237.519382238,car4,car2,0.000000000,1.000000000,0.000000000,-0.022230533,0.999752871,0.000000000,1,0.022232365,1.273821
3.435760,1785227237.519382238,car4,car3,-1.000000000,0.000000000,0.000000000,-0.999848739,0.017392492,0.000000000,1,0.017393369,0.996567
3.638866,1785227237.729420185,car1,car2,1.000000000,0.000000000,0.000000000,0.989623816,-0.143682648,0.000000000,1,0.144181679,8.261002
3.638866,1785227237.729420185,car1,car3,0.000000000,-1.000000000,0.000000000,0.082739092,-0.996571243,0.000000000,1,0.082833786,4.746026
3.638866,1785227237.729420185,car1,car4,0.707106781,-0.707106781,0.000000000,0.718568180,-0.695456519,0.000000000,1,0.016343140,0.936393
3.638866,1785227237.729420185,car2,car1,-1.000000000,0.000000000,0.000000000,-0.989623816,0.143682648,0.000000000,1,0.144181679,8.261002
3.638866,1785227237.729420185,car2,car4,0.000000000,-1.000000000,0.000000000,0.027799888,-0.999613508,0.000000000,1,0.027803470,1.593021
3.638866,1785227237.729420185,car3,car1,0.000000000,1.000000000,0.000000000,-0.082739092,0.996571243,0.000000000,1,0.082833786,4.746026
3.638866,1785227237.729420185,car3,car4,1.000000000,0.000000000,0.000000000,0.999931045,-0.011743340,0.000000000,1,0.011743609,0.672859
3.638866,1785227237.729420185,car4,car1,-0.707106781,0.707106781,0.000000000,-0.718568180,0.695456519,0.000000000,1,0.016343140,0.936393
3.638866,1785227237.729420185,car4,car2,0.000000000,1.000000000,0.000000000,-0.027799888,0.999613508,0.000000000,1,0.027803470,1.593021
3.638866,1785227237.729420185,car4,car3,-1.000000000,0.000000000,0.000000000,-0.999931045,0.011743340,0.000000000,1,0.011743609,0.672859
3.840859,1785227237.929443836,car1,car2,1.000000000,0.000000000,0.000000000,0.990191492,-0.139716887,0.000000000,1,0.140175492,8.031464
3.840859,1785227237.929443836,car1,car3,0.000000000,-1.000000000,0.000000000,0.058571227,-0.998283232,0.000000000,1,0.058604768,3.357806
3.840859,1785227237.929443836,car1,car4,0.707106781,-0.707106781,0.000000000,0.712952579,-0.701212250,0.000000000,1,0.008301761,0.475656
3.840859,1785227237.929443836,car2,car1,-1.000000000,0.000000000,0.000000000,-0.990191492,0.139716887,0.000000000,1,0.140175492,8.031464
3.840859,1785227237.929443836,car2,car4,0.000000000,-1.000000000,0.000000000,0.029090673,-0.999576777,0.000000000,1,0.029094778,1.667008
3.840859,1785227237.929443836,car3,car1,0.000000000,1.000000000,0.000000000,-0.058571227,0.998283232,0.000000000,1,0.058604768,3.357806
3.840859,1785227237.929443836,car3,car4,1.000000000,0.000000000,0.000000000,0.999998791,-0.001555114,0.000000000,1,0.001555115,0.089102
3.840859,1785227237.929443836,car4,car1,-0.707106781,0.707106781,0.000000000,-0.712952579,0.701212250,0.000000000,1,0.008301761,0.475656
3.840859,1785227237.929443836,car4,car2,0.000000000,1.000000000,0.000000000,-0.029090673,0.999576777,0.000000000,1,0.029094778,1.667008
3.840859,1785227237.929443836,car4,car3,-1.000000000,0.000000000,0.000000000,-0.999998791,0.001555114,0.000000000,1,0.001555115,0.089102
4.042922,1785227238.119587183,car1,car2,1.000000000,0.000000000,0.000000000,0.990276054,-0.139116273,0.000000000,1,0.139568954,7.996712
4.042922,1785227238.119587183,car1,car3,0.000000000,-1.000000000,0.000000000,0.030025247,-0.999549141,0.000000000,1,0.030029760,1.720579
4.042922,1785227238.119587183,car1,car4,0.707106781,-0.707106781,0.000000000,0.706492152,-0.707720876,0.000000000,1,0.000868839,0.049781
4.042922,1785227238.119587183,car2,car1,-1.000000000,0.000000000,0.000000000,-0.990276054,0.139116273,0.000000000,1,0.139568954,7.996712
4.042922,1785227238.119587183,car2,car4,0.000000000,-1.000000000,0.000000000,0.025246478,-0.999681257,0.000000000,1,0.025249161,1.446670
4.042922,1785227238.119587183,car3,car1,0.000000000,1.000000000,0.000000000,-0.030025247,0.999549141,0.000000000,1,0.030029760,1.720579
4.042922,1785227238.119587183,car3,car4,1.000000000,0.000000000,0.000000000,0.999975616,0.006983426,0.000000000,1,0.006983483,0.400124
4.042922,1785227238.119587183,car4,car1,-0.707106781,0.707106781,0.000000000,-0.706492152,0.707720876,0.000000000,1,0.000868839,0.049781
4.042922,1785227238.119587183,car4,car2,0.000000000,1.000000000,0.000000000,-0.025246478,0.999681257,0.000000000,1,0.025249161,1.446670
4.042922,1785227238.119587183,car4,car3,-1.000000000,0.000000000,0.000000000,-0.999975616,-0.006983426,0.000000000,1,0.006983483,0.400124
4.244976,1785227238.329416275,car1,car2,1.000000000,0.000000000,0.000000000,0.990483179,-0.137633835,0.000000000,1,0.138072116,7.910950
4.244976,1785227238.329416275,car1,car3,0.000000000,-1.000000000,0.000000000,0.003313468,-0.999994510,0.000000000,1,0.003313474,0.189848
4.244976,1785227238.329416275,car1,car4,0.707106781,-0.707106781,0.000000000,0.697138490,-0.716936486,0.000000000,1,0.013999755,0.802127
4.244976,1785227238.329416275,car2,car1,-1.000000000,0.000000000,0.000000000,-0.990483179,0.137633835,0.000000000,1,0.138072116,7.910950
4.244976,1785227238.329416275,car2,car4,0.000000000,-1.000000000,0.000000000,0.024990389,-0.999687691,0.000000000,1,0.024992991,1.431993
4.244976,1785227238.329416275,car3,car1,0.000000000,1.000000000,0.000000000,-0.003313468,0.999994510,0.000000000,1,0.003313474,0.189848
4.244976,1785227238.329416275,car3,car4,1.000000000,0.000000000,0.000000000,0.999990155,0.004437372,0.000000000,1,0.004437387,0.254244
4.244976,1785227238.329416275,car4,car1,-0.707106781,0.707106781,0.000000000,-0.697138490,0.716936486,0.000000000,1,0.013999755,0.802127
4.244976,1785227238.329416275,car4,car2,0.000000000,1.000000000,0.000000000,-0.024990389,0.999687691,0.000000000,1,0.024992991,1.431993
4.244976,1785227238.329416275,car4,car3,-1.000000000,0.000000000,0.000000000,-0.999990155,-0.004437372,0.000000000,1,0.004437387,0.254244
4.447010,1785227238.529434919,car1,car2,1.000000000,0.000000000,0.000000000,0.991496446,-0.130133770,0.000000000,1,0.130503896,7.477322
4.447010,1785227238.529434919,car1,car3,0.000000000,-1.000000000,0.000000000,-0.011264252,-0.999936556,0.000000000,1,0.011264490,0.645408
4.447010,1785227238.529434919,car1,car4,0.707106781,-0.707106781,0.000000000,0.691633992,-0.722248172,0.000000000,1,0.021649185,1.240407
4.447010,1785227238.529434919,car2,car1,-1.000000000,0.000000000,0.000000000,-0.991496446,0.130133770,0.000000000,1,0.130503896,7.477322
4.447010,1785227238.529434919,car2,car4,0.000000000,-1.000000000,0.000000000,0.032435471,-0.999473832,0.000000000,1,0.032441161,1.858742
4.447010,1785227238.529434919,car3,car1,0.000000000,1.000000000,0.000000000,0.011264252,0.999936556,0.000000000,1,0.011264490,0.645408
4.447010,1785227238.529434919,car3,car4,1.000000000,0.000000000,0.000000000,0.999989644,0.004551020,0.000000000,1,0.004551036,0.260755
4.447010,1785227238.529434919,car4,car1,-0.707106781,0.707106781,0.000000000,-0.691633992,0.722248172,0.000000000,1,0.021649185,1.240407
4.447010,1785227238.529434919,car4,car2,0.000000000,1.000000000,0.000000000,-0.032435471,0.999473832,0.000000000,1,0.032441161,1.858742
4.447010,1785227238.529434919,car4,car3,-1.000000000,0.000000000,0.000000000,-0.999989644,-0.004551020,0.000000000,1,0.004551036,0.260755
4.649160,1785227238.729433537,car1,car2,1.000000000,0.000000000,0.000000000,0.992299132,-0.123864576,0.000000000,1,0.124183514,7.115191
4.649160,1785227238.729433537,car1,car3,0.000000000,-1.000000000,0.000000000,-0.032459953,-0.999473037,0.000000000,1,0.032465656,1.860145
4.649160,1785227238.729433537,car1,car4,0.707106781,-0.707106781,0.000000000,0.684418882,-0.729089016,0.000000000,1,0.031591810,1.810077
4.649160,1785227238.729433537,car2,car1,-1.000000000,0.000000000,0.000000000,-0.992299132,0.123864576,0.000000000,1,0.124183514,7.115191
4.649160,1785227238.729433537,car2,car4,0.000000000,-1.000000000,0.000000000,0.034909402,-0.999390481,0.000000000,1,0.034916496,2.000568
4.649160,1785227238.729433537,car3,car1,0.000000000,1.000000000,0.000000000,0.032459953,0.999473037,0.000000000,1,0.032465656,1.860145
4.649160,1785227238.729433537,car3,car4,1.000000000,0.000000000,0.000000000,0.999997963,0.002018656,0.000000000,1,0.002018658,0.115661
4.649160,1785227238.729433537,car4,car1,-0.707106781,0.707106781,0.000000000,-0.684418882,0.729089016,0.000000000,1,0.031591810,1.810077
4.649160,1785227238.729433537,car4,car2,0.000000000,1.000000000,0.000000000,-0.034909402,0.999390481,0.000000000,1,0.034916496,2.000568
4.649160,1785227238.729433537,car4,car3,-1.000000000,0.000000000,0.000000000,-0.999997963,-0.002018656,0.000000000,1,0.002018658,0.115661
4.850942,1785227238.939446449,car1,car2,1.000000000,0.000000000,0.000000000,0.993019681,-0.117948773,0.000000000,1,0.118223982,6.773735
4.850942,1785227238.939446449,car1,car3,0.000000000,-1.000000000,0.000000000,-0.053484304,-0.998568690,0.000000000,1,0.053509836,3.065888
4.850942,1785227238.939446449,car1,car4,0.707106781,-0.707106781,0.000000000,0.676085116,-0.736823531,0.000000000,1,0.042961760,2.461528
4.850942,1785227238.939446449,car2,car1,-1.000000000,0.000000000,0.000000000,-0.993019681,0.117948773,0.000000000,1,0.118223982,6.773735
4.850942,1785227238.939446449,car2,car4,0.000000000,-1.000000000,0.000000000,0.033923427,-0.999424435,0.000000000,1,0.033929937,1.944042
4.850942,1785227238.939446449,car3,car1,0.000000000,1.000000000,0.000000000,0.053484304,0.998568690,0.000000000,1,0.053509836,3.065888
4.850942,1785227238.939446449,car3,car4,1.000000000,0.000000000,0.000000000,0.999995182,0.003104066,0.000000000,1,0.003104071,0.177850
4.850942,1785227238.939446449,car4,car1,-0.707106781,0.707106781,0.000000000,-0.676085116,0.736823531,0.000000000,1,0.042961760,2.461528
4.850942,1785227238.939446449,car4,car2,0.000000000,1.000000000,0.000000000,-0.033923427,0.999424435,0.000000000,1,0.033929937,1.944042
4.850942,1785227238.939446449,car4,car3,-1.000000000,0.000000000,0.000000000,-0.999995182,-0.003104066,0.000000000,1,0.003104071,0.177850
5.052675,1785227239.129620790,car1,car2,1.000000000,0.000000000,0.000000000,0.993862291,-0.110624346,0.000000000,1,0.110851230,6.351308
5.052675,1785227239.129620790,car1,car3,0.000000000,-1.000000000,0.000000000,-0.066728767,-0.997771152,0.000000000,1,0.066778387,3.826120
5.052675,1785227239.129620790,car1,car4,0.707106781,-0.707106781,0.000000000,0.671439218,-0.741059630,0.000000000,1,0.049248972,2.821758
5.052675,1785227239.129620790,car2,car1,-1.000000000,0.000000000,0.000000000,-0.993862291,0.110624346,0.000000000,1,0.110851230,6.351308
5.052675,1785227239.129620790,car2,car4,0.000000000,-1.000000000,0.000000000,0.036901043,-0.999318925,0.000000000,1,0.036909422,2.114754
5.052675,1785227239.129620790,car3,car1,0.000000000,1.000000000,0.000000000,0.066728767,0.997771152,0.000000000,1,0.066778387,3.826120
5.052675,1785227239.129620790,car3,car4,1.000000000,0.000000000,0.000000000,0.999999831,0.000581537,0.000000000,1,0.000581537,0.033320
5.052675,1785227239.129620790,car4,car1,-0.707106781,0.707106781,0.000000000,-0.671439218,0.741059630,0.000000000,1,0.049248972,2.821758
5.052675,1785227239.129620790,car4,car2,0.000000000,1.000000000,0.000000000,-0.036901043,0.999318925,0.000000000,1,0.036909422,2.114754
5.052675,1785227239.129620790,car4,car3,-1.000000000,0.000000000,0.000000000,-0.999999831,-0.000581537,0.000000000,1,0.000581537,0.033320
5.254333,1785227239.339412928,car1,car2,1.000000000,0.000000000,0.000000000,0.994709696,-0.102725954,0.000000000,1,0.102907489,5.896165
5.254333,1785227239.339412928,car1,car3,0.000000000,-1.000000000,0.000000000,-0.075004584,-0.997183189,0.000000000,1,0.075075088,4.301486
5.254333,1785227239.339412928,car1,car4,0.707106781,-0.707106781,0.000000000,0.667160118,-0.744914342,0.000000000,1,0.055008276,3.151742
5.254333,1785227239.339412928,car2,car1,-1.000000000,0.000000000,0.000000000,-0.994709696,0.102725954,0.000000000,1,0.102907489,5.896165
5.254333,1785227239.339412928,car2,car4,0.000000000,-1.000000000,0.000000000,0.045444058,-0.998966885,0.000000000,1,0.045459714,2.604650
5.254333,1785227239.339412928,car3,car1,0.000000000,1.000000000,0.000000000,0.075004584,0.997183189,0.000000000,1,0.075075088,4.301486
5.254333,1785227239.339412928,car3,car4,1.000000000,0.000000000,0.000000000,0.999999451,0.001047415,0.000000000,1,0.001047415,0.060012
5.254333,1785227239.339412928,car4,car1,-0.707106781,0.707106781,0.000000000,-0.667160118,0.744914342,0.000000000,1,0.055008276,3.151742
5.254333,1785227239.339412928,car4,car2,0.000000000,1.000000000,0.000000000,-0.045444058,0.998966885,0.000000000,1,0.045459714,2.604650
5.254333,1785227239.339412928,car4,car3,-1.000000000,0.000000000,0.000000000,-0.999999451,-0.001047415,0.000000000,1,0.001047415,0.060012
5.456441,1785227239.539417982,car1,car2,1.000000000,0.000000000,0.000000000,0.995727837,-0.092336742,0.000000000,1,0.092468459,5.298052
5.456441,1785227239.539417982,car1,car3,0.000000000,-1.000000000,0.000000000,-0.075912628,-0.997114473,0.000000000,1,0.075985729,4.353662
5.456441,1785227239.539417982,car1,car4,0.707106781,-0.707106781,0.000000000,0.670626518,-0.741795170,0.000000000,1,0.050345101,2.884562
5.456441,1785227239.539417982,car2,car1,-1.000000000,0.000000000,0.000000000,-0.995727837,0.092336742,0.000000000,1,0.092468459,5.298052
5.456441,1785227239.539417982,car2,car4,0.000000000,-1.000000000,0.000000000,0.052645365,-0.998613271,0.000000000,1,0.052669714,3.017752
5.456441,1785227239.539417982,car3,car1,0.000000000,1.000000000,0.000000000,0.075912628,0.997114473,0.000000000,1,0.075985729,4.353662
5.456441,1785227239.539417982,car3,car4,1.000000000,0.000000000,0.000000000,0.999971429,0.007559176,0.000000000,1,0.007559248,0.433113
5.456441,1785227239.539417982,car4,car1,-0.707106781,0.707106781,0.000000000,-0.670626518,0.741795170,0.000000000,1,0.050345101,2.884562
5.456441,1785227239.539417982,car4,car2,0.000000000,1.000000000,0.000000000,-0.052645365,0.998613271,0.000000000,1,0.052669714,3.017752
5.456441,1785227239.539417982,car4,car3,-1.000000000,0.000000000,0.000000000,-0.999971429,-0.007559176,0.000000000,1,0.007559248,0.433113
5.660502,1785227239.749355555,car1,car2,1.000000000,0.000000000,0.000000000,0.996618058,-0.082173266,0.000000000,1,0.082266027,4.713496
5.660502,1785227239.749355555,car1,car3,0.000000000,-1.000000000,0.000000000,-0.072015456,-0.997403516,0.000000000,1,0.072077850,4.129757
5.660502,1785227239.749355555,car1,car4,0.707106781,-0.707106781,0.000000000,0.672029424,-0.740524445,0.000000000,1,0.048452250,2.776109
5.660502,1785227239.749355555,car2,car1,-1.000000000,0.000000000,0.000000000,-0.996618058,0.082173266,0.000000000,1,0.082266027,4.713496
5.660502,1785227239.749355555,car2,car4,0.000000000,-1.000000000,0.000000000,0.052285860,-0.998632159,0.000000000,1,0.052309713,2.997126
5.660502,1785227239.749355555,car3,car1,0.000000000,1.000000000,0.000000000,0.072015456,0.997403516,0.000000000,1,0.072077850,4.129757
5.660502,1785227239.749355555,car3,car4,1.000000000,0.000000000,0.000000000,0.999963650,0.008526359,0.000000000,1,0.008526463,0.488530
5.660502,1785227239.749355555,car4,car1,-0.707106781,0.707106781,0.000000000,-0.672029424,0.740524445,0.000000000,1,0.048452250,2.776109
5.660502,1785227239.749355555,car4,car2,0.000000000,1.000000000,0.000000000,-0.052285860,0.998632159,0.000000000,1,0.052309713,2.997126
5.660502,1785227239.749355555,car4,car3,-1.000000000,0.000000000,0.000000000,-0.999963650,-0.008526359,0.000000000,1,0.008526463,0.488530
5.862299,1785227239.949345112,car1,car2,1.000000000,0.000000000,0.000000000,0.997434673,-0.071582628,0.000000000,1,0.071643902,4.104893
5.862299,1785227239.949345112,car1,car3,0.000000000,-1.000000000,0.000000000,-0.075847489,-0.997119430,0.000000000,1,0.075920401,4.349919
5.862299,1785227239.949345112,car1,car4,0.707106781,-0.707106781,0.000000000,0.668533606,-0.743681933,0.000000000,1,0.053162931,3.046012
5.862299,1785227239.949345112,car2,car1,-1.000000000,0.000000000,0.000000000,-0.997434673,0.071582628,0.000000000,1,0.071643902,4.104893
5.862299,1785227239.949345112,car2,car4,0.000000000,-1.000000000,0.000000000,0.054072275,-0.998537024,0.000000000,1,0.054098659,3.099625
5.862299,1785227239.949345112,car3,car1,0.000000000,1.000000000,0.000000000,0.075847489,0.997119430,0.000000000,1,0.075920401,4.349919
5.862299,1785227239.949345112,car3,car4,1.000000000,0.000000000,0.000000000,0.999996950,-0.002469660,0.000000000,1,0.002469663,0.141501
5.862299,1785227239.949345112,car4,car1,-0.707106781,0.707106781,0.000000000,-0.668533606,0.743681933,0.000000000,1,0.053162931,3.046012
5.862299,1785227239.949345112,car4,car2,0.000000000,1.000000000,0.000000000,-0.054072275,0.998537024,0.000000000,1,0.054098659,3.099625
5.862299,1785227239.949345112,car4,car3,-1.000000000,0.000000000,0.000000000,-0.999996950,0.002469660,0.000000000,1,0.002469663,0.141501
6.063949,1785227240.149529219,car1,car2,1.000000000,0.000000000,0.000000000,0.998378620,-0.056922149,0.000000000,1,0.056952933,3.263163
6.063949,1785227240.149529219,car1,car3,0.000000000,-1.000000000,0.000000000,-0.067505622,-0.997718894,0.000000000,1,0.067556998,3.870731
6.063949,1785227240.149529219,car1,car4,0.707106781,-0.707106781,0.000000000,0.669603169,-0.742719056,0.000000000,1,0.051723800,2.963555
6.063949,1785227240.149529219,car2,car1,-1.000000000,0.000000000,0.000000000,-0.998378620,0.056922149,0.000000000,1,0.056952933,3.263163
6.063949,1785227240.149529219,car2,car4,0.000000000,-1.000000000,0.000000000,0.058225535,-0.998303454,0.000000000,1,0.058258485,3.337965
6.063949,1785227240.149529219,car3,car1,0.000000000,1.000000000,0.000000000,0.067505622,0.997718894,0.000000000,1,0.067556998,3.870731
6.063949,1785227240.149529219,car3,car4,1.000000000,0.000000000,0.000000000,0.999999575,0.000921617,0.000000000,1,0.000921617,0.052805
6.063949,1785227240.149529219,car4,car1,-0.707106781,0.707106781,0.000000000,-0.669603169,0.742719056,0.000000000,1,0.051723800,2.963555
6.063949,1785227240.149529219,car4,car2,0.000000000,1.000000000,0.000000000,-0.058225535,0.998303454,0.000000000,1,0.058258485,3.337965
6.063949,1785227240.149529219,car4,car3,-1.000000000,0.000000000,0.000000000,-0.999999575,-0.000921617,0.000000000,1,0.000921617,0.052805
6.265768,1785227240.349398851,car1,car2,1.000000000,0.000000000,0.000000000,0.998801073,-0.048953201,0.000000000,1,0.048972774,2.805933
6.265768,1785227240.349398851,car1,car3,0.000000000,-1.000000000,0.000000000,-0.059269939,-0.998241992,0.000000000,1,0.059304696,3.397909
6.265768,1785227240.349398851,car1,car4,0.707106781,-0.707106781,0.000000000,0.671774055,-0.740756113,0.000000000,1,0.048797044,2.795865
6.265768,1785227240.349398851,car2,car1,-1.000000000,0.000000000,0.000000000,-0.998801073,0.048953201,0.000000000,1,0.048972774,2.805933
6.265768,1785227240.349398851,car2,car4,0.000000000,-1.000000000,0.000000000,0.058061222,-0.998313024,0.000000000,1,0.058093894,3.328535
6.265768,1785227240.349398851,car3,car1,0.000000000,1.000000000,0.000000000,0.059269939,0.998241992,0.000000000,1,0.059304696,3.397909
6.265768,1785227240.349398851,car3,car4,1.000000000,0.000000000,0.000000000,0.999988671,0.004760074,0.000000000,1,0.004760092,0.272733
6.265768,1785227240.349398851,car4,car1,-0.707106781,0.707106781,0.000000000,-0.671774055,0.740756113,0.000000000,1,0.048797044,2.795865
6.265768,1785227240.349398851,car4,car2,0.000000000,1.000000000,0.000000000,-0.058061222,0.998313024,0.000000000,1,0.058093894,3.328535
6.265768,1785227240.349398851,car4,car3,-1.000000000,0.000000000,0.000000000,-0.999988671,-0.004760074,0.000000000,1,0.004760092,0.272733
6.467845,1785227240.549431086,car1,car2,1.000000000,0.000000000,0.000000000,0.998888249,-0.047140927,0.000000000,1,0.047158404,2.701978
6.467845,1785227240.549431086,car1,car3,0.000000000,-1.000000000,0.000000000,-0.062036490,-0.998073882,0.000000000,1,0.062076350,3.556713
6.467845,1785227240.549431086,car1,car4,0.707106781,-0.707106781,0.000000000,0.667627613,-0.744495380,0.000000000,1,0.054380518,3.115774
6.467845,1785227240.549431086,car2,car1,-1.000000000,0.000000000,0.000000000,-0.998888249,0.047140927,0.000000000,1,0.047158404,2.701978
6.467845,1785227240.549431086,car2,car4,0.000000000,-1.000000000,0.000000000,0.057570290,-0.998341455,0.000000000,1,0.057602139,3.300359
6.467845,1785227240.549431086,car3,car1,0.000000000,1.000000000,0.000000000,0.062036490,0.998073882,0.000000000,1,0.062076350,3.556713
6.467845,1785227240.549431086,car3,car4,1.000000000,0.000000000,0.000000000,0.999998335,-0.001824999,0.000000000,1,0.001825000,0.104565
6.467845,1785227240.549431086,car4,car1,-0.707106781,0.707106781,0.000000000,-0.667627613,0.744495380,0.000000000,1,0.054380518,3.115774
6.467845,1785227240.549431086,car4,car2,0.000000000,1.000000000,0.000000000,-0.057570290,0.998341455,0.000000000,1,0.057602139,3.300359
6.467845,1785227240.549431086,car4,car3,-1.000000000,0.000000000,0.000000000,-0.999998335,0.001824999,0.000000000,1,0.001825000,0.104565
6.669869,1785227240.759352446,car1,car2,1.000000000,0.000000000,0.000000000,0.998909893,-0.046680038,0.000000000,1,0.046697008,2.675541
6.669869,1785227240.759352446,car1,car3,0.000000000,-1.000000000,0.000000000,-0.053514579,-0.998567068,0.000000000,1,0.053540154,3.067625
6.669869,1785227240.759352446,car1,car4,0.707106781,-0.707106781,0.000000000,0.665746595,-0.746177909,0.000000000,1,0.056904232,3.260372
6.669869,1785227240.759352446,car2,car1,-1.000000000,0.000000000,0.000000000,-0.998909893,0.046680038,0.000000000,1,0.046697008,2.675541
6.669869,1785227240.759352446,car2,car4,0.000000000,-1.000000000,0.000000000,0.057691260,-0.998334472,0.000000000,1,0.057723310,3.307302
6.669869,1785227240.759352446,car3,car1,0.000000000,1.000000000,0.000000000,0.053514579,0.998567068,0.000000000,1,0.053540154,3.067625
6.669869,1785227240.759352446,car3,car4,1.000000000,0.000000000,0.000000000,0.999986300,-0.005234395,0.000000000,1,0.005234418,0.299910
6.669869,1785227240.759352446,car4,car1,-0.707106781,0.707106781,0.000000000,-0.665746595,0.746177909,0.000000000,1,0.056904232,3.260372
6.669869,1785227240.759352446,car4,car2,0.000000000,1.000000000,0.000000000,-0.057691260,0.998334472,0.000000000,1,0.057723310,3.307302
6.669869,1785227240.759352446,car4,car3,-1.000000000,0.000000000,0.000000000,-0.999986300,0.005234395,0.000000000,1,0.005234418,0.299910
6.871517,1785227240.959394932,car1,car2,1.000000000,0.000000000,0.000000000,0.999051130,-0.043552731,0.000000000,1,0.043566512,2.496177
6.871517,1785227240.959394932,car1,car3,0.000000000,-1.000000000,0.000000000,-0.046710976,-0.998908447,0.000000000,1,0.046727979,2.677316
6.871517,1785227240.959394932,car1,car4,0.707106781,-0.707106781,0.000000000,0.667425400,-0.744676665,0.000000000,1,0.054652095,3.131334
6.871517,1785227240.959394932,car2,car1,-1.000000000,0.000000000,0.000000000,-0.999051130,0.043552731,0.000000000,1,0.043566512,2.496177
6.871517,1785227240.959394932,car2,car4,0.000000000,-1.000000000,0.000000000,0.057275164,-0.998358430,0.000000000,1,0.057306525,3.283422
6.871517,1785227240.959394932,car3,car1,0.000000000,1.000000000,0.000000000,0.046710976,0.998908447,0.000000000,1,0.046727979,2.677316
6.871517,1785227240.959394932,car3,car4,1.000000000,0.000000000,0.000000000,0.999982173,-0.005971046,0.000000000,1,0.005971081,0.342118
6.871517,1785227240.959394932,car4,car1,-0.707106781,0.707106781,0.000000000,-0.667425400,0.744676665,0.000000000,1,0.054652095,3.131334
6.871517,1785227240.959394932,car4,car2,0.000000000,1.000000000,0.000000000,-0.057275164,0.998358430,0.000000000,1,0.057306525,3.283422
6.871517,1785227240.959394932,car4,car3,-1.000000000,0.000000000,0.000000000,-0.999982173,0.005971046,0.000000000,1,0.005971081,0.342118
7.073174,1785227241.149339676,car1,car2,1.000000000,0.000000000,0.000000000,0.999066614,-0.043196063,0.000000000,1,0.043209508,2.475722
7.073174,1785227241.149339676,car1,car3,0.000000000,-1.000000000,0.000000000,-0.043104898,-0.999070552,0.000000000,1,0.043118258,2.470494
7.073174,1785227241.149339676,car1,car4,0.707106781,-0.707106781,0.000000000,0.667588417,-0.744530527,0.000000000,1,0.054433165,3.118791
7.073174,1785227241.149339676,car2,car1,-1.000000000,0.000000000,0.000000000,-0.999066614,0.043196063,0.000000000,1,0.043209508,2.475722
7.073174,1785227241.149339676,car2,car4,0.000000000,-1.000000000,0.000000000,0.058097626,-0.998310906,0.000000000,1,0.058130359,3.330624
7.073174,1785227241.149339676,car3,car1,0.000000000,1.000000000,0.000000000,0.043104898,0.999070552,0.000000000,1,0.043118258,2.470494
7.073174,1785227241.149339676,car3,car4,1.000000000,0.000000000,0.000000000,0.999944492,-0.010536263,0.000000000,1,0.010536458,0.603695
7.073174,1785227241.149339676,car4,car1,-0.707106781,0.707106781,0.000000000,-0.667588417,0.744530527,0.000000000,1,0.054433165,3.118791
7.073174,1785227241.149339676,car4,car2,0.000000000,1.000000000,0.000000000,-0.058097626,0.998310906,0.000000000,1,0.058130359,3.330624
7.073174,1785227241.149339676,car4,car3,-1.000000000,0.000000000,0.000000000,-0.999944492,0.010536263,0.000000000,1,0.010536458,0.603695
7.276062,1785227241.359366655,car1,car2,1.000000000,0.000000000,0.000000000,0.999139020,-0.041487563,0.000000000,1,0.041499474,2.377745
7.276062,1785227241.359366655,car1,car3,0.000000000,-1.000000000,0.000000000,-0.045828122,-0.998949340,0.000000000,1,0.045844178,2.626678
7.276062,1785227241.359366655,car1,car4,0.707106781,-0.707106781,0.000000000,0.666428425,-0.745569014,0.000000000,1,0.055990096,3.207996
7.276062,1785227241.359366655,car2,car1,-1.000000000,0.000000000,0.000000000,-0.999139020,0.041487563,0.000000000,1,0.041499474,2.377745
7.276062,1785227241.359366655,car2,car4,0.000000000,-1.000000000,0.000000000,0.056649450,-0.998394131,0.000000000,1,0.056679793,3.247513
7.276062,1785227241.359366655,car3,car1,0.000000000,1.000000000,0.000000000,0.045828122,0.998949340,0.000000000,1,0.045844178,2.626678
7.276062,1785227241.359366655,car3,car4,1.000000000,0.000000000,0.000000000,0.999949747,-0.010025131,0.000000000,1,0.010025299,0.574407
7.276062,1785227241.359366655,car4,car1,-0.707106781,0.707106781,0.000000000,-0.666428425,0.745569014,0.000000000,1,0.055990096,3.207996
7.276062,1785227241.359366655,car4,car2,0.000000000,1.000000000,0.000000000,-0.056649450,0.998394131,0.000000000,1,0.056679793,3.247513
7.276062,1785227241.359366655,car4,car3,-1.000000000,0.000000000,0.000000000,-0.999949747,0.010025131,0.000000000,1,0.010025299,0.574407
7.478595,1785227241.569374561,car1,car2,1.000000000,0.000000000,0.000000000,0.999157864,-0.041031251,0.000000000,1,0.041042773,2.351578
7.478595,1785227241.569374561,car1,car3,0.000000000,-1.000000000,0.000000000,-0.049594461,-0.998769438,0.000000000,1,0.049614814,2.842719
7.478595,1785227241.569374561,car1,car4,0.707106781,-0.707106781,0.000000000,0.663295335,-0.748357734,0.000000000,1,0.060184525,3.448319
7.478595,1785227241.569374561,car2,car1,-1.000000000,0.000000000,0.000000000,-0.999157864,0.041031251,0.000000000,1,0.041042773,2.351578
7.478595,1785227241.569374561,car2,car4,0.000000000,-1.000000000,0.000000000,0.057894744,-0.998322693,0.000000000,1,0.057927134,3.318980
7.478595,1785227241.569374561,car3,car1,0.000000000,1.000000000,0.000000000,0.049594461,0.998769438,0.000000000,1,0.049614814,2.842719
7.478595,1785227241.569374561,car3,car4,1.000000000,0.000000000,0.000000000,0.999967703,-0.008036980,0.000000000,1,0.008037066,0.460490
7.478595,1785227241.569374561,car4,car1,-0.707106781,0.707106781,0.000000000,-0.663295335,0.748357734,0.000000000,1,0.060184525,3.448319
7.478595,1785227241.569374561,car4,car2,0.000000000,1.000000000,0.000000000,-0.057894744,0.998322693,0.000000000,1,0.057927134,3.318980
7.478595,1785227241.569374561,car4,car3,-1.000000000,0.000000000,0.000000000,-0.999967703,0.008036980,0.000000000,1,0.008037066,0.460490
7.680670,1785227241.759349823,car1,car2,1.000000000,0.000000000,0.000000000,0.999252215,-0.038665376,0.000000000,1,0.038675017,2.215915
7.680670,1785227241.759349823,car1,car3,0.000000000,-1.000000000,0.000000000,-0.048839450,-0.998806642,0.000000000,1,0.048858887,2.799408
7.680670,1785227241.759349823,car1,car4,0.707106781,-0.707106781,0.000000000,0.663296469,-0.748356729,0.000000000,1,0.060183011,3.448233
7.680670,1785227241.759349823,car2,car1,-1.000000000,0.000000000,0.000000000,-0.999252215,0.038665376,0.000000000,1,0.038675017,2.215915
7.680670,1785227241.759349823,car2,car4,0.000000000,-1.000000000,0.000000000,0.056771209,-0.998387214,0.000000000,1,0.056801749,3.254500
7.680670,1785227241.759349823,car3,car1,0.000000000,1.000000000,0.000000000,0.048839450,0.998806642,0.000000000,1,0.048858887,2.799408
7.680670,1785227241.759349823,car3,car4,1.000000000,0.000000000,0.000000000,0.999945431,-0.010446747,0.000000000,1,0.010446937,0.598565
7.680670,1785227241.759349823,car4,car1,-0.707106781,0.707106781,0.000000000,-0.663296469,0.748356729,0.000000000,1,0.060183011,3.448233
7.680670,1785227241.759349823,car4,car2,0.000000000,1.000000000,0.000000000,-0.056771209,0.998387214,0.000000000,1,0.056801749,3.254500
7.680670,1785227241.759349823,car4,car3,-1.000000000,0.000000000,0.000000000,-0.999945431,0.010446747,0.000000000,1,0.010446937,0.598565
7.882346,1785227241.969367981,car1,car2,1.000000000,0.000000000,0.000000000,0.999331223,-0.036566467,0.000000000,1,0.036574621,2.095571
7.882346,1785227241.969367981,car1,car3,0.000000000,-1.000000000,0.000000000,-0.049941026,-0.998752168,0.000000000,1,0.049961809,2.862601
7.882346,1785227241.969367981,car1,car4,0.707106781,-0.707106781,0.000000000,0.661297188,-0.750124009,0.000000000,1,0.062851419,3.601121
7.882346,1785227241.969367981,car2,car1,-1.000000000,0.000000000,0.000000000,-0.999331223,0.036566467,0.000000000,1,0.036574621,2.095571
7.882346,1785227241.969367981,car2,car4,0.000000000,-1.000000000,0.000000000,0.057100846,-0.998368416,0.000000000,1,0.057131921,3.273418
7.882346,1785227241.969367981,car3,car1,0.000000000,1.000000000,0.000000000,0.049941026,0.998752168,0.000000000,1,0.049961809,2.862601
7.882346,1785227241.969367981,car3,car4,1.000000000,0.000000000,0.000000000,0.999927921,-0.012006385,0.000000000,1,0.012006674,0.687932
7.882346,1785227241.969367981,car4,car1,-0.707106781,0.707106781,0.000000000,-0.661297188,0.750124009,0.000000000,1,0.062851419,3.601121
7.882346,1785227241.969367981,car4,car2,0.000000000,1.000000000,0.000000000,-0.057100846,0.998368416,0.000000000,1,0.057131921,3.273418
7.882346,1785227241.969367981,car4,car3,-1.000000000,0.000000000,0.000000000,-0.999927921,0.012006385,0.000000000,1,0.012006674,0.687932
8.084077,1785227242.169374943,car1,car2,1.000000000,0.000000000,0.000000000,0.999348934,-0.036079203,0.000000000,1,0.036087035,2.067635
8.084077,1785227242.169374943,car1,car3,0.000000000,-1.000000000,0.000000000,-0.052007060,-0.998646717,0.000000000,1,0.052030533,2.981130
8.084077,1785227242.169374943,car1,car4,0.707106781,-0.707106781,0.000000000,0.659510005,-0.751695785,0.000000000,1,0.065231442,3.737486
8.084077,1785227242.169374943,car2,car1,-1.000000000,0.000000000,0.000000000,-0.999348934,0.036079203,0.000000000,1,0.036087035,2.067635
8.084077,1785227242.169374943,car2,car4,0.000000000,-1.000000000,0.000000000,0.058871472,-0.998265571,0.000000000,1,0.058905531,3.375038
8.084077,1785227242.169374943,car3,car1,0.000000000,1.000000000,0.000000000,0.052007060,0.998646717,0.000000000,1,0.052030533,2.981130
8.084077,1785227242.169374943,car3,car4,1.000000000,0.000000000,0.000000000,0.999942329,-0.010739594,0.000000000,1,0.010739800,0.615345
8.084077,1785227242.169374943,car4,car1,-0.707106781,0.707106781,0.000000000,-0.659510005,0.751695785,0.000000000,1,0.065231442,3.737486
8.084077,1785227242.169374943,car4,car2,0.000000000,1.000000000,0.000000000,-0.058871472,0.998265571,0.000000000,1,0.058905531,3.375038
8.084077,1785227242.169374943,car4,car3,-1.000000000,0.000000000,0.000000000,-0.999942329,0.010739594,0.000000000,1,0.010739800,0.615345
8.285879,1785227242.369416475,car1,car2,1.000000000,0.000000000,0.000000000,0.999480761,-0.032221243,0.000000000,1,0.032226821,1.846461
8.285879,1785227242.369416475,car1,car3,0.000000000,-1.000000000,0.000000000,-0.047157658,-0.998887459,0.000000000,1,0.047175154,2.702937
8.285879,1785227242.369416475,car1,car4,0.707106781,-0.707106781,0.000000000,0.661962493,-0.749536963,0.000000000,1,0.061964147,3.550284
8.285879,1785227242.369416475,car2,car1,-1.000000000,0.000000000,0.000000000,-0.999480761,0.032221243,0.000000000,1,0.032226821,1.846461
8.285879,1785227242.369416475,car2,car4,0.000000000,-1.000000000,0.000000000,0.059562840,-0.998224558,0.000000000,1,0.059598115,3.414720
8.285879,1785227242.369416475,car3,car1,0.000000000,1.000000000,0.000000000,0.047157658,0.998887459,0.000000000,1,0.047175154,2.702937
8.285879,1785227242.369416475,car3,car4,1.000000000,0.000000000,0.000000000,0.999955017,-0.009484942,0.000000000,1,0.009485084,0.543455
8.285879,1785227242.369416475,car4,car1,-0.707106781,0.707106781,0.000000000,-0.661962493,0.749536963,0.000000000,1,0.061964147,3.550284
8.285879,1785227242.369416475,car4,car2,0.000000000,1.000000000,0.000000000,-0.059562840,0.998224558,0.000000000,1,0.059598115,3.414720
8.285879,1785227242.369416475,car4,car3,-1.000000000,0.000000000,0.000000000,-0.999955017,0.009484942,0.000000000,1,0.009485084,0.543455
8.488646,1785227242.579927206,car1,car2,1.000000000,0.000000000,0.000000000,0.999491968,-0.031871723,0.000000000,1,0.031877122,1.826425
8.488646,1785227242.579927206,car1,car3,0.000000000,-1.000000000,0.000000000,-0.044727083,-0.998999243,0.000000000,1,0.044742009,2.563528
8.488646,1785227242.579927206,car1,car4,0.707106781,-0.707106781,0.000000000,0.665164355,-0.746696981,0.000000000,1,0.057684258,3.305065
8.488646,1785227242.579927206,car2,car1,-1.000000000,0.000000000,0.000000000,-0.999491968,0.031871723,0.000000000,1,0.031877122,1.826425
8.488646,1785227242.579927206,car2,car4,0.000000000,-1.000000000,0.000000000,0.064899959,-0.997891775,0.000000000,1,0.064945606,3.721109
8.488646,1785227242.579927206,car3,car1,0.000000000,1.000000000,0.000000000,0.044727083,0.998999243,0.000000000,1,0.044742009,2.563528
8.488646,1785227242.579927206,car3,car4,1.000000000,0.000000000,0.000000000,0.999986421,-0.005211390,0.000000000,1,0.005211414,0.298592
8.488646,1785227242.579927206,car4,car1,-0.707106781,0.707106781,0.000000000,-0.665164355,0.746696981,0.000000000,1,0.057684258,3.305065
8.488646,1785227242.579927206,car4,car2,0.000000000,1.000000000,0.000000000,-0.064899959,0.997891775,0.000000000,1,0.064945606,3.721109
8.488646,1785227242.579927206,car4,car3,-1.000000000,0.000000000,0.000000000,-0.999986421,0.005211390,0.000000000,1,0.005211414,0.298592
8.694852,1785227242.779447794,car1,car2,1.000000000,0.000000000,0.000000000,0.999438550,-0.033504998,0.000000000,1,0.033511270,1.920054
8.694852,1785227242.779447794,car1,car3,0.000000000,-1.000000000,0.000000000,-0.044256122,-0.999020218,0.000000000,1,0.044270581,2.536517
8.694852,1785227242.779447794,car1,car4,0.707106781,-0.707106781,0.000000000,0.663806699,-0.747904183,0.000000000,1,0.059501004,3.409156
8.694852,1785227242.779447794,car2,car1,-1.000000000,0.000000000,0.000000000,-0.999438550,0.033504998,0.000000000,1,0.033511270,1.920054
8.694852,1785227242.779447794,car2,car4,0.000000000,-1.000000000,0.000000000,0.061364919,-0.998115398,0.000000000,1,0.061403497,3.518161
8.694852,1785227242.779447794,car3,car1,0.000000000,1.000000000,0.000000000,0.044256122,0.999020218,0.000000000,1,0.044270581,2.536517
8.694852,1785227242.779447794,car3,car4,1.000000000,0.000000000,0.000000000,0.999994077,-0.003441661,0.000000000,1,0.003441668,0.197193
8.694852,1785227242.779447794,car4,car1,-0.707106781,0.707106781,0.000000000,-0.663806699,0.747904183,0.000000000,1,0.059501004,3.409156
8.694852,1785227242.779447794,car4,car2,0.000000000,1.000000000,0.000000000,-0.061364919,0.998115398,0.000000000,1,0.061403497,3.518161
8.694852,1785227242.779447794,car4,car3,-1.000000000,0.000000000,0.000000000,-0.999994077,0.003441661,0.000000000,1,0.003441668,0.197193
8.896761,1785227242.979561567,car1,car2,1.000000000,0.000000000,0.000000000,0.999431181,-0.033724097,0.000000000,1,0.033730493,1.932615
8.896761,1785227242.979561567,car1,car3,0.000000000,-1.000000000,0.000000000,-0.040217239,-0.999190960,0.000000000,1,0.040228089,2.304900
8.896761,1785227242.979561567,car1,car4,0.707106781,-0.707106781,0.000000000,0.667566238,-0.744550413,0.000000000,1,0.054462953,3.120497
8.896761,1785227242.979561567,car2,car1,-1.000000000,0.000000000,0.000000000,-0.999431181,0.033724097,0.000000000,1,0.033730493,1.932615
8.896761,1785227242.979561567,car2,car4,0.000000000,-1.000000000,0.000000000,0.062871956,-0.998021602,0.000000000,1,0.062913451,3.604675
8.896761,1785227242.979561567,car3,car1,0.000000000,1.000000000,0.000000000,0.040217239,0.999190960,0.000000000,1,0.040228089,2.304900
8.896761,1785227242.979561567,car3,car4,1.000000000,0.000000000,0.000000000,0.999999992,0.000129204,0.000000000,1,0.000129204,0.007403
8.896761,1785227242.979561567,car4,car1,-0.707106781,0.707106781,0.000000000,-0.667566238,0.744550413,0.000000000,1,0.054462953,3.120497
8.896761,1785227242.979561567,car4,car2,0.000000000,1.000000000,0.000000000,-0.062871956,0.998021602,0.000000000,1,0.062913451,3.604675
8.896761,1785227242.979561567,car4,car3,-1.000000000,0.000000000,0.000000000,-0.999999992,-0.000129204,0.000000000,1,0.000129204,0.007403
9.098958,1785227243.189373970,car1,car2,1.000000000,0.000000000,0.000000000,0.999433517,-0.033654783,0.000000000,1,0.033661139,1.928641
9.098958,1785227243.189373970,car1,car3,0.000000000,-1.000000000,0.000000000,-0.042945934,-0.999077398,0.000000000,1,0.042959146,2.461378
9.098958,1785227243.189373970,car1,car4,0.707106781,-0.707106781,0.000000000,0.668563594,-0.743654974,0.000000000,1,0.053122606,3.043701
9.098958,1785227243.189373970,car2,car1,-1.000000000,0.000000000,0.000000000,-0.999433517,0.033654783,0.000000000,1,0.033661139,1.928641
9.098958,1785227243.189373970,car2,car4,0.000000000,-1.000000000,0.000000000,0.063501858,-0.997981720,0.000000000,1,0.063544614,3.640838
9.098958,1785227243.189373970,car3,car1,0.000000000,1.000000000,0.000000000,0.042945934,0.999077398,0.000000000,1,0.042959146,2.461378
9.098958,1785227243.189373970,car3,car4,1.000000000,0.000000000,0.000000000,0.999981756,0.006040572,0.000000000,1,0.006040609,0.346101
9.098958,1785227243.189373970,car4,car1,-0.707106781,0.707106781,0.000000000,-0.668563594,0.743654974,0.000000000,1,0.053122606,3.043701
9.098958,1785227243.189373970,car4,car2,0.000000000,1.000000000,0.000000000,-0.063501858,0.997981720,0.000000000,1,0.063544614,3.640838
9.098958,1785227243.189373970,car4,car3,-1.000000000,0.000000000,0.000000000,-0.999981756,-0.006040572,0.000000000,1,0.006040609,0.346101
9.300677,1785227243.389454365,car1,car2,1.000000000,0.000000000,0.000000000,0.999432069,-0.033697778,0.000000000,1,0.033704158,1.931106
9.300677,1785227243.389454365,car1,car3,0.000000000,-1.000000000,0.000000000,-0.036681744,-0.999326998,0.000000000,1,0.036689976,2.102181
9.300677,1785227243.389454365,car1,car4,0.707106781,-0.707106781,0.000000000,0.670807475,-0.741631534,0.000000000,1,0.050101130,2.870583
9.300677,1785227243.389454365,car2,car1,-1.000000000,0.000000000,0.000000000,-0.999432069,0.033697778,0.000000000,1,0.033704158,1.931106
9.300677,1785227243.389454365,car2,car4,0.000000000,-1.000000000,0.000000000,0.061204704,-0.998125235,0.000000000,1,0.061242981,3.508964
9.300677,1785227243.389454365,car3,car1,0.000000000,1.000000000,0.000000000,0.036681744,0.999326998,0.000000000,1,0.036689976,2.102181
9.300677,1785227243.389454365,car3,car4,1.000000000,0.000000000,0.000000000,0.999948890,0.010110300,0.000000000,1,0.010110472,0.579287
9.300677,1785227243.389454365,car4,car1,-0.707106781,0.707106781,0.000000000,-0.670807475,0.741631534,0.000000000,1,0.050101130,2.870583
9.300677,1785227243.389454365,car4,car2,0.000000000,1.000000000,0.000000000,-0.061204704,0.998125235,0.000000000,1,0.061242981,3.508964
9.300677,1785227243.389454365,car4,car3,-1.000000000,0.000000000,0.000000000,-0.999948890,-0.010110300,0.000000000,1,0.010110472,0.579287
9.502496,1785227243.589432240,car1,car2,1.000000000,0.000000000,0.000000000,0.999416347,-0.034160882,0.000000000,1,0.034167529,1.957655
9.502496,1785227243.589432240,car1,car3,0.000000000,-1.000000000,0.000000000,-0.038366534,-0.999263734,0.000000000,1,0.038375952,2.198780
9.502496,1785227243.589432240,car1,car4,0.707106781,-0.707106781,0.000000000,0.669526545,-0.742788129,0.000000000,1,0.051826961,2.969466
9.502496,1785227243.589432240,car2,car1,-1.000000000,0.000000000,0.000000000,-0.999416347,0.034160882,0.000000000,1,0.034167529,1.957655
9.502496,1785227243.589432240,car2,car4,0.000000000,-1.000000000,0.000000000,0.060772974,-0.998151615,0.000000000,1,0.060810445,3.484182
9.502496,1785227243.589432240,car3,car1,0.000000000,1.000000000,0.000000000,0.038366534,0.999263734,0.000000000,1,0.038375952,2.198780
9.502496,1785227243.589432240,car3,car4,1.000000000,0.000000000,0.000000000,0.999981964,0.006005949,0.000000000,1,0.006005986,0.344118
9.502496,1785227243.589432240,car4,car1,-0.707106781,0.707106781,0.000000000,-0.669526545,0.742788129,0.000000000,1,0.051826961,2.969466
9.502496,1785227243.589432240,car4,car2,0.000000000,1.000000000,0.000000000,-0.060772974,0.998151615,0.000000000,1,0.060810445,3.484182
9.502496,1785227243.589432240,car4,car3,-1.000000000,0.000000000,0.000000000,-0.999981964,-0.006005949,0.000000000,1,0.006005986,0.344118
9.704250,1785227243.789403915,car1,car2,1.000000000,0.000000000,0.000000000,0.999422852,-0.033970020,0.000000000,1,0.033976557,1.946713
9.704250,1785227243.789403915,car1,car3,0.000000000,-1.000000000,0.000000000,-0.035199256,-0.999380314,0.000000000,1,0.035206529,2.017185
9.704250,1785227243.789403915,car1,car4,0.707106781,-0.707106781,0.000000000,0.668269739,-0.743919052,0.000000000,1,0.053517686,3.066338
9.704250,1785227243.789403915,car2,car1,-1.000000000,0.000000000,0.000000000,-0.999422852,0.033970020,0.000000000,1,0.033976557,1.946713
9.704250,1785227243.789403915,car2,car4,0.000000000,-1.000000000,0.000000000,0.060621306,-0.998160837,0.000000000,1,0.060658497,3.475476
9.704250,1785227243.789403915,car3,car1,0.000000000,1.000000000,0.000000000,0.035199256,0.999380314,0.000000000,1,0.035206529,2.017185
9.704250,1785227243.789403915,car3,car4,1.000000000,0.000000000,0.000000000,0.999994420,0.003340633,0.000000000,1,0.003340640,0.191405
9.704250,1785227243.789403915,car4,car1,-0.707106781,0.707106781,0.000000000,-0.668269739,0.743919052,0.000000000,1,0.053517686,3.066338
9.704250,1785227243.789403915,car4,car2,0.000000000,1.000000000,0.000000000,-0.060621306,0.998160837,0.000000000,1,0.060658497,3.475476
9.704250,1785227243.789403915,car4,car3,-1.000000000,0.000000000,0.000000000,-0.999994420,-0.003340633,0.000000000,1,0.003340640,0.191405
9.906126,1785227243.989494324,car1,car2,1.000000000,0.000000000,0.000000000,0.999448440,-0.033208663,0.000000000,1,0.033214770,1.903066
9.906126,1785227243.989494324,car1,car3,0.000000000,-1.000000000,0.000000000,-0.027210110,-0.999629736,0.000000000,1,0.027213468,1.559217
9.906126,1785227243.989494324,car1,car4,0.707106781,-0.707106781,0.000000000,0.668909784,-0.743343596,0.000000000,1,0.052656984,3.017023
9.906126,1785227243.989494324,car2,car1,-1.000000000,0.000000000,0.000000000,-0.999448440,0.033208663,0.000000000,1,0.033214770,1.903066
9.906126,1785227243.989494324,car2,car4,0.000000000,-1.000000000,0.000000000,0.059834932,-0.998208285,0.000000000,1,0.059870693,3.430338
9.906126,1785227243.989494324,car3,car1,0.000000000,1.000000000,0.000000000,0.027210110,0.999629736,0.000000000,1,0.027213468,1.559217
9.906126,1785227243.989494324,car3,car4,1.000000000,0.000000000,0.000000000,0.999999426,-0.001071277,0.000000000,1,0.001071277,0.061380
9.906126,1785227243.989494324,car4,car1,-0.707106781,0.707106781,0.000000000,-0.668909784,0.743343596,0.000000000,1,0.052656984,3.017023
9.906126,1785227243.989494324,car4,car2,0.000000000,1.000000000,0.000000000,-0.059834932,0.998208285,0.000000000,1,0.059870693,3.430338
9.906126,1785227243.989494324,car4,car3,-1.000000000,0.000000000,0.000000000,-0.999999426,0.001071277,0.000000000,1,0.001071277,0.061380
10.108726,1785227244.199382782,car1,car2,1.000000000,0.000000000,0.000000000,0.999415208,-0.034194183,0.000000000,1,0.034200850,1.959564
10.108726,1785227244.199382782,car1,car3,0.000000000,-1.000000000,0.000000000,-0.027784067,-0.999613948,0.000000000,1,0.027787643,1.592115
10.108726,1785227244.199382782,car1,car4,0.707106781,-0.707106781,0.000000000,0.669657498,-0.742670072,0.000000000,1,0.051650649,2.959364
10.108726,1785227244.199382782,car2,car1,-1.000000000,0.000000000,0.000000000,-0.999415208,0.034194183,0.000000000,1,0.034200850,1.959564
10.108726,1785227244.199382782,car2,car4,0.000000000,-1.000000000,0.000000000,0.060454814,-0.998170935,0.000000000,1,0.060491700,3.465919
10.108726,1785227244.199382782,car3,car1,0.000000000,1.000000000,0.000000000,0.027784067,0.999613948,0.000000000,1,0.027787643,1.592115
10.108726,1785227244.199382782,car3,car4,1.000000000,0.000000000,0.000000000,0.999998843,-0.001521032,0.000000000,1,0.001521032,0.087149
10.108726,1785227244.199382782,car4,car1,-0.707106781,0.707106781,0.000000000,-0.669657498,0.742670072,0.000000000,1,0.051650649,2.959364
10.108726,1785227244.199382782,car4,car2,0.000000000,1.000000000,0.000000000,-0.060454814,0.998170935,0.000000000,1,0.060491700,3.465919
10.108726,1785227244.199382782,car4,car3,-1.000000000,0.000000000,0.000000000,-0.999998843,0.001521032,0.000000000,1,0.001521032,0.087149
10.310888,1785227244.399320126,car1,car2,1.000000000,0.000000000,0.000000000,0.999388938,-0.034953562,0.000000000,1,0.034960684,2.003100
10.310888,1785227244.399320126,car1,car3,0.000000000,-1.000000000,0.000000000,-0.025227553,-0.999681735,0.000000000,1,0.025230230,1.445586
10.310888,1785227244.399320126,car1,car4,0.707106781,-0.707106781,0.000000000,0.670915485,-0.741533824,0.000000000,1,0.049955482,2.862238
10.310888,1785227244.399320126,car2,car1,-1.000000000,0.000000000,0.000000000,-0.999388938,0.034953562,0.000000000,1,0.034960684,2.003100
10.310888,1785227244.399320126,car2,car4,0.000000000,-1.000000000,0.000000000,0.062360245,-0.998053706,0.000000000,1,0.062400734,3.575299
10.310888,1785227244.399320126,car3,car1,0.000000000,1.000000000,0.000000000,0.025227553,0.999681735,0.000000000,1,0.025230230,1.445586
10.310888,1785227244.399320126,car3,car4,1.000000000,0.000000000,0.000000000,0.999998467,0.001751117,0.000000000,1,0.001751118,0.100332
10.310888,1785227244.399320126,car4,car1,-0.707106781,0.707106781,0.000000000,-0.670915485,0.741533824,0.000000000,1,0.049955482,2.862238
10.310888,1785227244.399320126,car4,car2,0.000000000,1.000000000,0.000000000,-0.062360245,0.998053706,0.000000000,1,0.062400734,3.575299
10.310888,1785227244.399320126,car4,car3,-1.000000000,0.000000000,0.000000000,-0.999998467,-0.001751117,0.000000000,1,0.001751118,0.100332
10.512557,1785227244.599345922,car1,car2,1.000000000,0.000000000,0.000000000,0.999391345,-0.034884670,0.000000000,1,0.034891749,1.999150
10.512557,1785227244.599345922,car1,car3,0.000000000,-1.000000000,0.000000000,-0.020095252,-0.999798070,0.000000000,1,0.020096605,1.151451
10.512557,1785227244.599345922,car1,car4,0.707106781,-0.707106781,0.000000000,0.670735713,-0.741696437,0.000000000,1,0.050197888,2.876127
10.512557,1785227244.599345922,car2,car1,-1.000000000,0.000000000,0.000000000,-0.999391345,0.034884670,0.000000000,1,0.034891749,1.999150
10.512557,1785227244.599345922,car2,car4,0.000000000,-1.000000000,0.000000000,0.061315044,-0.998118463,0.000000000,1,0.061353528,3.515298
10.512557,1785227244.599345922,car3,car1,0.000000000,1.000000000,0.000000000,0.020095252,0.999798070,0.000000000,1,0.020096605,1.151451
10.512557,1785227244.599345922,car3,car4,1.000000000,0.000000000,0.000000000,0.999999680,0.000800446,0.000000000,1,0.000800446,0.045862
10.512557,1785227244.599345922,car4,car1,-0.707106781,0.707106781,0.000000000,-0.670735713,0.741696437,0.000000000,1,0.050197888,2.876127
10.512557,1785227244.599345922,car4,car2,0.000000000,1.000000000,0.000000000,-0.061315044,0.998118463,0.000000000,1,0.061353528,3.515298
10.512557,1785227244.599345922,car4,car3,-1.000000000,0.000000000,0.000000000,-0.999999680,-0.000800446,0.000000000,1,0.000800446,0.045862
10.714570,1785227244.799378395,car1,car2,1.000000000,0.000000000,0.000000000,0.999383098,-0.035120125,0.000000000,1,0.035127349,2.012649
10.714570,1785227244.799378395,car1,car3,0.000000000,-1.000000000,0.000000000,-0.018188463,-0.999834576,0.000000000,1,0.018189466,1.042180
10.714570,1785227244.799378395,car1,car4,0.707106781,-0.707106781,0.000000000,0.672477442,-0.740117619,0.000000000,1,0.047847082,2.741436
10.714570,1785227244.799378395,car2,car1,-1.000000000,0.000000000,0.000000000,-0.999383098,0.035120125,0.000000000,1,0.035127349,2.012649
10.714570,1785227244.799378395,car2,car4,0.000000000,-1.000000000,0.000000000,0.063123194,-0.998005743,0.000000000,1,0.063165189,3.619099
10.714570,1785227244.799378395,car3,car1,0.000000000,1.000000000,0.000000000,0.018188463,0.999834576,0.000000000,1,0.018189466,1.042180
10.714570,1785227244.799378395,car3,car4,1.000000000,0.000000000,0.000000000,0.999999985,-0.000173218,0.000000000,1,0.000173218,0.009925
10.714570,1785227244.799378395,car4,car1,-0.707106781,0.707106781,0.000000000,-0.672477442,0.740117619,0.000000000,1,0.047847082,2.741436
10.714570,1785227244.799378395,car4,car2,0.000000000,1.000000000,0.000000000,-0.063123194,0.998005743,0.000000000,1,0.063165189,3.619099
10.714570,1785227244.799378395,car4,car3,-1.000000000,0.000000000,0.000000000,-0.999999985,0.000173218,0.000000000,1,0.000173218,0.009925
10.916281,1785227244.999490261,car1,car2,1.000000000,0.000000000,0.000000000,0.999384745,-0.035073229,0.000000000,1,0.035080424,2.009960
10.916281,1785227244.999490261,car1,car3,0.000000000,-1.000000000,0.000000000,-0.016368905,-0.999866020,0.000000000,1,0.016369636,0.937911
10.916281,1785227244.999490261,car1,car4,0.707106781,-0.707106781,0.000000000,0.673794718,-0.738918587,0.000000000,1,0.046065821,2.639377
10.916281,1785227244.999490261,car2,car1,-1.000000000,0.000000000,0.000000000,-0.999384745,0.035073229,0.000000000,1,0.035080424,2.009960
10.916281,1785227244.999490261,car2,car4,0.000000000,-1.000000000,0.000000000,0.064362849,-0.997926562,0.000000000,1,0.064407370,3.690270
10.916281,1785227244.999490261,car3,car1,0.000000000,1.000000000,0.000000000,0.016368905,0.999866020,0.000000000,1,0.016369636,0.937911
10.916281,1785227244.999490261,car3,car4,1.000000000,0.000000000,0.000000000,0.999997633,0.002175550,0.000000000,1,0.002175552,0.124650
10.916281,1785227244.999490261,car4,car1,-0.707106781,0.707106781,0.000000000,-0.673794718,0.738918587,0.000000000,1,0.046065821,2.639377
10.916281,1785227244.999490261,car4,car2,0.000000000,1.000000000,0.000000000,-0.064362849,0.997926562,0.000000000,1,0.064407370,3.690270
10.916281,1785227244.999490261,car4,car3,-1.000000000,0.000000000,0.000000000,-0.999997633,-0.002175550,0.000000000,1,0.002175552,0.124650
11.119053,1785227245.209450722,car1,car2,1.000000000,0.000000000,0.000000000,0.999375419,-0.035337980,0.000000000,1,0.035345339,2.025139
11.119053,1785227245.209450722,car1,car3,0.000000000,-1.000000000,0.000000000,-0.013302976,-0.999911511,0.000000000,1,0.013303369,0.762227
11.119053,1785227245.209450722,car1,car4,0.707106781,-0.707106781,0.000000000,0.675040840,-0.737780364,0.000000000,1,0.044378108,2.542678
11.119053,1785227245.209450722,car2,car1,-1.000000000,0.000000000,0.000000000,-0.999375419,0.035337980,0.000000000,1,0.035345339,2.025139
11.119053,1785227245.209450722,car2,car4,0.000000000,-1.000000000,0.000000000,0.066432850,-0.997790898,0.000000000,1,0.066481813,3.809127
11.119053,1785227245.209450722,car3,car1,0.000000000,1.000000000,0.000000000,0.013302976,0.999911511,0.000000000,1,0.013303369,0.762227
11.119053,1785227245.209450722,car3,car4,1.000000000,0.000000000,0.000000000,0.999990794,0.004290930,0.000000000,1,0.004290943,0.245853
11.119053,1785227245.209450722,car4,car1,-0.707106781,0.707106781,0.000000000,-0.675040840,0.737780364,0.000000000,1,0.044378108,2.542678
11.119053,1785227245.209450722,car4,car2,0.000000000,1.000000000,0.000000000,-0.066432850,0.997790898,0.000000000,1,0.066481813,3.809127
11.119053,1785227245.209450722,car4,car3,-1.000000000,0.000000000,0.000000000,-0.999990794,-0.004290930,0.000000000,1,0.004290943,0.245853
11.320724,1785227245.409511089,car1,car2,1.000000000,0.000000000,0.000000000,0.999375259,-0.035342504,0.000000000,1,0.035349866,2.025398
11.320724,1785227245.409511089,car1,car3,0.000000000,-1.000000000,0.000000000,-0.009824240,-0.999951741,0.000000000,1,0.009824398,0.562897
11.320724,1785227245.409511089,car1,car4,0.707106781,-0.707106781,0.000000000,0.674224863,-0.738526123,0.000000000,1,0.045483537,2.606015
11.320724,1785227245.409511089,car2,car1,-1.000000000,0.000000000,0.000000000,-0.999375259,0.035342504,0.000000000,1,0.035349866,2.025398
11.320724,1785227245.409511089,car2,car4,0.000000000,-1.000000000,0.000000000,0.064613077,-0.997910392,0.000000000,1,0.064658120,3.704637
11.320724,1785227245.409511089,car3,car1,0.000000000,1.000000000,0.000000000,0.009824240,0.999951741,0.000000000,1,0.009824398,0.562897
11.320724,1785227245.409511089,car3,car4,1.000000000,0.000000000,0.000000000,0.999996462,0.002660059,0.000000000,1,0.002660062,0.152410
11.320724,1785227245.409511089,car4,car1,-0.707106781,0.707106781,0.000000000,-0.674224863,0.738526123,0.000000000,1,0.045483537,2.606015
11.320724,1785227245.409511089,car4,car2,0.000000000,1.000000000,0.000000000,-0.064613077,0.997910392,0.000000000,1,0.064658120,3.704637
11.320724,1785227245.409511089,car4,car3,-1.000000000,0.000000000,0.000000000,-0.999996462,-0.002660059,0.000000000,1,0.002660062,0.152410
11.522434,1785227245.609400511,car1,car2,1.000000000,0.000000000,0.000000000,0.999358787,-0.035805225,0.000000000,1,0.035812880,2.051927
11.522434,1785227245.609400511,car1,car3,0.000000000,-1.000000000,0.000000000,-0.010337901,-0.999946562,0.000000000,1,0.010338085,0.592329
11.522434,1785227245.609400511,car1,car4,0.707106781,-0.707106781,0.000000000,0.673703092,-0.739002127,0.000000000,1,0.046189813,2.646481
11.522434,1785227245.609400511,car2,car1,-1.000000000,0.000000000,0.000000000,-0.999358787,0.035805225,0.000000000,1,0.035812880,2.051927
11.522434,1785227245.609400511,car2,car4,0.000000000,-1.000000000,0.000000000,0.065122887,-0.997877252,0.000000000,1,0.065169006,3.733909
11.522434,1785227245.609400511,car3,car1,0.000000000,1.000000000,0.000000000,0.010337901,0.999946562,0.000000000,1,0.010338085,0.592329
11.522434,1785227245.609400511,car3,car4,1.000000000,0.000000000,0.000000000,0.999991651,0.004086285,0.000000000,1,0.004086296,0.234128
11.522434,1785227245.609400511,car4,car1,-0.707106781,0.707106781,0.000000000,-0.673703092,0.739002127,0.000000000,1,0.046189813,2.646481
11.522434,1785227245.609400511,car4,car2,0.000000000,1.000000000,0.000000000,-0.065122887,0.997877252,0.000000000,1,0.065169006,3.733909
11.522434,1785227245.609400511,car4,car3,-1.000000000,0.000000000,0.000000000,-0.999991651,-0.004086285,0.000000000,1,0.004086296,0.234128
11.724198,1785227245.809358597,car1,car2,1.000000000,0.000000000,0.000000000,0.999348532,-0.036090315,0.000000000,1,0.036098154,2.068272
11.724198,1785227245.809358597,car1,car3,0.000000000,-1.000000000,0.000000000,-0.012476549,-0.999922165,0.000000000,1,0.012476873,0.714872
11.724198,1785227245.809358597,car1,car4,0.707106781,-0.707106781,0.000000000,0.672003596,-0.740547883,0.000000000,1,0.048487127,2.778108
11.724198,1785227245.809358597,car2,car1,-1.000000000,0.000000000,0.000000000,-0.999348532,0.036090315,0.000000000,1,0.036098154,2.068272
11.724198,1785227245.809358597,car2,car4,0.000000000,-1.000000000,0.000000000,0.064038453,-0.997947432,0.000000000,1,0.064082303,3.671646
11.724198,1785227245.809358597,car3,car1,0.000000000,1.000000000,0.000000000,0.012476549,0.999922165,0.000000000,1,0.012476873,0.714872
11.724198,1785227245.809358597,car3,car4,1.000000000,0.000000000,0.000000000,0.999996393,0.002685914,0.000000000,1,0.002685918,0.153892
11.724198,1785227245.809358597,car4,car1,-0.707106781,0.707106781,0.000000000,-0.672003596,0.740547883,0.000000000,1,0.048487127,2.778108
11.724198,1785227245.809358597,car4,car2,0.000000000,1.000000000,0.000000000,-0.064038453,0.997947432,0.000000000,1,0.064082303,3.671646
11.724198,1785227245.809358597,car4,car3,-1.000000000,0.000000000,0.000000000,-0.999996393,-0.002685914,0.000000000,1,0.002685918,0.153892
11.926228,1785227245.999473810,car1,car2,1.000000000,0.000000000,0.000000000,0.999308722,-0.037176312,0.000000000,1,0.037184881,2.130537
11.926228,1785227245.999473810,car1,car3,0.000000000,-1.000000000,0.000000000,-0.018175010,-0.999834821,0.000000000,1,0.018176011,1.041409
11.926228,1785227245.999473810,car1,car4,0.707106781,-0.707106781,0.000000000,0.669408263,-0.742894729,0.000000000,1,0.051986191,2.978589
11.926228,1785227245.999473810,car2,car1,-1.000000000,0.000000000,0.000000000,-0.999308722,0.037176312,0.000000000,1,0.037184881,2.130537
11.926228,1785227245.999473810,car2,car4,0.000000000,-1.000000000,0.000000000,0.063820573,-0.997961389,0.000000000,1,0.063863977,3.659136
11.926228,1785227245.999473810,car3,car1,0.000000000,1.000000000,0.000000000,0.018175010,0.999834821,0.000000000,1,0.018176011,1.041409
11.926228,1785227245.999473810,car3,car4,1.000000000,0.000000000,0.000000000,0.999984752,0.005522316,0.000000000,1,0.005522344,0.316407
11.926228,1785227245.999473810,car4,car1,-0.707106781,0.707106781,0.000000000,-0.669408263,0.742894729,0.000000000,1,0.051986191,2.978589
11.926228,1785227245.999473810,car4,car2,0.000000000,1.000000000,0.000000000,-0.063820573,0.997961389,0.000000000,1,0.063863977,3.659136
11.926228,1785227245.999473810,car4,car3,-1.000000000,0.000000000,0.000000000,-0.999984752,-0.005522316,0.000000000,1,0.005522344,0.316407
12.128489,1785227246.219556808,car1,car2,1.000000000,0.000000000,0.000000000,0.999279481,-0.037954160,0.000000000,1,0.037963278,2.175136
12.128489,1785227246.219556808,car1,car3,0.000000000,-1.000000000,0.000000000,-0.023606663,-0.999721324,0.000000000,1,0.023608857,1.352688
12.128489,1785227246.219556808,car1,car4,0.707106781,-0.707106781,0.000000000,0.666021164,-0.745932845,0.000000000,1,0.056536205,3.239286
12.128489,1785227246.219556808,car2,car1,-1.000000000,0.000000000,0.000000000,-0.999279481,0.037954160,0.000000000,1,0.037963278,2.175136
12.128489,1785227246.219556808,car2,car4,0.000000000,-1.000000000,0.000000000,0.065588526,-0.997846754,0.000000000,1,0.065635643,3.760645
12.128489,1785227246.219556808,car3,car1,0.000000000,1.000000000,0.000000000,0.023606663,0.999721324,0.000000000,1,0.023608857,1.352688
12.128489,1785227246.219556808,car3,car4,1.000000000,0.000000000,0.000000000,0.999994874,0.003201909,0.000000000,1,0.003201915,0.183456
12.128489,1785227246.219556808,car4,car1,-0.707106781,0.707106781,0.000000000,-0.666021164,0.745932845,0.000000000,1,0.056536205,3.239286
12.128489,1785227246.219556808,car4,car2,0.000000000,1.000000000,0.000000000,-0.065588526,0.997846754,0.000000000,1,0.065635643,3.760645
12.128489,1785227246.219556808,car4,car3,-1.000000000,0.000000000,0.000000000,-0.999994874,-0.003201909,0.000000000,1,0.003201915,0.183456
12.330338,1785227246.419363022,car1,car2,1.000000000,0.000000000,0.000000000,0.999213770,-0.039646452,0.000000000,1,0.039656845,2.272170
12.330338,1785227246.419363022,car1,car3,0.000000000,-1.000000000,0.000000000,-0.026767650,-0.999641682,0.000000000,1,0.026770847,1.533857
12.330338,1785227246.419363022,car1,car4,0.707106781,-0.707106781,0.000000000,0.662982752,-0.748634671,0.000000000,1,0.060602141,3.472247
12.330338,1785227246.419363022,car2,car1,-1.000000000,0.000000000,0.000000000,-0.999213770,0.039646452,0.000000000,1,0.039656845,2.272170
12.330338,1785227246.419363022,car2,car4,0.000000000,-1.000000000,0.000000000,0.064245554,-0.997934120,0.000000000,1,0.064289832,3.683536
12.330338,1785227246.419363022,car3,car1,0.000000000,1.000000000,0.000000000,0.026767650,0.999641682,0.000000000,1,0.026770847,1.533857
12.330338,1785227246.419363022,car3,car4,1.000000000,0.000000000,0.000000000,0.999992097,0.003975653,0.000000000,1,0.003975663,0.227789
12.330338,1785227246.419363022,car4,car1,-0.707106781,0.707106781,0.000000000,-0.662982752,0.748634671,0.000000000,1,0.060602141,3.472247
12.330338,1785227246.419363022,car4,car2,0.000000000,1.000000000,0.000000000,-0.064245554,0.997934120,0.000000000,1,0.064289832,3.683536
12.330338,1785227246.419363022,car4,car3,-1.000000000,0.000000000,0.000000000,-0.999992097,-0.003975653,0.000000000,1,0.003975663,0.227789
12.531827,1785227246.619333267,car1,car2,1.000000000,0.000000000,0.000000000,0.999192964,-0.040167397,0.000000000,1,0.040178206,2.302042
12.531827,1785227246.619333267,car1,car3,0.000000000,-1.000000000,0.000000000,-0.028864003,-0.999583348,0.000000000,1,0.028868012,1.654015
12.531827,1785227246.619333267,car1,car4,0.707106781,-0.707106781,0.000000000,0.662029119,-0.749478115,0.000000000,1,0.061875253,3.545191
12.531827,1785227246.619333267,car2,car1,-1.000000000,0.000000000,0.000000000,-0.999192964,0.040167397,0.000000000,1,0.040178206,2.302042
12.531827,1785227246.619333267,car2,car4,0.000000000,-1.000000000,0.000000000,0.066011590,-0.997818856,0.000000000,1,0.066059625,3.784938
12.531827,1785227246.619333267,car3,car1,0.000000000,1.000000000,0.000000000,0.028864003,0.999583348,0.000000000,1,0.028868012,1.654015
12.531827,1785227246.619333267,car3,car4,1.000000000,0.000000000,0.000000000,0.999962381,0.008673870,0.000000000,1,0.008673978,0.496982
12.531827,1785227246.619333267,car4,car1,-0.707106781,0.707106781,0.000000000,-0.662029119,0.749478115,0.000000000,1,0.061875253,3.545191
12.531827,1785227246.619333267,car4,car2,0.000000000,1.000000000,0.000000000,-0.066011590,0.997818856,0.000000000,1,0.066059625,3.784938
12.531827,1785227246.619333267,car4,car3,-1.000000000,0.000000000,0.000000000,-0.999962381,-0.008673870,0.000000000,1,0.008673978,0.496982
12.734267,1785227246.819417238,car1,car2,1.000000000,0.000000000,0.000000000,0.999183031,-0.040413733,0.000000000,1,0.040424742,2.316167
12.734267,1785227246.819417238,car1,car3,0.000000000,-1.000000000,0.000000000,-0.031840860,-0.999492951,0.000000000,1,0.031846243,1.824655
12.734267,1785227246.819417238,car1,car4,0.707106781,-0.707106781,0.000000000,0.659526413,-0.751681389,0.000000000,1,0.065209614,3.736236
12.734267,1785227246.819417238,car2,car1,-1.000000000,0.000000000,0.000000000,-0.999183031,0.040413733,0.000000000,1,0.040424742,2.316167
12.734267,1785227246.819417238,car2,car4,0.000000000,-1.000000000,0.000000000,0.066312503,-0.997798904,0.000000000,1,0.066361199,3.802217
12.734267,1785227246.819417238,car3,car1,0.000000000,1.000000000,0.000000000,0.031840860,0.999492951,0.000000000,1,0.031846243,1.824655
12.734267,1785227246.819417238,car3,car4,1.000000000,0.000000000,0.000000000,0.999964080,0.008475751,0.000000000,1,0.008475852,0.485631
12.734267,1785227246.819417238,car4,car1,-0.707106781,0.707106781,0.000000000,-0.659526413,0.751681389,0.000000000,1,0.065209614,3.736236
12.734267,1785227246.819417238,car4,car2,0.000000000,1.000000000,0.000000000,-0.066312503,0.997798904,0.000000000,1,0.066361199,3.802217
12.734267,1785227246.819417238,car4,car3,-1.000000000,0.000000000,0.000000000,-0.999964080,-0.008475751,0.000000000,1,0.008475852,0.485631
12.936044,1785227247.019393921,car1,car2,1.000000000,0.000000000,0.000000000,0.999204727,-0.039873730,0.000000000,1,0.039884304,2.285202
12.936044,1785227247.019393921,car1,car3,0.000000000,-1.000000000,0.000000000,-0.030758242,-0.999526853,0.000000000,1,0.030763094,1.762595
12.936044,1785227247.019393921,car1,car4,0.707106781,-0.707106781,0.000000000,0.657230023,-0.753690054,0.000000000,1,0.068260540,3.911041
12.936044,1785227247.019393921,car2,car1,-1.000000000,0.000000000,0.000000000,-0.999204727,0.039873730,0.000000000,1,0.039884304,2.285202
12.936044,1785227247.019393921,car2,car4,0.000000000,-1.000000000,0.000000000,0.066141501,-0.997810253,0.000000000,1,0.066189821,3.792397
12.936044,1785227247.019393921,car3,car1,0.000000000,1.000000000,0.000000000,0.030758242,0.999526853,0.000000000,1,0.030763094,1.762595
12.936044,1785227247.019393921,car3,car4,1.000000000,0.000000000,0.000000000,0.999988656,0.004763235,0.000000000,1,0.004763253,0.272914
12.936044,1785227247.019393921,car4,car1,-0.707106781,0.707106781,0.000000000,-0.657230023,0.753690054,0.000000000,1,0.068260540,3.911041
12.936044,1785227247.019393921,car4,car2,0.000000000,1.000000000,0.000000000,-0.066141501,0.997810253,0.000000000,1,0.066189821,3.792397
12.936044,1785227247.019393921,car4,car3,-1.000000000,0.000000000,0.000000000,-0.999988656,-0.004763235,0.000000000,1,0.004763253,0.272914
13.138395,1785227247.229456186,car1,car2,1.000000000,0.000000000,0.000000000,0.999294599,-0.037554030,0.000000000,1,0.037562863,2.152194
13.138395,1785227247.229456186,car1,car3,0.000000000,-1.000000000,0.000000000,-0.033792875,-0.999428858,0.000000000,1,0.033799309,1.936558
13.138395,1785227247.229456186,car1,car4,0.707106781,-0.707106781,0.000000000,0.653811103,-0.756657810,0.000000000,1,0.072787859,4.170437
13.138395,1785227247.229456186,car2,car1,-1.000000000,0.000000000,0.000000000,-0.999294599,0.037554030,0.000000000,1,0.037562863,2.152194
13.138395,1785227247.229456186,car2,car4,0.000000000,-1.000000000,0.000000000,0.066269675,-0.997801749,0.000000000,1,0.066318277,3.799757
13.138395,1785227247.229456186,car3,car1,0.000000000,1.000000000,0.000000000,0.033792875,0.999428858,0.000000000,1,0.033799309,1.936558
13.138395,1785227247.229456186,car3,car4,1.000000000,0.000000000,0.000000000,0.999993802,0.003520726,0.000000000,1,0.003520733,0.201723
13.138395,1785227247.229456186,car4,car1,-0.707106781,0.707106781,0.000000000,-0.653811103,0.756657810,0.000000000,1,0.072787859,4.170437
13.138395,1785227247.229456186,car4,car2,0.000000000,1.000000000,0.000000000,-0.066269675,0.997801749,0.000000000,1,0.066318277,3.799757
13.138395,1785227247.229456186,car4,car3,-1.000000000,0.000000000,0.000000000,-0.999993802,-0.003520726,0.000000000,1,0.003520733,0.201723
13.340977,1785227247.429542780,car1,car2,1.000000000,0.000000000,0.000000000,0.999353167,-0.035961762,0.000000000,1,0.035969517,2.060902
13.340977,1785227247.429542780,car1,car3,0.000000000,-1.000000000,0.000000000,-0.042719915,-0.999087088,0.000000000,1,0.042732920,2.448416
13.340977,1785227247.429542780,car1,car4,0.707106781,-0.707106781,0.000000000,0.649306520,-0.760526820,0.000000000,1,0.078725924,4.510663
13.340977,1785227247.429542780,car2,car1,-1.000000000,0.000000000,0.000000000,-0.999353167,0.035961762,0.000000000,1,0.035969517,2.060902
13.340977,1785227247.429542780,car2,car4,0.000000000,-1.000000000,0.000000000,0.066175891,-0.997807973,0.000000000,1,0.066224287,3.794372
13.340977,1785227247.429542780,car3,car1,0.000000000,1.000000000,0.000000000,0.042719915,0.999087088,0.000000000,1,0.042732920,2.448416
13.340977,1785227247.429542780,car3,car4,1.000000000,0.000000000,0.000000000,0.999998153,-0.001922083,0.000000000,1,0.001922084,0.110127
13.340977,1785227247.429542780,car4,car1,-0.707106781,0.707106781,0.000000000,-0.649306520,0.760526820,0.000000000,1,0.078725924,4.510663
13.340977,1785227247.429542780,car4,car2,0.000000000,1.000000000,0.000000000,-0.066175891,0.997807973,0.000000000,1,0.066224287,3.794372
13.340977,1785227247.429542780,car4,car3,-1.000000000,0.000000000,0.000000000,-0.999998153,0.001922083,0.000000000,1,0.001922084,0.110127
13.542845,1785227247.629487753,car1,car2,1.000000000,0.000000000,0.000000000,0.999549180,-0.030023944,0.000000000,1,0.030028457,1.720504
13.542845,1785227247.629487753,car1,car3,0.000000000,-1.000000000,0.000000000,-0.040246587,-0.999189778,0.000000000,1,0.040257460,2.306583
13.542845,1785227247.629487753,car1,car4,0.707106781,-0.707106781,0.000000000,0.649746731,-0.760150765,0.000000000,1,0.078146956,4.477491
13.542845,1785227247.629487753,car2,car1,-1.000000000,0.000000000,0.000000000,-0.999549180,0.030023944,0.000000000,1,0.030028457,1.720504
13.542845,1785227247.629487753,car2,car4,0.000000000,-1.000000000,0.000000000,0.066181464,-0.997807604,0.000000000,1,0.066229872,3.794692
13.542845,1785227247.629487753,car3,car1,0.000000000,1.000000000,0.000000000,0.040246587,0.999189778,0.000000000,1,0.040257460,2.306583
13.542845,1785227247.629487753,car3,car4,1.000000000,0.000000000,0.000000000,0.999996060,-0.002807189,0.000000000,1,0.002807192,0.160840
13.542845,1785227247.629487753,car4,car1,-0.707106781,0.707106781,0.000000000,-0.649746731,0.760150765,0.000000000,1,0.078146956,4.477491
13.542845,1785227247.629487753,car4,car2,0.000000000,1.000000000,0.000000000,-0.066181464,0.997807604,0.000000000,1,0.066229872,3.794692
13.542845,1785227247.629487753,car4,car3,-1.000000000,0.000000000,0.000000000,-0.999996060,0.002807189,0.000000000,1,0.002807192,0.160840
13.744744,1785227247.829479218,car1,car2,1.000000000,0.000000000,0.000000000,0.999663108,-0.025955172,0.000000000,1,0.025958087,1.487289
13.744744,1785227247.829479218,car1,car3,0.000000000,-1.000000000,0.000000000,-0.036601087,-0.999329956,0.000000000,1,0.036609264,2.097556
13.744744,1785227247.829479218,car1,car4,0.707106781,-0.707106781,0.000000000,0.649029021,-0.760763649,0.000000000,1,0.079090744,4.531566
13.744744,1785227247.829479218,car2,car1,-1.000000000,0.000000000,0.000000000,-0.999663108,0.025955172,0.000000000,1,0.025958087,1.487289
13.744744,1785227247.829479218,car2,car4,0.000000000,-1.000000000,0.000000000,0.066317259,-0.997798587,0.000000000,1,0.066365965,3.802490
13.744744,1785227247.829479218,car3,car1,0.000000000,1.000000000,0.000000000,0.036601087,0.999329956,0.000000000,1,0.036609264,2.097556
13.744744,1785227247.829479218,car3,car4,1.000000000,0.000000000,0.000000000,0.999970313,-0.007705390,0.000000000,1,0.007705466,0.441491
13.744744,1785227247.829479218,car4,car1,-0.707106781,0.707106781,0.000000000,-0.649029021,0.760763649,0.000000000,1,0.079090744,4.531566
13.744744,1785227247.829479218,car4,car2,0.000000000,1.000000000,0.000000000,-0.066317259,0.997798587,0.000000000,1,0.066365965,3.802490
13.744744,1785227247.829479218,car4,car3,-1.000000000,0.000000000,0.000000000,-0.999970313,0.007705390,0.000000000,1,0.007705466,0.441491
13.946497,1785227248.029546738,car1,car2,1.000000000,0.000000000,0.000000000,0.999740880,-0.022763411,0.000000000,1,0.022765378,1.304360
13.946497,1785227248.029546738,car1,car3,0.000000000,-1.000000000,0.000000000,-0.050523995,-0.998722847,0.000000000,1,0.050545515,2.896045
13.946497,1785227248.029546738,car1,car4,0.707106781,-0.707106781,0.000000000,0.643592694,-0.765368175,0.000000000,1,0.086215035,4.939758
13.946497,1785227248.029546738,car2,car1,-1.000000000,0.000000000,0.000000000,-0.999740880,0.022763411,0.000000000,1,0.022765378,1.304360
13.946497,1785227248.029546738,car2,car4,0.000000000,-1.000000000,0.000000000,0.066154770,-0.997809374,0.000000000,1,0.066203120,3.793159
13.946497,1785227248.029546738,car3,car1,0.000000000,1.000000000,0.000000000,0.050523995,0.998722847,0.000000000,1,0.050545515,2.896045
13.946497,1785227248.029546738,car3,car4,1.000000000,0.000000000,0.000000000,0.999928042,-0.011996283,0.000000000,1,0.011996571,0.687353
13.946497,1785227248.029546738,car4,car1,-0.707106781,0.707106781,0.000000000,-0.643592694,0.765368175,0.000000000,1,0.086215035,4.939758
13.946497,1785227248.029546738,car4,car2,0.000000000,1.000000000,0.000000000,-0.066154770,0.997809374,0.000000000,1,0.066203120,3.793159
13.946497,1785227248.029546738,car4,car3,-1.000000000,0.000000000,0.000000000,-0.999928042,0.011996283,0.000000000,1,0.011996571,0.687353
14.148758,1785227248.239602566,car1,car2,1.000000000,0.000000000,0.000000000,0.999823402,-0.018792705,0.000000000,1,0.018793811,1.076806
14.148758,1785227248.239602566,car1,car3,0.000000000,-1.000000000,0.000000000,-0.055288384,-0.998470428,0.000000000,1,0.055316590,3.169407
14.148758,1785227248.239602566,car1,car4,0.707106781,-0.707106781,0.000000000,0.642917748,-0.765935226,0.000000000,1,0.087096567,4.990266
14.148758,1785227248.239602566,car2,car1,-1.000000000,0.000000000,0.000000000,-0.999823402,0.018792705,0.000000000,1,0.018793811,1.076806
14.148758,1785227248.239602566,car2,car4,0.000000000,-1.000000000,0.000000000,0.068383225,-0.997659127,0.000000000,1,0.068436634,3.921130
14.148758,1785227248.239602566,car3,car1,0.000000000,1.000000000,0.000000000,0.055288384,0.998470428,0.000000000,1,0.055316590,3.169407
14.148758,1785227248.239602566,car3,car4,1.000000000,0.000000000,0.000000000,0.999969980,-0.007748541,0.000000000,1,0.007748618,0.443963
14.148758,1785227248.239602566,car4,car1,-0.707106781,0.707106781,0.000000000,-0.642917748,0.765935226,0.000000000,1,0.087096567,4.990266
14.148758,1785227248.239602566,car4,car2,0.000000000,1.000000000,0.000000000,-0.068383225,0.997659127,0.000000000,1,0.068436634,3.921130
14.148758,1785227248.239602566,car4,car3,-1.000000000,0.000000000,0.000000000,-0.999969980,0.007748541,0.000000000,1,0.007748618,0.443963
14.350315,1785227248.439555407,car1,car2,1.000000000,0.000000000,0.000000000,0.999900663,-0.014094812,0.000000000,1,0.014095278,0.807600
14.350315,1785227248.439555407,car1,car3,0.000000000,-1.000000000,0.000000000,-0.045647486,-0.998957610,0.000000000,1,0.045663354,2.616317
14.350315,1785227248.439555407,car1,car4,0.707106781,-0.707106781,0.000000000,0.645525590,-0.763738641,0.000000000,1,0.083686899,4.794906
14.350315,1785227248.439555407,car2,car1,-1.000000000,0.000000000,0.000000000,-0.999900663,0.014094812,0.000000000,1,0.014095278,0.807600
14.350315,1785227248.439555407,car2,car4,0.000000000,-1.000000000,0.000000000,0.069779527,-0.997562438,0.000000000,1,0.069836280,4.001324
14.350315,1785227248.439555407,car3,car1,0.000000000,1.000000000,0.000000000,0.045647486,0.998957610,0.000000000,1,0.045663354,2.616317
14.350315,1785227248.439555407,car3,car4,1.000000000,0.000000000,0.000000000,0.999965116,-0.008352647,0.000000000,1,0.008352744,0.478577
14.350315,1785227248.439555407,car4,car1,-0.707106781,0.707106781,0.000000000,-0.645525590,0.763738641,0.000000000,1,0.083686899,4.794906
14.350315,1785227248.439555407,car4,car2,0.000000000,1.000000000,0.000000000,-0.069779527,0.997562438,0.000000000,1,0.069836280,4.001324
14.350315,1785227248.439555407,car4,car3,-1.000000000,0.000000000,0.000000000,-0.999965116,0.008352647,0.000000000,1,0.008352744,0.478577
14.552149,1785227248.639674187,car1,car2,1.000000000,0.000000000,0.000000000,0.999924198,-0.012312550,0.000000000,1,0.012312861,0.705475
14.552149,1785227248.639674187,car1,car3,0.000000000,-1.000000000,0.000000000,-0.049574306,-0.998770438,0.000000000,1,0.049594634,2.841563
14.552149,1785227248.639674187,car1,car4,0.707106781,-0.707106781,0.000000000,0.643299371,-0.765614733,0.000000000,1,0.086598218,4.961712
14.552149,1785227248.639674187,car2,car1,-1.000000000,0.000000000,0.000000000,-0.999924198,0.012312550,0.000000000,1,0.012312861,0.705475
14.552149,1785227248.639674187,car2,car4,0.000000000,-1.000000000,0.000000000,0.069832669,-0.997558719,0.000000000,1,0.069889552,4.004376
14.552149,1785227248.639674187,car3,car1,0.000000000,1.000000000,0.000000000,0.049574306,0.998770438,0.000000000,1,0.049594634,2.841563
14.552149,1785227248.639674187,car3,car4,1.000000000,0.000000000,0.000000000,0.999902882,-0.013936535,0.000000000,1,0.013936986,0.798530
14.552149,1785227248.639674187,car4,car1,-0.707106781,0.707106781,0.000000000,-0.643299371,0.765614733,0.000000000,1,0.086598218,4.961712
14.552149,1785227248.639674187,car4,car2,0.000000000,1.000000000,0.000000000,-0.069832669,0.997558719,0.000000000,1,0.069889552,4.004376
14.552149,1785227248.639674187,car4,car3,-1.000000000,0.000000000,0.000000000,-0.999902882,0.013936535,0.000000000,1,0.013936986,0.798530
14.753788,1785227248.839433670,car1,car2,1.000000000,0.000000000,0.000000000,0.999978784,-0.006513998,0.000000000,1,0.006514044,0.373227
14.753788,1785227248.839433670,car1,car3,0.000000000,-1.000000000,0.000000000,-0.051642516,-0.998665635,0.000000000,1,0.051665499,2.960215
14.753788,1785227248.839433670,car1,car4,0.707106781,-0.707106781,0.000000000,0.640994528,-0.767545448,0.000000000,1,0.089604872,5.133981
14.753788,1785227248.839433670,car2,car1,-1.000000000,0.000000000,0.000000000,-0.999978784,0.006513998,0.000000000,1,0.006514044,0.373227
14.753788,1785227248.839433670,car2,car4,0.000000000,-1.000000000,0.000000000,0.069909935,-0.997553307,0.000000000,1,0.069967007,4.008814
14.753788,1785227248.839433670,car3,car1,0.000000000,1.000000000,0.000000000,0.051642516,0.998665635,0.000000000,1,0.051665499,2.960215
14.753788,1785227248.839433670,car3,car4,1.000000000,0.000000000,0.000000000,0.999864410,-0.016466993,0.000000000,1,0.016467737,0.943532
14.753788,1785227248.839433670,car4,car1,-0.707106781,0.707106781,0.000000000,-0.640994528,0.767545448,0.000000000,1,0.089604872,5.133981
14.753788,1785227248.839433670,car4,car2,0.000000000,1.000000000,0.000000000,-0.069909935,0.997553307,0.000000000,1,0.069967007,4.008814
14.753788,1785227248.839433670,car4,car3,-1.000000000,0.000000000,0.000000000,-0.999864410,0.016466993,0.000000000,1,0.016467737,0.943532
14.955694,1785227249.039366961,car1,car2,1.000000000,0.000000000,0.000000000,0.999999869,0.000511934,0.000000000,1,0.000511934,0.029332
14.955694,1785227249.039366961,car1,car3,0.000000000,-1.000000000,0.000000000,-0.048144377,-0.998840387,0.000000000,1,0.048162995,2.759536
14.955694,1785227249.039366961,car1,car4,0.707106781,-0.707106781,0.000000000,0.641489350,-0.767131940,0.000000000,1,0.088960017,5.097034
14.955694,1785227249.039366961,car2,car1,-1.000000000,0.000000000,0.000000000,-0.999999869,-0.000511934,0.000000000,1,0.000511934,0.029332
14.955694,1785227249.039366961,car2,car4,0.000000000,-1.000000000,0.000000000,0.069856990,-0.997557016,0.000000000,1,0.069913933,4.005773
14.955694,1785227249.039366961,car3,car1,0.000000000,1.000000000,0.000000000,0.048144377,0.998840387,0.000000000,1,0.048162995,2.759536
14.955694,1785227249.039366961,car3,car4,1.000000000,0.000000000,0.000000000,0.999834686,-0.018182431,0.000000000,1,0.018183433,1.041834
14.955694,1785227249.039366961,car4,car1,-0.707106781,0.707106781,0.000000000,-0.641489350,0.767131940,0.000000000,1,0.088960017,5.097034
14.955694,1785227249.039366961,car4,car2,0.000000000,1.000000000,0.000000000,-0.069856990,0.997557016,0.000000000,1,0.069913933,4.005773
14.955694,1785227249.039366961,car4,car3,-1.000000000,0.000000000,0.000000000,-0.999834686,0.018182431,0.000000000,1,0.018183433,1.041834
15.158311,1785227249.249487162,car1,car2,1.000000000,0.000000000,0.000000000,0.999987160,0.005067609,0.000000000,1,0.005067630,0.290354
15.158311,1785227249.249487162,car1,car3,0.000000000,-1.000000000,0.000000000,-0.052333682,-0.998629654,0.000000000,1,0.052357600,2.999870
15.158311,1785227249.249487162,car1,car4,0.707106781,-0.707106781,0.000000000,0.639305125,-0.768953157,0.000000000,1,0.091803901,5.259976
15.158311,1785227249.249487162,car2,car1,-1.000000000,0.000000000,0.000000000,-0.999987160,-0.005067609,0.000000000,1,0.005067630,0.290354
15.158311,1785227249.249487162,car2,car4,0.000000000,-1.000000000,0.000000000,0.069941748,-0.997551077,0.000000000,1,0.069998898,4.010641
15.158311,1785227249.249487162,car3,car1,0.000000000,1.000000000,0.000000000,0.052333682,0.998629654,0.000000000,1,0.052357600,2.999870
15.158311,1785227249.249487162,car3,car4,1.000000000,0.000000000,0.000000000,0.999802342,-0.019881596,0.000000000,1,0.019882906,1.139207
15.158311,1785227249.249487162,car4,car1,-0.707106781,0.707106781,0.000000000,-0.639305125,0.768953157,0.000000000,1,0.091803901,5.259976
15.158311,1785227249.249487162,car4,car2,0.000000000,1.000000000,0.000000000,-0.069941748,0.997551077,0.000000000,1,0.069998898,4.010641
15.158311,1785227249.249487162,car4,car3,-1.000000000,0.000000000,0.000000000,-0.999802342,0.019881596,0.000000000,1,0.019882906,1.139207
15.360058,1785227249.449440241,car1,car2,1.000000000,0.000000000,0.000000000,0.999949264,0.010073185,0.000000000,1,0.010073355,0.577161
15.360058,1785227249.449440241,car1,car3,0.000000000,-1.000000000,0.000000000,-0.058998565,-0.998258068,0.000000000,1,0.059032846,3.382333
15.360058,1785227249.449440241,car1,car4,0.707106781,-0.707106781,0.000000000,0.636343989,-0.771405423,0.000000000,1,0.095648632,5.480263
15.360058,1785227249.449440241,car2,car1,-1.000000000,0.000000000,0.000000000,-0.999949264,-0.010073185,0.000000000,1,0.010073355,0.577161
15.360058,1785227249.449440241,car2,car4,0.000000000,-1.000000000,0.000000000,0.069747675,-0.997564666,0.000000000,1,0.069804349,3.999495
15.360058,1785227249.449440241,car3,car1,0.000000000,1.000000000,0.000000000,0.058998565,0.998258068,0.000000000,1,0.059032846,3.382333
15.360058,1785227249.449440241,car3,car4,1.000000000,0.000000000,0.000000000,0.999879487,-0.015524562,0.000000000,1,0.015525185,0.889528
15.360058,1785227249.449440241,car4,car1,-0.707106781,0.707106781,0.000000000,-0.636343989,0.771405423,0.000000000,1,0.095648632,5.480263
15.360058,1785227249.449440241,car4,car2,0.000000000,1.000000000,0.000000000,-0.069747675,0.997564666,0.000000000,1,0.069804349,3.999495
15.360058,1785227249.449440241,car4,car3,-1.000000000,0.000000000,0.000000000,-0.999879487,0.015524562,0.000000000,1,0.015525185,0.889528
15.561803,1785227249.649420023,car1,car2,1.000000000,0.000000000,0.000000000,0.999919360,0.012699323,0.000000000,1,0.012699665,0.727637
15.561803,1785227249.649420023,car1,car3,0.000000000,-1.000000000,0.000000000,-0.050288406,-0.998734738,0.000000000,1,0.050309626,2.882529
15.561803,1785227249.649420023,car1,car4,0.707106781,-0.707106781,0.000000000,0.637337337,-0.770584920,0.000000000,1,0.094360235,5.406443
15.561803,1785227249.649420023,car2,car1,-1.000000000,0.000000000,0.000000000,-0.999919360,-0.012699323,0.000000000,1,0.012699665,0.727637
15.561803,1785227249.649420023,car2,car4,0.000000000,-1.000000000,0.000000000,0.069802103,-0.997560859,0.000000000,1,0.069858911,4.002621
15.561803,1785227249.649420023,car3,car1,0.000000000,1.000000000,0.000000000,0.050288406,0.998734738,0.000000000,1,0.050309626,2.882529
15.561803,1785227249.649420023,car3,car4,1.000000000,0.000000000,0.000000000,0.999867315,-0.016289628,0.000000000,1,0.016290349,0.933368
15.561803,1785227249.649420023,car4,car1,-0.707106781,0.707106781,0.000000000,-0.637337337,0.770584920,0.000000000,1,0.094360235,5.406443
15.561803,1785227249.649420023,car4,car2,0.000000000,1.000000000,0.000000000,-0.069802103,0.997560859,0.000000000,1,0.069858911,4.002621
15.561803,1785227249.649420023,car4,car3,-1.000000000,0.000000000,0.000000000,-0.999867315,0.016289628,0.000000000,1,0.016290349,0.933368
15.763285,1785227249.849390984,car1,car2,1.000000000,0.000000000,0.000000000,0.999918886,0.012736619,0.000000000,1,0.012736964,0.729774
15.763285,1785227249.849390984,car1,car3,0.000000000,-1.000000000,0.000000000,-0.042548058,-0.999094421,0.000000000,1,0.042560907,2.438560
15.763285,1785227249.849390984,car1,car4,0.707106781,-0.707106781,0.000000000,0.637245561,-0.770660817,0.000000000,1,0.094479328,5.413267
15.763285,1785227249.849390984,car2,car1,-1.000000000,0.000000000,0.000000000,-0.999918886,-0.012736619,0.000000000,1,0.012736964,0.729774
15.763285,1785227249.849390984,car2,car4,0.000000000,-1.000000000,0.000000000,0.069757203,-0.997563999,0.000000000,1,0.069813901,4.000042
15.763285,1785227249.849390984,car3,car1,0.000000000,1.000000000,0.000000000,0.042548058,0.999094421,0.000000000,1,0.042560907,2.438560
15.763285,1785227249.849390984,car3,car4,1.000000000,0.000000000,0.000000000,0.999801177,-0.019940051,0.000000000,1,0.019941372,1.142556
15.763285,1785227249.849390984,car4,car1,-0.707106781,0.707106781,0.000000000,-0.637245561,0.770660817,0.000000000,1,0.094479328,5.413267
15.763285,1785227249.849390984,car4,car2,0.000000000,1.000000000,0.000000000,-0.069757203,0.997563999,0.000000000,1,0.069813901,4.000042
15.763285,1785227249.849390984,car4,car3,-1.000000000,0.000000000,0.000000000,-0.999801177,0.019940051,0.000000000,1,0.019941372,1.142556
15.964850,1785227250.049419403,car1,car2,1.000000000,0.000000000,0.000000000,0.999918905,0.012735138,0.000000000,1,0.012735483,0.729689
15.964850,1785227250.049419403,car1,car3,0.000000000,-1.000000000,0.000000000,-0.035292324,-0.999377032,0.000000000,1,0.035299654,2.022521
15.964850,1785227250.049419403,car1,car4,0.707106781,-0.707106781,0.000000000,0.637289423,-0.770624546,0.000000000,1,0.094422413,5.410006
15.964850,1785227250.049419403,car2,car1,-1.000000000,0.000000000,0.000000000,-0.999918905,-0.012735138,0.000000000,1,0.012735483,0.729689
15.964850,1785227250.049419403,car2,car4,0.000000000,-1.000000000,0.000000000,0.069766717,-0.997563334,0.000000000,1,0.069823438,4.000588
15.964850,1785227250.049419403,car3,car1,0.000000000,1.000000000,0.000000000,0.035292324,0.999377032,0.000000000,1,0.035299654,2.022521
15.964850,1785227250.049419403,car3,car4,1.000000000,0.000000000,0.000000000,0.999728031,-0.023320886,0.000000000,1,0.023323000,1.336309
15.964850,1785227250.049419403,car4,car1,-0.707106781,0.707106781,0.000000000,-0.637289423,0.770624546,0.000000000,1,0.094422413,5.410006
15.964850,1785227250.049419403,car4,car2,0.000000000,1.000000000,0.000000000,-0.069766717,0.997563334,0.000000000,1,0.069823438,4.000588
15.964850,1785227250.049419403,car4,car3,-1.000000000,0.000000000,0.000000000,-0.999728031,0.023320886,0.000000000,1,0.023323000,1.336309
16.166682,1785227250.249371767,car1,car2,1.000000000,0.000000000,0.000000000,0.999912414,0.013234976,0.000000000,1,0.013235362,0.758330
16.166682,1785227250.249371767,car1,car3,0.000000000,-1.000000000,0.000000000,-0.030912211,-0.999522103,0.000000000,1,0.030917136,1.771421
16.166682,1785227250.249371767,car1,car4,0.707106781,-0.707106781,0.000000000,0.636056083,-0.771642832,0.000000000,1,0.096021798,5.501644
16.166682,1785227250.249371767,car2,car1,-1.000000000,0.000000000,0.000000000,-0.999912414,-0.013234976,0.000000000,1,0.013235362,0.758330
16.166682,1785227250.249371767,car2,car4,0.000000000,-1.000000000,0.000000000,0.069790822,-0.997561648,0.000000000,1,0.069847602,4.001973
16.166682,1785227250.249371767,car3,car1,0.000000000,1.000000000,0.000000000,0.030912211,0.999522103,0.000000000,1,0.030917136,1.771421
16.166682,1785227250.249371767,car3,car4,1.000000000,0.000000000,0.000000000,0.999812663,-0.019355575,0.000000000,1,0.019356784,1.109062
16.166682,1785227250.249371767,car4,car1,-0.707106781,0.707106781,0.000000000,-0.636056083,0.771642832,0.000000000,1,0.096021798,5.501644
16.166682,1785227250.249371767,car4,car2,0.000000000,1.000000000,0.000000000,-0.069790822,0.997561648,0.000000000,1,0.069847602,4.001973
16.166682,1785227250.249371767,car4,car3,-1.000000000,0.000000000,0.000000000,-0.999812663,0.019355575,0.000000000,1,0.019356784,1.109062
16.369418,1785227250.459410191,car1,car2,1.000000000,0.000000000,0.000000000,0.999909173,0.013477634,0.000000000,1,0.013478042,0.772235
16.369418,1785227250.459410191,car1,car3,0.000000000,-1.000000000,0.000000000,-0.027473973,-0.999622519,0.000000000,1,0.027477430,1.574341
16.369418,1785227250.459410191,car1,car4,0.707106781,-0.707106781,0.000000000,0.636273334,-0.771463702,0.000000000,1,0.095740221,5.485511
16.369418,1785227250.459410191,car2,car1,-1.000000000,0.000000000,0.000000000,-0.999909173,-0.013477634,0.000000000,1,0.013478042,0.772235
16.369418,1785227250.459410191,car2,car4,0.000000000,-1.000000000,0.000000000,0.069884191,-0.997555111,0.000000000,1,0.069941200,4.007336
16.369418,1785227250.459410191,car3,car1,0.000000000,1.000000000,0.000000000,0.027473973,0.999622519,0.000000000,1,0.027477430,1.574341
16.369418,1785227250.459410191,car3,car4,1.000000000,0.000000000,0.000000000,0.999750425,-0.022340254,0.000000000,1,0.022342113,1.280109
16.369418,1785227250.459410191,car4,car1,-0.707106781,0.707106781,0.000000000,-0.636273334,0.771463702,0.000000000,1,0.095740221,5.485511
16.369418,1785227250.459410191,car4,car2,0.000000000,1.000000000,0.000000000,-0.069884191,0.997555111,0.000000000,1,0.069941200,4.007336
16.369418,1785227250.459410191,car4,car3,-1.000000000,0.000000000,0.000000000,-0.999750425,0.022340254,0.000000000,1,0.022342113,1.280109
16.571180,1785227250.659511566,car1,car2,1.000000000,0.000000000,0.000000000,0.999906890,0.013645899,0.000000000,1,0.013646322,0.781877
16.571180,1785227250.659511566,car1,car3,0.000000000,-1.000000000,0.000000000,-0.027068441,-0.999633583,0.000000000,1,0.027071748,1.551097
16.571180,1785227250.659511566,car1,car4,0.707106781,-0.707106781,0.000000000,0.635094233,-0.772434667,0.000000000,1,0.097267655,5.573026
16.571180,1785227250.659511566,car2,car1,-1.000000000,0.000000000,0.000000000,-0.999906890,-0.013645899,0.000000000,1,0.013646322,0.781877
16.571180,1785227250.659511566,car2,car4,0.000000000,-1.000000000,0.000000000,0.069850568,-0.997557466,0.000000000,1,0.069907494,4.005404
16.571180,1785227250.659511566,car3,car1,0.000000000,1.000000000,0.000000000,0.027068441,0.999633583,0.000000000,1,0.027071748,1.551097
16.571180,1785227250.659511566,car3,car4,1.000000000,0.000000000,0.000000000,0.999834545,-0.018190157,0.000000000,1,0.018191160,1.042277
16.571180,1785227250.659511566,car4,car1,-0.707106781,0.707106781,0.000000000,-0.635094233,0.772434667,0.000000000,1,0.097267655,5.573026
16.571180,1785227250.659511566,car4,car2,0.000000000,1.000000000,0.000000000,-0.069850568,0.997557466,0.000000000,1,0.069907494,4.005404
16.571180,1785227250.659511566,car4,car3,-1.000000000,0.000000000,0.000000000,-0.999834545,0.018190157,0.000000000,1,0.018191160,1.042277
16.773260,1785227250.859465122,car1,car2,1.000000000,0.000000000,0.000000000,0.999849834,0.017329434,0.000000000,1,0.017330302,0.992953
16.773260,1785227250.859465122,car1,car3,0.000000000,-1.000000000,0.000000000,-0.023159612,-0.999731780,0.000000000,1,0.023161683,1.327067
16.773260,1785227250.859465122,car1,car4,0.707106781,-0.707106781,0.000000000,0.636275455,-0.771461953,0.000000000,1,0.095737472,5.485353
16.773260,1785227250.859465122,car2,car1,-1.000000000,0.000000000,0.000000000,-0.999849834,-0.017329434,0.000000000,1,0.017330302,0.992953
16.773260,1785227250.859465122,car2,car4,0.000000000,-1.000000000,0.000000000,0.069893375,-0.997554468,0.000000000,1,0.069950407,4.007863
16.773260,1785227250.859465122,car3,car1,0.000000000,1.000000000,0.000000000,0.023159612,0.999731780,0.000000000,1,0.023161683,1.327067
16.773260,1785227250.859465122,car3,car4,1.000000000,0.000000000,0.000000000,0.999919068,-0.012722289,0.000000000,1,0.012722632,0.728953
16.773260,1785227250.859465122,car4,car1,-0.707106781,0.707106781,0.000000000,-0.636275455,0.771461953,0.000000000,1,0.095737472,5.485353
16.773260,1785227250.859465122,car4,car2,0.000000000,1.000000000,0.000000000,-0.069893375,0.997554468,0.000000000,1,0.069950407,4.007863
16.773260,1785227250.859465122,car4,car3,-1.000000000,0.000000000,0.000000000,-0.999919068,0.012722289,0.000000000,1,0.012722632,0.728953
16.975014,1785227251.059496403,car1,car2,1.000000000,0.000000000,0.000000000,0.999850349,0.017299727,0.000000000,1,0.017300590,0.991251
16.975014,1785227251.059496403,car1,car3,0.000000000,-1.000000000,0.000000000,-0.026104470,-0.999659220,0.000000000,1,0.026107435,1.495846
16.975014,1785227251.059496403,car1,car4,0.707106781,-0.707106781,0.000000000,0.634245141,-0.773132008,0.000000000,1,0.098366400,5.635980
16.975014,1785227251.059496403,car2,car1,-1.000000000,0.000000000,0.000000000,-0.999850349,-0.017299727,0.000000000,1,0.017300590,0.991251
16.975014,1785227251.059496403,car2,car4,0.000000000,-1.000000000,0.000000000,0.069978670,-0.997548488,0.000000000,1,0.070035911,4.012762
16.975014,1785227251.059496403,car3,car1,0.000000000,1.000000000,0.000000000,0.026104470,0.999659220,0.000000000,1,0.026107435,1.495846
16.975014,1785227251.059496403,car3,car4,1.000000000,0.000000000,0.000000000,0.999913551,-0.013148813,0.000000000,1,0.013149192,0.753393
16.975014,1785227251.059496403,car4,car1,-0.707106781,0.707106781,0.000000000,-0.634245141,0.773132008,0.000000000,1,0.098366400,5.635980
16.975014,1785227251.059496403,car4,car2,0.000000000,1.000000000,0.000000000,-0.069978670,0.997548488,0.000000000,1,0.070035911,4.012762
16.975014,1785227251.059496403,car4,car3,-1.000000000,0.000000000,0.000000000,-0.999913551,0.013148813,0.000000000,1,0.013149192,0.753393
17.176777,1785227251.259418964,car1,car2,1.000000000,0.000000000,0.000000000,0.999748925,0.022407311,0.000000000,1,0.022409187,1.283952
17.176777,1785227251.259418964,car1,car3,0.000000000,-1.000000000,0.000000000,-0.027919542,-0.999610174,0.000000000,1,0.027923171,1.599880
17.176777,1785227251.259418964,car1,car4,0.707106781,-0.707106781,0.000000000,0.633346277,-0.773868524,0.000000000,1,0.099528472,5.702561
17.176777,1785227251.259418964,car2,car1,-1.000000000,0.000000000,0.000000000,-0.999748925,-0.022407311,0.000000000,1,0.022409187,1.283952
17.176777,1785227251.259418964,car2,car4,0.000000000,-1.000000000,0.000000000,0.069709210,-0.997567354,0.000000000,1,0.069765791,3.997285
17.176777,1785227251.259418964,car3,car1,0.000000000,1.000000000,0.000000000,0.027919542,0.999610174,0.000000000,1,0.027923171,1.599880
17.176777,1785227251.259418964,car3,car4,1.000000000,0.000000000,0.000000000,0.999960547,-0.008882794,0.000000000,1,0.008882911,0.508953
17.176777,1785227251.259418964,car4,car1,-0.707106781,0.707106781,0.000000000,-0.633346277,0.773868524,0.000000000,1,0.099528472,5.702561
17.176777,1785227251.259418964,car4,car2,0.000000000,1.000000000,0.000000000,-0.069709210,0.997567354,0.000000000,1,0.069765791,3.997285
17.176777,1785227251.259418964,car4,car3,-1.000000000,0.000000000,0.000000000,-0.999960547,0.008882794,0.000000000,1,0.008882911,0.508953
17.379003,1785227251.469453812,car1,car2,1.000000000,0.000000000,0.000000000,0.999624101,0.027416372,0.000000000,1,0.027419808,1.571039
17.379003,1785227251.469453812,car1,car3,0.000000000,-1.000000000,0.000000000,-0.024610007,-0.999697128,0.000000000,1,0.024612492,1.410192
17.379003,1785227251.469453812,car1,car4,0.707106781,-0.707106781,0.000000000,0.634301087,-0.773086109,0.000000000,1,0.098294035,5.631833
17.379003,1785227251.469453812,car2,car1,-1.000000000,0.000000000,0.000000000,-0.999624101,-0.027416372,0.000000000,1,0.027419808,1.571039
17.379003,1785227251.469453812,car2,car4,0.000000000,-1.000000000,0.000000000,0.069868643,-0.997556200,0.000000000,1,0.069925614,4.006443
17.379003,1785227251.469453812,car3,car1,0.000000000,1.000000000,0.000000000,0.024610007,0.999697128,0.000000000,1,0.024612492,1.410192
17.379003,1785227251.469453812,car3,car4,1.000000000,0.000000000,0.000000000,0.999980324,-0.006273108,0.000000000,1,0.006273149,0.359425
17.379003,1785227251.469453812,car4,car1,-0.707106781,0.707106781,0.000000000,-0.634301087,0.773086109,0.000000000,1,0.098294035,5.631833
17.379003,1785227251.469453812,car4,car2,0.000000000,1.000000000,0.000000000,-0.069868643,0.997556200,0.000000000,1,0.069925614,4.006443
17.379003,1785227251.469453812,car4,car3,-1.000000000,0.000000000,0.000000000,-0.999980324,0.006273108,0.000000000,1,0.006273149,0.359425
17.580846,1785227251.669606686,car1,car2,1.000000000,0.000000000,0.000000000,0.999571522,0.029270666,0.000000000,1,0.029274847,1.677325
17.580846,1785227251.669606686,car1,car3,0.000000000,-1.000000000,0.000000000,-0.028226021,-0.999601567,0.000000000,1,0.028229770,1.617447
17.580846,1785227251.669606686,car1,car4,0.707106781,-0.707106781,0.000000000,0.631612329,-0.775284377,0.000000000,1,0.101767047,5.830822
17.580846,1785227251.669606686,car2,car1,-1.000000000,0.000000000,0.000000000,-0.999571522,-0.029270666,0.000000000,1,0.029274847,1.677325
17.580846,1785227251.669606686,car2,car4,0.000000000,-1.000000000,0.000000000,0.069798730,-0.997561095,0.000000000,1,0.069855530,4.002427
17.580846,1785227251.669606686,car3,car1,0.000000000,1.000000000,0.000000000,0.028226021,0.999601567,0.000000000,1,0.028229770,1.617447
17.580846,1785227251.669606686,car3,car4,1.000000000,0.000000000,0.000000000,0.999965078,-0.008357237,0.000000000,1,0.008357334,0.478840
17.580846,1785227251.669606686,car4,car1,-0.707106781,0.707106781,0.000000000,-0.631612329,0.775284377,0.000000000,1,0.101767047,5.830822
17.580846,1785227251.669606686,car4,car2,0.000000000,1.000000000,0.000000000,-0.069798730,0.997561095,0.000000000,1,0.069855530,4.002427
17.580846,1785227251.669606686,car4,car3,-1.000000000,0.000000000,0.000000000,-0.999965078,0.008357237,0.000000000,1,0.008357334,0.478840
17.782510,1785227251.869480371,car1,car2,1.000000000,0.000000000,0.000000000,0.999486772,0.032034236,0.000000000,1,0.032039718,1.835741
17.782510,1785227251.869480371,car1,car3,0.000000000,-1.000000000,0.000000000,-0.028999472,-0.999579427,0.000000000,1,0.029003539,1.661780
17.782510,1785227251.869480371,car1,car4,0.707106781,-0.707106781,0.000000000,0.631073780,-0.775722814,0.000000000,1,0.102461499,5.870611
17.782510,1785227251.869480371,car2,car1,-1.000000000,0.000000000,0.000000000,-0.999486772,-0.032034236,0.000000000,1,0.032039718,1.835741
17.782510,1785227251.869480371,car2,car4,0.000000000,-1.000000000,0.000000000,0.069850773,-0.997557452,0.000000000,1,0.069907700,4.005416
17.782510,1785227251.869480371,car3,car1,0.000000000,1.000000000,0.000000000,0.028999472,0.999579427,0.000000000,1,0.029003539,1.661780
17.782510,1785227251.869480371,car3,car4,1.000000000,0.000000000,0.000000000,0.999966537,-0.008180749,0.000000000,1,0.008180840,0.468728
17.782510,1785227251.869480371,car4,car1,-0.707106781,0.707106781,0.000000000,-0.631073780,0.775722814,0.000000000,1,0.102461499,5.870611
17.782510,1785227251.869480371,car4,car2,0.000000000,1.000000000,0.000000000,-0.069850773,0.997557452,0.000000000,1,0.069907700,4.005416
17.782510,1785227251.869480371,car4,car3,-1.000000000,0.000000000,0.000000000,-0.999966537,0.008180749,0.000000000,1,0.008180840,0.468728
17.984491,1785227252.069588423,car1,car2,1.000000000,0.000000000,0.000000000,0.999353535,0.035951518,0.000000000,1,0.035959267,2.060314
17.984491,1785227252.069588423,car1,car3,0.000000000,-1.000000000,0.000000000,-0.025358734,-0.999678416,0.000000000,1,0.025361453,1.453104
17.984491,1785227252.069588423,car1,car4,0.707106781,-0.707106781,0.000000000,0.631822754,-0.775112900,0.000000000,1,0.101495601,5.815270
17.984491,1785227252.069588423,car2,car1,-1.000000000,0.000000000,0.000000000,-0.999353535,-0.035951518,0.000000000,1,0.035959267,2.060314
17.984491,1785227252.069588423,car2,car4,0.000000000,-1.000000000,0.000000000,0.069709610,-0.997567326,0.000000000,1,0.069766192,3.997308
17.984491,1785227252.069588423,car3,car1,0.000000000,1.000000000,0.000000000,0.025358734,0.999678416,0.000000000,1,0.025361453,1.453104
17.984491,1785227252.069588423,car3,car4,1.000000000,0.000000000,0.000000000,0.999994193,-0.003408063,0.000000000,1,0.003408069,0.195268
17.984491,1785227252.069588423,car4,car1,-0.707106781,0.707106781,0.000000000,-0.631822754,0.775112900,0.000000000,1,0.101495601,5.815270
17.984491,1785227252.069588423,car4,car2,0.000000000,1.000000000,0.000000000,-0.069709610,0.997567326,0.000000000,1,0.069766192,3.997308
17.984491,1785227252.069588423,car4,car3,-1.000000000,0.000000000,0.000000000,-0.999994193,0.003408063,0.000000000,1,0.003408069,0.195268
18.187258,1785227252.269418001,car1,car2,1.000000000,0.000000000,0.000000000,0.999270879,0.038179983,0.000000000,1,0.038189265,2.188084
18.187258,1785227252.269418001,car1,car3,0.000000000,-1.000000000,0.000000000,-0.029824379,-0.999555154,0.000000000,1,0.029828802,1.709064
18.187258,1785227252.269418001,car1,car4,0.707106781,-0.707106781,0.000000000,0.629352053,-0.777120321,0.000000000,1,0.104679013,5.997666
18.187258,1785227252.269418001,car2,car1,-1.000000000,0.000000000,0.000000000,-0.999270879,-0.038179983,0.000000000,1,0.038189265,2.188084
18.187258,1785227252.269418001,car2,car4,0.000000000,-1.000000000,0.000000000,0.069835648,-0.997558511,0.000000000,1,0.069892538,4.004547
18.187258,1785227252.269418001,car3,car1,0.000000000,1.000000000,0.000000000,0.029824379,0.999555154,0.000000000,1,0.029828802,1.709064
18.187258,1785227252.269418001,car3,car4,1.000000000,0.000000000,0.000000000,0.999981841,-0.006026400,0.000000000,1,0.006026436,0.345289
18.187258,1785227252.269418001,car4,car1,-0.707106781,0.707106781,0.000000000,-0.629352053,0.777120321,0.000000000,1,0.104679013,5.997666
18.187258,1785227252.269418001,car4,car2,0.000000000,1.000000000,0.000000000,-0.069835648,0.997558511,0.000000000,1,0.069892538,4.004547
18.187258,1785227252.269418001,car4,car3,-1.000000000,0.000000000,0.000000000,-0.999981841,0.006026400,0.000000000,1,0.006026436,0.345289
18.389508,1785227252.479506493,car1,car2,1.000000000,0.000000000,0.000000000,0.999057792,0.043399640,0.000000000,1,0.043413276,2.487397
18.389508,1785227252.479506493,car1,car3,0.000000000,-1.000000000,0.000000000,-0.036839334,-0.999321201,0.000000000,1,0.036847671,2.111216
18.389508,1785227252.479506493,car1,car4,0.707106781,-0.707106781,0.000000000,0.625777071,-0.780001960,0.000000000,1,0.109270785,6.260755
18.389508,1785227252.479506493,car2,car1,-1.000000000,0.000000000,0.000000000,-0.999057792,-0.043399640,0.000000000,1,0.043413276,2.487397
18.389508,1785227252.479506493,car2,car4,0.000000000,-1.000000000,0.000000000,0.069793009,-0.997561495,0.000000000,1,0.069849794,4.002098
18.389508,1785227252.479506493,car3,car1,0.000000000,1.000000000,0.000000000,0.036839334,0.999321201,0.000000000,1,0.036847671,2.111216
18.389508,1785227252.479506493,car3,car4,1.000000000,0.000000000,0.000000000,0.999988675,-0.004759137,0.000000000,1,0.004759155,0.272680
18.389508,1785227252.479506493,car4,car1,-0.707106781,0.707106781,0.000000000,-0.625777071,0.780001960,0.000000000,1,0.109270785,6.260755
18.389508,1785227252.479506493,car4,car2,0.000000000,1.000000000,0.000000000,-0.069793009,0.997561495,0.000000000,1,0.069849794,4.002098
18.389508,1785227252.479506493,car4,car3,-1.000000000,0.000000000,0.000000000,-0.999988675,0.004759137,0.000000000,1,0.004759155,0.272680
18.591257,1785227252.679501534,car1,car2,1.000000000,0.000000000,0.000000000,0.998792839,0.049120912,0.000000000,1,0.049140687,2.815554
18.591257,1785227252.679501534,car1,car3,0.000000000,-1.000000000,0.000000000,-0.033534125,-0.999437573,0.000000000,1,0.033540413,1.921724
18.591257,1785227252.679501534,car1,car4,0.707106781,-0.707106781,0.000000000,0.627464579,-0.778645107,0.000000000,1,0.107105437,6.136689
18.591257,1785227252.679501534,car2,car1,-1.000000000,0.000000000,0.000000000,-0.998792839,-0.049120912,0.000000000,1,0.049140687,2.815554
18.591257,1785227252.679501534,car2,car4,0.000000000,-1.000000000,0.000000000,0.069802369,-0.997560840,0.000000000,1,0.069859177,4.002636
18.591257,1785227252.679501534,car3,car1,0.000000000,1.000000000,0.000000000,0.033534125,0.999437573,0.000000000,1,0.033540413,1.921724
18.591257,1785227252.679501534,car3,car4,1.000000000,0.000000000,0.000000000,0.999998438,-0.001767426,0.000000000,1,0.001767427,0.101266
18.591257,1785227252.679501534,car4,car1,-0.707106781,0.707106781,0.000000000,-0.627464579,0.778645107,0.000000000,1,0.107105437,6.136689
18.591257,1785227252.679501534,car4,car2,0.000000000,1.000000000,0.000000000,-0.069802369,0.997560840,0.000000000,1,0.069859177,4.002636
18.591257,1785227252.679501534,car4,car3,-1.000000000,0.000000000,0.000000000,-0.999998438,0.001767426,0.000000000,1,0.001767427,0.101266
18.792885,1785227252.879456043,car1,car2,1.000000000,0.000000000,0.000000000,0.998670546,0.051547455,0.000000000,1,0.051570310,2.954761
18.792885,1785227252.879456043,car1,car3,0.000000000,-1.000000000,0.000000000,-0.030301783,-0.999540796,0.000000000,1,0.030306422,1.736430
18.792885,1785227252.879456043,car1,car4,0.707106781,-0.707106781,0.000000000,0.627340349,-0.778745200,0.000000000,1,0.107264973,6.145830
18.792885,1785227252.879456043,car2,car1,-1.000000000,0.000000000,0.000000000,-0.998670546,-0.051547455,0.000000000,1,0.051570310,2.954761
18.792885,1785227252.879456043,car2,car4,0.000000000,-1.000000000,0.000000000,0.069755838,-0.997564095,0.000000000,1,0.069812533,3.999963
18.792885,1785227252.879456043,car3,car1,0.000000000,1.000000000,0.000000000,0.030301783,0.999540796,0.000000000,1,0.030306422,1.736430
18.792885,1785227252.879456043,car3,car4,1.000000000,0.000000000,0.000000000,0.999973622,-0.007263334,0.000000000,1,0.007263398,0.416162
18.792885,1785227252.879456043,car4,car1,-0.707106781,0.707106781,0.000000000,-0.627340349,0.778745200,0.000000000,1,0.107264973,6.145830
18.792885,1785227252.879456043,car4,car2,0.000000000,1.000000000,0.000000000,-0.069755838,0.997564095,0.000000000,1,0.069812533,3.999963
18.792885,1785227252.879456043,car4,car3,-1.000000000,0.000000000,0.000000000,-0.999973622,0.007263334,0.000000000,1,0.007263398,0.416162
18.994577,1785227253.069432259,car1,car2,1.000000000,0.000000000,0.000000000,0.998499511,0.054760624,0.000000000,1,0.054788030,3.139123
18.994577,1785227253.069432259,car1,car3,0.000000000,-1.000000000,0.000000000,-0.035035393,-0.999386072,0.000000000,1,0.035042564,2.007791
18.994577,1785227253.069432259,car1,car4,0.707106781,-0.707106781,0.000000000,0.623994263,-0.781428922,0.000000000,1,0.111554341,6.391593
18.994577,1785227253.069432259,car2,car1,-1.000000000,0.000000000,0.000000000,-0.998499511,-0.054760624,0.000000000,1,0.054788030,3.139123
18.994577,1785227253.069432259,car2,car4,0.000000000,-1.000000000,0.000000000,0.069921091,-0.997552525,0.000000000,1,0.069978190,4.009455
18.994577,1785227253.069432259,car3,car1,0.000000000,1.000000000,0.000000000,0.035035393,0.999386072,0.000000000,1,0.035042564,2.007791
18.994577,1785227253.069432259,car3,car4,1.000000000,0.000000000,0.000000000,0.999958925,-0.009063584,0.000000000,1,0.009063708,0.519312
18.994577,1785227253.069432259,car4,car1,-0.707106781,0.707106781,0.000000000,-0.623994263,0.781428922,0.000000000,1,0.111554341,6.391593
18.994577,1785227253.069432259,car4,car2,0.000000000,1.000000000,0.000000000,-0.069921091,0.997552525,0.000000000,1,0.069978190,4.009455
18.994577,1785227253.069432259,car4,car3,-1.000000000,0.000000000,0.000000000,-0.999958925,0.009063584,0.000000000,1,0.009063708,0.519312
19.196328,1785227253.279422760,car1,car2,1.000000000,0.000000000,0.000000000,0.998343304,0.057538234,0.000000000,1,0.057570029,3.298520
19.196328,1785227253.279422760,car1,car3,0.000000000,-1.000000000,0.000000000,-0.030318040,-0.999540303,0.000000000,1,0.030322686,1.737362
19.196328,1785227253.279422760,car1,car4,0.707106781,-0.707106781,0.000000000,0.624330901,-0.781159987,0.000000000,1,0.111123469,6.366906
19.196328,1785227253.279422760,car2,car1,-1.000000000,0.000000000,0.000000000,-0.998343304,-0.057538234,0.000000000,1,0.057570029,3.298520
19.196328,1785227253.279422760,car2,car4,0.000000000,-1.000000000,0.000000000,0.069141598,-0.997606856,0.000000000,1,0.069196806,3.964685
19.196328,1785227253.279422760,car3,car1,0.000000000,1.000000000,0.000000000,0.030318040,0.999540303,0.000000000,1,0.030322686,1.737362
19.196328,1785227253.279422760,car3,car4,1.000000000,0.000000000,0.000000000,0.999983483,-0.005747433,0.000000000,1,0.005747464,0.329305
19.196328,1785227253.279422760,car4,car1,-0.707106781,0.707106781,0.000000000,-0.624330901,0.781159987,0.000000000,1,0.111123469,6.366906
19.196328,1785227253.279422760,car4,car2,0.000000000,1.000000000,0.000000000,-0.069141598,0.997606856,0.000000000,1,0.069196806,3.964685
19.196328,1785227253.279422760,car4,car3,-1.000000000,0.000000000,0.000000000,-0.999983483,0.005747433,0.000000000,1,0.005747464,0.329305
19.398739,1785227253.489532471,car1,car2,1.000000000,0.000000000,0.000000000,0.998101209,0.061595258,0.000000000,1,0.061634273,3.531384
19.398739,1785227253.489532471,car1,car3,0.000000000,-1.000000000,0.000000000,-0.024970838,-0.999688180,0.000000000,1,0.024973433,1.430872
19.398739,1785227253.489532471,car1,car4,0.707106781,-0.707106781,0.000000000,0.625722159,-0.780046011,0.000000000,1,0.109341183,6.264788
19.398739,1785227253.489532471,car2,car1,-1.000000000,0.000000000,0.000000000,-0.998101209,-0.061595258,0.000000000,1,0.061634273,3.531384
19.398739,1785227253.489532471,car2,car4,0.000000000,-1.000000000,0.000000000,0.068888765,-0.997624347,0.000000000,1,0.068943369,3.950164
19.398739,1785227253.489532471,car3,car1,0.000000000,1.000000000,0.000000000,0.024970838,0.999688180,0.000000000,1,0.024973433,1.430872
19.398739,1785227253.489532471,car3,car4,1.000000000,0.000000000,0.000000000,0.999958105,-0.009153622,0.000000000,1,0.009153750,0.524471
19.398739,1785227253.489532471,car4,car1,-0.707106781,0.707106781,0.000000000,-0.625722159,0.780046011,0.000000000,1,0.109341183,6.264788
19.398739,1785227253.489532471,car4,car2,0.000000000,1.000000000,0.000000000,-0.068888765,0.997624347,0.000000000,1,0.068943369,3.950164
19.398739,1785227253.489532471,car4,car3,-1.000000000,0.000000000,0.000000000,-0.999958105,0.009153622,0.000000000,1,0.009153750,0.524471
19.600492,1785227253.689549685,car1,car2,1.000000000,0.000000000,0.000000000,0.997753659,0.066989826,0.000000000,1,0.067040032,3.841111
19.600492,1785227253.689549685,car1,car3,0.000000000,-1.000000000,0.000000000,-0.029284278,-0.999571124,0.000000000,1,0.029288465,1.678105
19.600492,1785227253.689549685,car1,car4,0.707106781,-0.707106781,0.000000000,0.623255311,-0.782018425,0.000000000,1,0.112499627,6.445754
19.600492,1785227253.689549685,car2,car1,-1.000000000,0.000000000,0.000000000,-0.997753659,-0.066989826,0.000000000,1,0.067040032,3.841111
19.600492,1785227253.689549685,car2,car4,0.000000000,-1.000000000,0.000000000,0.068947008,-0.997620324,0.000000000,1,0.069001751,3.953509
19.600492,1785227253.689549685,car3,car1,0.000000000,1.000000000,0.000000000,0.029284278,0.999571124,0.000000000,1,0.029288465,1.678105
19.600492,1785227253.689549685,car3,car4,1.000000000,0.000000000,0.000000000,0.999942202,-0.010751371,0.000000000,1,0.010751578,0.616020
19.600492,1785227253.689549685,car4,car1,-0.707106781,0.707106781,0.000000000,-0.623255311,0.782018425,0.000000000,1,0.112499627,6.445754
19.600492,1785227253.689549685,car4,car2,0.000000000,1.000000000,0.000000000,-0.068947008,0.997620324,0.000000000,1,0.069001751,3.953509
19.600492,1785227253.689549685,car4,car3,-1.000000000,0.000000000,0.000000000,-0.999942202,0.010751371,0.000000000,1,0.010751578,0.616020
19.802104,1785227253.889467716,car1,car2,1.000000000,0.000000000,0.000000000,0.997270984,0.073828074,0.000000000,1,0.073895307,4.233889
19.802104,1785227253.889467716,car1,car3,0.000000000,-1.000000000,0.000000000,-0.034560546,-0.999402606,0.000000000,1,0.034567430,1.980568
19.802104,1785227253.889467716,car1,car4,0.707106781,-0.707106781,0.000000000,0.620941353,-0.783857025,0.000000000,1,0.115455106,6.615090
19.802104,1785227253.889467716,car2,car1,-1.000000000,0.000000000,0.000000000,-0.997270984,-0.073828074,0.000000000,1,0.073895307,4.233889
19.802104,1785227253.889467716,car2,car4,0.000000000,-1.000000000,0.000000000,0.068930152,-0.997621488,0.000000000,1,0.068984854,3.952541
19.802104,1785227253.889467716,car3,car1,0.000000000,1.000000000,0.000000000,0.034560546,0.999402606,0.000000000,1,0.034567430,1.980568
19.802104,1785227253.889467716,car3,car4,1.000000000,0.000000000,0.000000000,0.999974638,-0.007122031,0.000000000,1,0.007122091,0.408066
19.802104,1785227253.889467716,car4,car1,-0.707106781,0.707106781,0.000000000,-0.620941353,0.783857025,0.000000000,1,0.115455106,6.615090
19.802104,1785227253.889467716,car4,car2,0.000000000,1.000000000,0.000000000,-0.068930152,0.997621488,0.000000000,1,0.068984854,3.952541
19.802104,1785227253.889467716,car4,car3,-1.000000000,0.000000000,0.000000000,-0.999974638,0.007122031,0.000000000,1,0.007122091,0.408066
20.004142,1785227254.089498997,car1,car2,1.000000000,0.000000000,0.000000000,0.996841963,0.079410955,0.000000000,1,0.079494655,4.554708
20.004142,1785227254.089498997,car1,car3,0.000000000,-1.000000000,0.000000000,-0.034231354,-0.999413935,0.000000000,1,0.034238042,1.961695
20.004142,1785227254.089498997,car1,car4,0.707106781,-0.707106781,0.000000000,0.621530563,-0.783389915,0.000000000,1,0.114703201,6.572009
20.004142,1785227254.089498997,car2,car1,-1.000000000,0.000000000,0.000000000,-0.996841963,-0.079410955,0.000000000,1,0.079494655,4.554708
20.004142,1785227254.089498997,car2,car4,0.000000000,-1.000000000,0.000000000,0.067870339,-0.997694150,0.000000000,1,0.067922554,3.891676
20.004142,1785227254.089498997,car3,car1,0.000000000,1.000000000,0.000000000,0.034231354,0.999413935,0.000000000,1,0.034238042,1.961695
20.004142,1785227254.089498997,car3,car4,1.000000000,0.000000000,0.000000000,0.999892919,-0.014633855,0.000000000,1,0.014634378,0.838488
20.004142,1785227254.089498997,car4,car1,-0.707106781,0.707106781,0.000000000,-0.621530563,0.783389915,0.000000000,1,0.114703201,6.572009
20.004142,1785227254.089498997,car4,car2,0.000000000,1.000000000,0.000000000,-0.067870339,0.997694150,0.000000000,1,0.067922554,3.891676
20.004142,1785227254.089498997,car4,car3,-1.000000000,0.000000000,0.000000000,-0.999892919,0.014633855,0.000000000,1,0.014634378,0.838488
20.205952,1785227254.289561033,car1,car2,1.000000000,0.000000000,0.000000000,0.996329416,0.085601955,0.000000000,1,0.085706845,4.910641
20.205952,1785227254.289561033,car1,car3,0.000000000,-1.000000000,0.000000000,-0.034771594,-0.999395285,0.000000000,1,0.034778605,1.992667
20.205952,1785227254.289561033,car1,car4,0.707106781,-0.707106781,0.000000000,0.621561884,-0.783365065,0.000000000,1,0.114663220,6.569719
20.205952,1785227254.289561033,car2,car1,-1.000000000,0.000000000,0.000000000,-0.996329416,-0.085601955,0.000000000,1,0.085706845,4.910641
20.205952,1785227254.289561033,car2,car4,0.000000000,-1.000000000,0.000000000,0.067982197,-0.997686534,0.000000000,1,0.068034670,3.898099
20.205952,1785227254.289561033,car3,car1,0.000000000,1.000000000,0.000000000,0.034771594,0.999395285,0.000000000,1,0.034778605,1.992667
20.205952,1785227254.289561033,car3,car4,1.000000000,0.000000000,0.000000000,0.999892642,-0.014652778,0.000000000,1,0.014653303,0.839572
20.205952,1785227254.289561033,car4,car1,-0.707106781,0.707106781,0.000000000,-0.621561884,0.783365065,0.000000000,1,0.114663220,6.569719
20.205952,1785227254.289561033,car4,car2,0.000000000,1.000000000,0.000000000,-0.067982197,0.997686534,0.000000000,1,0.068034670,3.898099
20.205952,1785227254.289561033,car4,car3,-1.000000000,0.000000000,0.000000000,-0.999892642,0.014652778,0.000000000,1,0.014653303,0.839572
20.408296,1785227254.499422550,car1,car2,1.000000000,0.000000000,0.000000000,0.996489024,0.083723509,0.000000000,1,0.083821630,4.802626
20.408296,1785227254.499422550,car1,car3,0.000000000,-1.000000000,0.000000000,-0.035085070,-0.999384329,0.000000000,1,0.035092272,2.010639
20.408296,1785227254.499422550,car1,car4,0.707106781,-0.707106781,0.000000000,0.619937556,-0.784651149,0.000000000,1,0.116735044,6.688425
20.408296,1785227254.499422550,car2,car1,-1.000000000,0.000000000,0.000000000,-0.996489024,-0.083723509,0.000000000,1,0.083821630,4.802626
20.408296,1785227254.499422550,car2,car4,0.000000000,-1.000000000,0.000000000,0.063759153,-0.997965315,0.000000000,1,0.063802432,3.655610
20.408296,1785227254.499422550,car3,car1,0.000000000,1.000000000,0.000000000,0.035085070,0.999384329,0.000000000,1,0.035092272,2.010639
20.408296,1785227254.499422550,car3,car4,1.000000000,0.000000000,0.000000000,0.999929668,-0.011860007,0.000000000,1,0.011860285,0.679544
20.408296,1785227254.499422550,car4,car1,-0.707106781,0.707106781,0.000000000,-0.619937556,0.784651149,0.000000000,1,0.116735044,6.688425
20.408296,1785227254.499422550,car4,car2,0.000000000,1.000000000,0.000000000,-0.063759153,0.997965315,0.000000000,1,0.063802432,3.655610
20.408296,1785227254.499422550,car4,car3,-1.000000000,0.000000000,0.000000000,-0.999929668,0.011860007,0.000000000,1,0.011860285,0.679544
20.610208,1785227254.699476957,car1,car2,1.000000000,0.000000000,0.000000000,0.996588620,0.082529523,0.000000000,1,0.082623498,4.733978
20.610208,1785227254.699476957,car1,car3,0.000000000,-1.000000000,0.000000000,-0.037225203,-0.999306902,0.000000000,1,0.037233805,2.133340
20.610208,1785227254.699476957,car1,car4,0.707106781,-0.707106781,0.000000000,0.618940690,-0.785437727,0.000000000,1,0.118004866,6.761181
20.610208,1785227254.699476957,car2,car1,-1.000000000,0.000000000,0.000000000,-0.996588620,-0.082529523,0.000000000,1,0.082623498,4.733978
20.610208,1785227254.699476957,car2,car4,0.000000000,-1.000000000,0.000000000,0.061126731,-0.998130013,0.000000000,1,0.061164862,3.504488
20.610208,1785227254.699476957,car3,car1,0.000000000,1.000000000,0.000000000,0.037225203,0.999306902,0.000000000,1,0.037233805,2.133340
20.610208,1785227254.699476957,car3,car4,1.000000000,0.000000000,0.000000000,0.999893130,-0.014619485,0.000000000,1,0.014620006,0.837665
20.610208,1785227254.699476957,car4,car1,-0.707106781,0.707106781,0.000000000,-0.618940690,0.785437727,0.000000000,1,0.118004866,6.761181
20.610208,1785227254.699476957,car4,car2,0.000000000,1.000000000,0.000000000,-0.061126731,0.998130013,0.000000000,1,0.061164862,3.504488
20.610208,1785227254.699476957,car4,car3,-1.000000000,0.000000000,0.000000000,-0.999893130,0.014619485,0.000000000,1,0.014620006,0.837665
20.811900,1785227254.899444580,car1,car2,1.000000000,0.000000000,0.000000000,0.996732469,0.080773670,0.000000000,1,0.080861762,4.633038
20.811900,1785227254.899444580,car1,car3,0.000000000,-1.000000000,0.000000000,-0.036779587,-0.999323402,0.000000000,1,0.036787884,2.107791
20.811900,1785227254.899444580,car1,car4,0.707106781,-0.707106781,0.000000000,0.619351590,-0.785113755,0.000000000,1,0.117481610,6.731200
20.811900,1785227254.899444580,car2,car1,-1.000000000,0.000000000,0.000000000,-0.996732469,-0.080773670,0.000000000,1,0.080861762,4.633038
20.811900,1785227254.899444580,car2,car4,0.000000000,-1.000000000,0.000000000,0.056588779,-0.998397571,0.000000000,1,0.056619025,3.244031
20.811900,1785227254.899444580,car3,car1,0.000000000,1.000000000,0.000000000,0.036779587,0.999323402,0.000000000,1,0.036787884,2.107791
20.811900,1785227254.899444580,car3,car4,1.000000000,0.000000000,0.000000000,0.999937114,-0.011214616,0.000000000,1,0.011214851,0.642564
20.811900,1785227254.899444580,car4,car1,-0.707106781,0.707106781,0.000000000,-0.619351590,0.785113755,0.000000000,1,0.117481610,6.731200
20.811900,1785227254.899444580,car4,car2,0.000000000,1.000000000,0.000000000,-0.056588779,0.998397571,0.000000000,1,0.056619025,3.244031
20.811900,1785227254.899444580,car4,car3,-1.000000000,0.000000000,0.000000000,-0.999937114,0.011214616,0.000000000,1,0.011214851,0.642564
21.013979,1785227255.099720478,car1,car2,1.000000000,0.000000000,0.000000000,0.996916147,0.078474173,0.000000000,1,0.078554941,4.500867
21.013979,1785227255.099720478,car1,car3,0.000000000,-1.000000000,0.000000000,-0.042669718,-0.999089233,0.000000000,1,0.042682677,2.445537
21.013979,1785227255.099720478,car1,car4,0.707106781,-0.707106781,0.000000000,0.618565294,-0.785733401,0.000000000,1,0.118482721,6.788560
21.013979,1785227255.099720478,car2,car1,-1.000000000,0.000000000,0.000000000,-0.996916147,-0.078474173,0.000000000,1,0.078554941,4.500867
21.013979,1785227255.099720478,car2,car4,0.000000000,-1.000000000,0.000000000,0.054842001,-0.998495045,0.000000000,1,0.054869529,3.143792
21.013979,1785227255.099720478,car3,car1,0.000000000,1.000000000,0.000000000,0.042669718,0.999089233,0.000000000,1,0.042682677,2.445537
21.013979,1785227255.099720478,car3,car4,1.000000000,0.000000000,0.000000000,0.999995002,-0.003161574,0.000000000,1,0.003161579,0.181145
21.013979,1785227255.099720478,car4,car1,-0.707106781,0.707106781,0.000000000,-0.618565294,0.785733401,0.000000000,1,0.118482721,6.788560
21.013979,1785227255.099720478,car4,car2,0.000000000,1.000000000,0.000000000,-0.054842001,0.998495045,0.000000000,1,0.054869529,3.143792
21.013979,1785227255.099720478,car4,car3,-1.000000000,0.000000000,0.000000000,-0.999995002,0.003161574,0.000000000,1,0.003161579,0.181145
21.215807,1785227255.299451113,car1,car2,1.000000000,0.000000000,0.000000000,0.996451458,0.084169424,0.000000000,1,0.084269126,4.828265
21.215807,1785227255.299451113,car1,car3,0.000000000,-1.000000000,0.000000000,-0.048487036,-0.998823812,0.000000000,1,0.048506054,2.779192
21.215807,1785227255.299451113,car1,car4,0.707106781,-0.707106781,0.000000000,0.617210684,-0.786797923,0.000000000,1,0.120205560,6.887271
21.215807,1785227255.299451113,car2,car1,-1.000000000,0.000000000,0.000000000,-0.996451458,-0.084169424,0.000000000,1,0.084269126,4.828265
21.215807,1785227255.299451113,car2,car4,0.000000000,-1.000000000,0.000000000,0.055955940,-0.998433239,0.000000000,1,0.055985181,3.207715
21.215807,1785227255.299451113,car3,car1,0.000000000,1.000000000,0.000000000,0.048487036,0.998823812,0.000000000,1,0.048506054,2.779192
21.215807,1785227255.299451113,car3,car4,1.000000000,0.000000000,0.000000000,0.999987990,-0.004900986,0.000000000,1,0.004901006,0.280807
21.215807,1785227255.299451113,car4,car1,-0.707106781,0.707106781,0.000000000,-0.617210684,0.786797923,0.000000000,1,0.120205560,6.887271
21.215807,1785227255.299451113,car4,car2,0.000000000,1.000000000,0.000000000,-0.055955940,0.998433239,0.000000000,1,0.055985181,3.207715
21.215807,1785227255.299451113,car4,car3,-1.000000000,0.000000000,0.000000000,-0.999987990,0.004900986,0.000000000,1,0.004901006,0.280807
21.418247,1785227255.509491205,car1,car2,1.000000000,0.000000000,0.000000000,0.996902396,0.078648672,0.000000000,1,0.078729980,4.510896
21.418247,1785227255.509491205,car1,car3,0.000000000,-1.000000000,0.000000000,-0.050257081,-0.998736314,0.000000000,1,0.050278262,2.880732
21.418247,1785227255.509491205,car1,car4,0.707106781,-0.707106781,0.000000000,0.616363887,-0.787461465,0.000000000,1,0.121281364,6.948910
21.418247,1785227255.509491205,car2,car1,-1.000000000,0.000000000,0.000000000,-0.996902396,-0.078648672,0.000000000,1,0.078729980,4.510896
21.418247,1785227255.509491205,car2,car4,0.000000000,-1.000000000,0.000000000,0.052713697,-0.998609667,0.000000000,1,0.052738140,3.021673
21.418247,1785227255.509491205,car3,car1,0.000000000,1.000000000,0.000000000,0.050257081,0.998736314,0.000000000,1,0.050278262,2.880732
21.418247,1785227255.509491205,car3,car4,1.000000000,0.000000000,0.000000000,0.999971607,-0.007535592,0.000000000,1,0.007535663,0.431762
21.418247,1785227255.509491205,car4,car1,-0.707106781,0.707106781,0.000000000,-0.616363887,0.787461465,0.000000000,1,0.121281364,6.948910
21.418247,1785227255.509491205,car4,car2,0.000000000,1.000000000,0.000000000,-0.052713697,0.998609667,0.000000000,1,0.052738140,3.021673
21.418247,1785227255.509491205,car4,car3,-1.000000000,0.000000000,0.000000000,-0.999971607,0.007535592,0.000000000,1,0.007535663,0.431762
21.619989,1785227255.709527493,car1,car2,1.000000000,0.000000000,0.000000000,0.996023968,0.089085662,0.000000000,1,0.089203920,5.111008
21.619989,1785227255.709527493,car1,car3,0.000000000,-1.000000000,0.000000000,-0.048348526,-0.998830526,0.000000000,1,0.048367382,2.771247
21.619989,1785227255.709527493,car1,car4,0.707106781,-0.707106781,0.000000000,0.616056559,-0.787701921,0.000000000,1,0.121671581,6.971268
21.619989,1785227255.709527493,car2,car1,-1.000000000,0.000000000,0.000000000,-0.996023968,-0.089085662,0.000000000,1,0.089203920,5.111008
21.619989,1785227255.709527493,car2,car4,0.000000000,-1.000000000,0.000000000,0.053583533,-0.998563371,0.000000000,1,0.053609208,3.071581
21.619989,1785227255.709527493,car3,car1,0.000000000,1.000000000,0.000000000,0.048348526,0.998830526,0.000000000,1,0.048367382,2.771247
21.619989,1785227255.709527493,car3,car4,1.000000000,0.000000000,0.000000000,0.999983653,-0.005717829,0.000000000,1,0.005717860,0.327609
21.619989,1785227255.709527493,car4,car1,-0.707106781,0.707106781,0.000000000,-0.616056559,0.787701921,0.000000000,1,0.121671581,6.971268
21.619989,1785227255.709527493,car4,car2,0.000000000,1.000000000,0.000000000,-0.053583533,0.998563371,0.000000000,1,0.053609208,3.071581
21.619989,1785227255.709527493,car4,car3,-1.000000000,0.000000000,0.000000000,-0.999983653,0.005717829,0.000000000,1,0.005717860,0.327609
21.821894,1785227255.909767151,car1,car2,1.000000000,0.000000000,0.000000000,0.996027652,0.089044469,0.000000000,1,0.089162562,5.108638
21.821894,1785227255.909767151,car1,car3,0.000000000,-1.000000000,0.000000000,-0.048813231,-0.998807924,0.000000000,1,0.048832636,2.797904
21.821894,1785227255.909767151,car1,car4,0.707106781,-0.707106781,0.000000000,0.619702382,-0.784836899,0.000000000,1,0.117034727,6.705596
21.821894,1785227255.909767151,car2,car1,-1.000000000,0.000000000,0.000000000,-0.996027652,-0.089044469,0.000000000,1,0.089162562,5.108638
21.821894,1785227255.909767151,car2,car4,0.000000000,-1.000000000,0.000000000,0.055744679,-0.998445056,0.000000000,1,0.055773591,3.195591
21.821894,1785227255.909767151,car3,car1,0.000000000,1.000000000,0.000000000,0.048813231,0.998807924,0.000000000,1,0.048832636,2.797904
21.821894,1785227255.909767151,car3,car4,1.000000000,0.000000000,0.000000000,0.999998945,-0.001452628,0.000000000,1,0.001452628,0.083229
21.821894,1785227255.909767151,car4,car1,-0.707106781,0.707106781,0.000000000,-0.619702382,0.784836899,0.000000000,1,0.117034727,6.705596
21.821894,1785227255.909767151,car4,car2,0.000000000,1.000000000,0.000000000,-0.055744679,0.998445056,0.000000000,1,0.055773591,3.195591
21.821894,1785227255.909767151,car4,car3,-1.000000000,0.000000000,0.000000000,-0.999998945,0.001452628,0.000000000,1,0.001452628,0.083229
22.023436,1785227256.109624624,car1,car2,1.000000000,0.000000000,0.000000000,0.996800782,0.079926226,0.000000000,1,0.080011569,4.584325
22.023436,1785227256.109624624,car1,car3,0.000000000,-1.000000000,0.000000000,-0.043049772,-0.999072929,0.000000000,1,0.043063081,2.467333
22.023436,1785227256.109624624,car1,car4,0.707106781,-0.707106781,0.000000000,0.625717914,-0.780049416,0.000000000,1,0.109346625,6.265100
22.023436,1785227256.109624624,car2,car1,-1.000000000,0.000000000,0.000000000,-0.996800782,-0.079926226,0.000000000,1,0.080011569,4.584325
22.023436,1785227256.109624624,car2,car4,0.000000000,-1.000000000,0.000000000,0.057925816,-0.998320890,0.000000000,1,0.057958259,3.320764
22.023436,1785227256.109624624,car3,car1,0.000000000,1.000000000,0.000000000,0.043049772,0.999072929,0.000000000,1,0.043063081,2.467333
22.023436,1785227256.109624624,car3,car4,1.000000000,0.000000000,0.000000000,0.999997866,0.002065953,0.000000000,1,0.002065954,0.118370
22.023436,1785227256.109624624,car4,car1,-0.707106781,0.707106781,0.000000000,-0.625717914,0.780049416,0.000000000,1,0.109346625,6.265100
22.023436,1785227256.109624624,car4,car2,0.000000000,1.000000000,0.000000000,-0.057925816,0.998320890,0.000000000,1,0.057958259,3.320764
22.023436,1785227256.109624624,car4,car3,-1.000000000,0.000000000,0.000000000,-0.999997866,-0.002065953,0.000000000,1,0.002065954,0.118370
22.226006,1785227256.309491396,car1,car2,1.000000000,0.000000000,0.000000000,0.997183383,0.075002007,0.000000000,1,0.075072504,4.301338
22.226006,1785227256.309491396,car1,car3,0.000000000,-1.000000000,0.000000000,-0.037761807,-0.999286769,0.000000000,1,0.037770787,2.164107
22.226006,1785227256.309491396,car1,car4,0.707106781,-0.707106781,0.000000000,0.633269992,-0.773930951,0.000000000,1,0.099627045,5.708209
22.226006,1785227256.309491396,car2,car1,-1.000000000,0.000000000,0.000000000,-0.997183383,-0.075002007,0.000000000,1,0.075072504,4.301338
22.226006,1785227256.309491396,car2,car4,0.000000000,-1.000000000,0.000000000,0.061124842,-0.998130129,0.000000000,1,0.061162969,3.504380
22.226006,1785227256.309491396,car3,car1,0.000000000,1.000000000,0.000000000,0.037761807,0.999286769,0.000000000,1,0.037770787,2.164107
22.226006,1785227256.309491396,car3,car4,1.000000000,0.000000000,0.000000000,0.999828502,0.018519377,0.000000000,1,0.018520436,1.061143
22.226006,1785227256.309491396,car4,car1,-0.707106781,0.707106781,0.000000000,-0.633269992,0.773930951,0.000000000,1,0.099627045,5.708209
22.226006,1785227256.309491396,car4,car2,0.000000000,1.000000000,0.000000000,-0.061124842,0.998130129,0.000000000,1,0.061162969,3.504380
22.226006,1785227256.309491396,car4,car3,-1.000000000,0.000000000,0.000000000,-0.999828502,-0.018519377,0.000000000,1,0.018520436,1.061143
22.428341,1785227256.519470453,car1,car2,1.000000000,0.000000000,0.000000000,0.998152634,0.060756225,0.000000000,1,0.060793666,3.483220
22.428341,1785227256.519470453,car1,car3,0.000000000,-1.000000000,0.000000000,-0.035214356,-0.999379782,0.000000000,1,0.035221638,2.018051
22.428341,1785227256.519470453,car1,car4,0.707106781,-0.707106781,0.000000000,0.647168797,-0.762346738,0.000000000,1,0.081533408,4.671520
22.428341,1785227256.519470453,car2,car1,-1.000000000,0.000000000,0.000000000,-0.998152634,-0.060756225,0.000000000,1,0.060793666,3.483220
22.428341,1785227256.519470453,car2,car4,0.000000000,-1.000000000,0.000000000,0.064352773,-0.997927212,0.000000000,1,0.064397273,3.689692
22.428341,1785227256.519470453,car3,car1,0.000000000,1.000000000,0.000000000,0.035214356,0.999379782,0.000000000,1,0.035221638,2.018051
22.428341,1785227256.519470453,car3,car4,1.000000000,0.000000000,0.000000000,0.999408941,0.034376857,0.000000000,1,0.034383631,1.970037
22.428341,1785227256.519470453,car4,car1,-0.707106781,0.707106781,0.000000000,-0.647168797,0.762346738,0.000000000,1,0.081533408,4.671520
22.428341,1785227256.519470453,car4,car2,0.000000000,1.000000000,0.000000000,-0.064352773,0.997927212,0.000000000,1,0.064397273,3.689692
22.428341,1785227256.519470453,car4,car3,-1.000000000,0.000000000,0.000000000,-0.999408941,-0.034376857,0.000000000,1,0.034383631,1.970037
22.630979,1785227256.719397306,car1,car2,1.000000000,0.000000000,0.000000000,0.998402938,0.056494005,0.000000000,1,0.056524099,3.238592
22.630979,1785227256.719397306,car1,car3,0.000000000,-1.000000000,0.000000000,-0.034555186,-0.999402791,0.000000000,1,0.034562067,1.980261
22.630979,1785227256.719397306,car1,car4,0.707106781,-0.707106781,0.000000000,0.652899478,-0.757444567,0.000000000,1,0.073992038,4.239432
22.630979,1785227256.719397306,car2,car1,-1.000000000,0.000000000,0.000000000,-0.998402938,-0.056494005,0.000000000,1,0.056524099,3.238592
22.630979,1785227256.719397306,car2,car4,0.000000000,-1.000000000,0.000000000,0.069469083,-0.997584105,0.000000000,1,0.069525080,3.983494
22.630979,1785227256.719397306,car3,car1,0.000000000,1.000000000,0.000000000,0.034555186,0.999402791,0.000000000,1,0.034562067,1.980261
22.630979,1785227256.719397306,car3,car4,1.000000000,0.000000000,0.000000000,0.999354019,0.035938061,0.000000000,1,0.035945802,2.059543
22.630979,1785227256.719397306,car4,car1,-0.707106781,0.707106781,0.000000000,-0.652899478,0.757444567,0.000000000,1,0.073992038,4.239432
22.630979,1785227256.719397306,car4,car2,0.000000000,1.000000000,0.000000000,-0.069469083,0.997584105,0.000000000,1,0.069525080,3.983494
22.630979,1785227256.719397306,car4,car3,-1.000000000,0.000000000,0.000000000,-0.999354019,-0.035938061,0.000000000,1,0.035945802,2.059543
22.832490,1785227256.919538260,car1,car2,1.000000000,0.000000000,0.000000000,0.998773543,0.049511720,0.000000000,1,0.049531972,2.837973
22.832490,1785227256.919538260,car1,car3,0.000000000,-1.000000000,0.000000000,-0.036165969,-0.999345797,0.000000000,1,0.036173858,2.072609
22.832490,1785227256.919538260,car1,car4,0.707106781,-0.707106781,0.000000000,0.650587519,-0.759431287,0.000000000,1,0.077040353,4.414087
22.832490,1785227256.919538260,car2,car1,-1.000000000,0.000000000,0.000000000,-0.998773543,-0.049511720,0.000000000,1,0.049531972,2.837973
22.832490,1785227256.919538260,car2,car4,0.000000000,-1.000000000,0.000000000,0.066372964,-0.997794884,0.000000000,1,0.066421794,3.805688
22.832490,1785227256.919538260,car3,car1,0.000000000,1.000000000,0.000000000,0.036165969,0.999345797,0.000000000,1,0.036173858,2.072609
22.832490,1785227256.919538260,car3,car4,1.000000000,0.000000000,0.000000000,0.999289716,0.037683739,0.000000000,1,0.037692664,2.159631
22.832490,1785227256.919538260,car4,car1,-0.707106781,0.707106781,0.000000000,-0.650587519,0.759431287,0.000000000,1,0.077040353,4.414087
22.832490,1785227256.919538260,car4,car2,0.000000000,1.000000000,0.000000000,-0.066372964,0.997794884,0.000000000,1,0.066421794,3.805688
22.832490,1785227256.919538260,car4,car3,-1.000000000,0.000000000,0.000000000,-0.999289716,-0.037683739,0.000000000,1,0.037692664,2.159631
23.034201,1785227257.119488239,car1,car2,1.000000000,0.000000000,0.000000000,0.998675792,0.051445714,0.000000000,1,0.051468434,2.948924
23.034201,1785227257.119488239,car1,car3,0.000000000,-1.000000000,0.000000000,-0.035631550,-0.999364995,0.000000000,1,0.035639094,2.041970
23.034201,1785227257.119488239,car1,car4,0.707106781,-0.707106781,0.000000000,0.652965678,-0.757387499,0.000000000,1,0.073904635,4.234424
23.034201,1785227257.119488239,car2,car1,-1.000000000,0.000000000,0.000000000,-0.998675792,-0.051445714,0.000000000,1,0.051468434,2.948924
23.034201,1785227257.119488239,car2,car4,0.000000000,-1.000000000,0.000000000,0.070934479,-0.997480977,0.000000000,1,0.070994101,4.067662
23.034201,1785227257.119488239,car3,car1,0.000000000,1.000000000,0.000000000,0.035631550,0.999364995,0.000000000,1,0.035639094,2.041970
23.034201,1785227257.119488239,car3,car4,1.000000000,0.000000000,0.000000000,0.999427736,0.033826035,0.000000000,1,0.033832489,1.938459
23.034201,1785227257.119488239,car4,car1,-0.707106781,0.707106781,0.000000000,-0.652965678,0.757387499,0.000000000,1,0.073904635,4.234424
23.034201,1785227257.119488239,car4,car2,0.000000000,1.000000000,0.000000000,-0.070934479,0.997480977,0.000000000,1,0.070994101,4.067662
23.034201,1785227257.119488239,car4,car3,-1.000000000,0.000000000,0.000000000,-0.999427736,-0.033826035,0.000000000,1,0.033832489,1.938459
23.236300,1785227257.319490433,car1,car2,1.000000000,0.000000000,0.000000000,0.998754466,0.049895057,0.000000000,1,0.049915782,2.859964
23.236300,1785227257.319490433,car1,car3,0.000000000,-1.000000000,0.000000000,-0.031837224,-0.999493067,0.000000000,1,0.031842605,1.824447
23.236300,1785227257.319490433,car1,car4,0.707106781,-0.707106781,0.000000000,0.650198382,-0.759764480,0.000000000,1,0.077552646,4.443439
23.236300,1785227257.319490433,car2,car1,-1.000000000,0.000000000,0.000000000,-0.998754466,-0.049895057,0.000000000,1,0.049915782,2.859964
23.236300,1785227257.319490433,car2,car4,0.000000000,-1.000000000,0.000000000,0.069582594,-0.997576194,0.000000000,1,0.069638867,3.990013
23.236300,1785227257.319490433,car3,car1,0.000000000,1.000000000,0.000000000,0.031837224,0.999493067,0.000000000,1,0.031842605,1.824447
23.236300,1785227257.319490433,car3,car4,1.000000000,0.000000000,0.000000000,0.999777339,0.021101491,0.000000000,1,0.021103058,1.209116
23.236300,1785227257.319490433,car4,car1,-0.707106781,0.707106781,0.000000000,-0.650198382,0.759764480,0.000000000,1,0.077552646,4.443439
23.236300,1785227257.319490433,car4,car2,0.000000000,1.000000000,0.000000000,-0.069582594,0.997576194,0.000000000,1,0.069638867,3.990013
23.236300,1785227257.319490433,car4,car3,-1.000000000,0.000000000,0.000000000,-0.999777339,-0.021101491,0.000000000,1,0.021103058,1.209116
23.438708,1785227257.529567957,car1,car2,1.000000000,0.000000000,0.000000000,0.998469869,0.055298461,0.000000000,1,0.055326683,3.169985
23.438708,1785227257.529567957,car1,car3,0.000000000,-1.000000000,0.000000000,-0.035740408,-0.999361108,0.000000000,1,0.035748022,2.048211
23.438708,1785227257.529567957,car1,car4,0.707106781,-0.707106781,0.000000000,0.650619340,-0.759404026,0.000000000,1,0.076998450,4.411686
23.438708,1785227257.529567957,car2,car1,-1.000000000,0.000000000,0.000000000,-0.998469869,-0.055298461,0.000000000,1,0.055326683,3.169985
23.438708,1785227257.529567957,car2,car4,0.000000000,-1.000000000,0.000000000,0.072855892,-0.997342478,0.000000000,1,0.072920500,4.178037
23.438708,1785227257.529567957,car3,car1,0.000000000,1.000000000,0.000000000,0.035740408,0.999361108,0.000000000,1,0.035748022,2.048211
23.438708,1785227257.529567957,car3,car4,1.000000000,0.000000000,0.000000000,0.999648515,0.026511240,0.000000000,1,0.026514347,1.519160
23.438708,1785227257.529567957,car4,car1,-0.707106781,0.707106781,0.000000000,-0.650619340,0.759404026,0.000000000,1,0.076998450,4.411686
23.438708,1785227257.529567957,car4,car2,0.000000000,1.000000000,0.000000000,-0.072855892,0.997342478,0.000000000,1,0.072920500,4.178037
23.438708,1785227257.529567957,car4,car3,-1.000000000,0.000000000,0.000000000,-0.999648515,-0.026511240,0.000000000,1,0.026514347,1.519160
23.640395,1785227257.729501009,car1,car2,1.000000000,0.000000000,0.000000000,0.998432501,0.055969101,0.000000000,1,0.055998363,3.208470
23.640395,1785227257.729501009,car1,car3,0.000000000,-1.000000000,0.000000000,-0.034841899,-0.999392837,0.000000000,1,0.034848952,1.996698
23.640395,1785227257.729501009,car1,car4,0.707106781,-0.707106781,0.000000000,0.649777317,-0.760124620,0.000000000,1,0.078106719,4.475185
23.640395,1785227257.729501009,car2,car1,-1.000000000,0.000000000,0.000000000,-0.998432501,-0.055969101,0.000000000,1,0.055998363,3.208470
23.640395,1785227257.729501009,car2,car4,0.000000000,-1.000000000,0.000000000,0.071851014,-0.997415376,0.000000000,1,0.071912981,4.120310
23.640395,1785227257.729501009,car3,car1,0.000000000,1.000000000,0.000000000,0.034841899,0.999392837,0.000000000,1,0.034848952,1.996698
23.640395,1785227257.729501009,car3,car4,1.000000000,0.000000000,0.000000000,0.999906443,0.013678675,0.000000000,1,0.013679102,0.783755
23.640395,1785227257.729501009,car4,car1,-0.707106781,0.707106781,0.000000000,-0.649777317,0.760124620,0.000000000,1,0.078106719,4.475185
23.640395,1785227257.729501009,car4,car2,0.000000000,1.000000000,0.000000000,-0.071851014,0.997415376,0.000000000,1,0.071912981,4.120310
23.640395,1785227257.729501009,car4,car3,-1.000000000,0.000000000,0.000000000,-0.999906443,-0.013678675,0.000000000,1,0.013679102,0.783755
23.842044,1785227257.929440260,car1,car2,1.000000000,0.000000000,0.000000000,0.998269118,0.058811286,0.000000000,1,0.058845241,3.371584
23.842044,1785227257.929440260,car1,car3,0.000000000,-1.000000000,0.000000000,-0.039756908,-0.999209382,0.000000000,1,0.039767389,2.278504
23.842044,1785227257.929440260,car1,car4,0.707106781,-0.707106781,0.000000000,0.647889865,-0.761734024,0.000000000,1,0.080587175,4.617305
23.842044,1785227257.929440260,car2,car1,-1.000000000,0.000000000,0.000000000,-0.998269118,-0.058811286,0.000000000,1,0.058845241,3.371584
23.842044,1785227257.929440260,car2,car4,0.000000000,-1.000000000,0.000000000,0.072299750,-0.997382949,0.000000000,1,0.072362887,4.146088
23.842044,1785227257.929440260,car3,car1,0.000000000,1.000000000,0.000000000,0.039756908,0.999209382,0.000000000,1,0.039767389,2.278504
23.842044,1785227257.929440260,car3,car4,1.000000000,0.000000000,0.000000000,0.999947930,0.010204737,0.000000000,1,0.010204914,0.584699
23.842044,1785227257.929440260,car4,car1,-0.707106781,0.707106781,0.000000000,-0.647889865,0.761734024,0.000000000,1,0.080587175,4.617305
23.842044,1785227257.929440260,car4,car2,0.000000000,1.000000000,0.000000000,-0.072299750,0.997382949,0.000000000,1,0.072362887,4.146088
23.842044,1785227257.929440260,car4,car3,-1.000000000,0.000000000,0.000000000,-0.999947930,-0.010204737,0.000000000,1,0.010204914,0.584699
24.043888,1785227258.129389048,car1,car2,1.000000000,0.000000000,0.000000000,0.998141120,0.060945090,0.000000000,1,0.060982882,3.494062
24.043888,1785227258.129389048,car1,car3,0.000000000,-1.000000000,0.000000000,-0.040936544,-0.999161748,0.000000000,1,0.040947986,2.346147
24.043888,1785227258.129389048,car1,car4,0.707106781,-0.707106781,0.000000000,0.649167305,-0.760645653,0.000000000,1,0.078908960,4.521150
24.043888,1785227258.129389048,car2,car1,-1.000000000,0.000000000,0.000000000,-0.998141120,-0.060945090,0.000000000,1,0.060982882,3.494062
24.043888,1785227258.129389048,car2,car4,0.000000000,-1.000000000,0.000000000,0.074464372,-0.997223675,0.000000000,1,0.074533361,4.270447
24.043888,1785227258.129389048,car3,car1,0.000000000,1.000000000,0.000000000,0.040936544,0.999161748,0.000000000,1,0.040947986,2.346147
24.043888,1785227258.129389048,car3,car4,1.000000000,0.000000000,0.000000000,0.999860347,0.016711845,0.000000000,1,0.016712623,0.957563
24.043888,1785227258.129389048,car4,car1,-0.707106781,0.707106781,0.000000000,-0.649167305,0.760645653,0.000000000,1,0.078908960,4.521150
24.043888,1785227258.129389048,car4,car2,0.000000000,1.000000000,0.000000000,-0.074464372,0.997223675,0.000000000,1,0.074533361,4.270447
24.043888,1785227258.129389048,car4,car3,-1.000000000,0.000000000,0.000000000,-0.999860347,-0.016711845,0.000000000,1,0.016712623,0.957563
24.246086,1785227258.329505682,car1,car2,1.000000000,0.000000000,0.000000000,0.997973838,0.063625617,0.000000000,1,0.063668624,3.647943
24.246086,1785227258.329505682,car1,car3,0.000000000,-1.000000000,0.000000000,-0.039345551,-0.999225664,0.000000000,1,0.039355710,2.254916
24.246086,1785227258.329505682,car1,car4,0.707106781,-0.707106781,0.000000000,0.650249243,-0.759720950,0.000000000,1,0.077485701,4.439604
24.246086,1785227258.329505682,car2,car1,-1.000000000,0.000000000,0.000000000,-0.997973838,-0.063625617,0.000000000,1,0.063668624,3.647943
24.246086,1785227258.329505682,car2,car4,0.000000000,-1.000000000,0.000000000,0.075393840,-0.997153834,0.000000000,1,0.075465449,4.323852
24.246086,1785227258.329505682,car3,car1,0.000000000,1.000000000,0.000000000,0.039345551,0.999225664,0.000000000,1,0.039355710,2.254916
24.246086,1785227258.329505682,car3,car4,1.000000000,0.000000000,0.000000000,0.999941945,0.010775254,0.000000000,1,0.010775463,0.617389
24.246086,1785227258.329505682,car4,car1,-0.707106781,0.707106781,0.000000000,-0.650249243,0.759720950,0.000000000,1,0.077485701,4.439604
24.246086,1785227258.329505682,car4,car2,0.000000000,1.000000000,0.000000000,-0.075393840,0.997153834,0.000000000,1,0.075465449,4.323852
24.246086,1785227258.329505682,car4,car3,-1.000000000,0.000000000,0.000000000,-0.999941945,-0.010775254,0.000000000,1,0.010775463,0.617389
24.450751,1785227258.539568901,car1,car2,1.000000000,0.000000000,0.000000000,0.997948025,0.064029211,0.000000000,1,0.064073043,3.671115
24.450751,1785227258.539568901,car1,car3,0.000000000,-1.000000000,0.000000000,-0.037315552,-0.999303532,0.000000000,1,0.037324218,2.138520
24.450751,1785227258.539568901,car1,car4,0.707106781,-0.707106781,0.000000000,0.652655094,-0.757655152,0.000000000,1,0.074314637,4.257915
24.450751,1785227258.539568901,car2,car1,-1.000000000,0.000000000,0.000000000,-0.997948025,-0.064029211,0.000000000,1,0.064073043,3.671115
24.450751,1785227258.539568901,car2,car4,0.000000000,-1.000000000,0.000000000,0.076096195,-0.997100481,0.000000000,1,0.076169827,4.364210
24.450751,1785227258.539568901,car3,car1,0.000000000,1.000000000,0.000000000,0.037315552,0.999303532,0.000000000,1,0.037324218,2.138520
24.450751,1785227258.539568901,car3,car4,1.000000000,0.000000000,0.000000000,0.999932390,0.011628192,0.000000000,1,0.011628454,0.666261
24.450751,1785227258.539568901,car4,car1,-0.707106781,0.707106781,0.000000000,-0.652655094,0.757655152,0.000000000,1,0.074314637,4.257915
24.450751,1785227258.539568901,car4,car2,0.000000000,1.000000000,0.000000000,-0.076096195,0.997100481,0.000000000,1,0.076169827,4.364210
24.450751,1785227258.539568901,car4,car3,-1.000000000,0.000000000,0.000000000,-0.999932390,-0.011628192,0.000000000,1,0.011628454,0.666261
24.653230,1785227258.729439259,car1,car2,1.000000000,0.000000000,0.000000000,0.998161935,0.060603223,0.000000000,1,0.060640382,3.474438
24.653230,1785227258.729439259,car1,car3,0.000000000,-1.000000000,0.000000000,-0.034254738,-0.999413134,0.000000000,1,0.034261440,1.963036
24.653230,1785227258.729439259,car1,car4,0.707106781,-0.707106781,0.000000000,0.655350866,-0.755324594,0.000000000,1,0.070751113,4.053740
24.653230,1785227258.729439259,car2,car1,-1.000000000,0.000000000,0.000000000,-0.998161935,-0.060603223,0.000000000,1,0.060640382,3.474438
24.653230,1785227258.729439259,car2,car4,0.000000000,-1.000000000,0.000000000,0.081407035,-0.996680939,0.000000000,1,0.081497219,4.669447
24.653230,1785227258.729439259,car3,car1,0.000000000,1.000000000,0.000000000,0.034254738,0.999413134,0.000000000,1,0.034261440,1.963036
24.653230,1785227258.729439259,car3,car4,1.000000000,0.000000000,0.000000000,0.999768219,0.021529220,0.000000000,1,0.021530884,1.233629
24.653230,1785227258.729439259,car4,car1,-0.707106781,0.707106781,0.000000000,-0.655350866,0.755324594,0.000000000,1,0.070751113,4.053740
24.653230,1785227258.729439259,car4,car2,0.000000000,1.000000000,0.000000000,-0.081407035,0.996680939,0.000000000,1,0.081497219,4.669447
24.653230,1785227258.729439259,car4,car3,-1.000000000,0.000000000,0.000000000,-0.999768219,-0.021529220,0.000000000,1,0.021530884,1.233629
24.855420,1785227258.939469337,car1,car2,1.000000000,0.000000000,0.000000000,0.998053384,0.062365403,0.000000000,1,0.062405901,3.575595
24.855420,1785227258.939469337,car1,car3,0.000000000,-1.000000000,0.000000000,-0.038146503,-0.999272157,0.000000000,1,0.038155760,2.186164
24.855420,1785227258.939469337,car1,car4,0.707106781,-0.707106781,0.000000000,0.653726004,-0.756731334,0.000000000,1,0.072900321,4.176881
24.855420,1785227258.939469337,car2,car1,-1.000000000,0.000000000,0.000000000,-0.998053384,-0.062365403,0.000000000,1,0.062405901,3.575595
24.855420,1785227258.939469337,car2,car4,0.000000000,-1.000000000,0.000000000,0.079193152,-0.996859290,0.000000000,1,0.079276163,4.542190
24.855420,1785227258.939469337,car3,car1,0.000000000,1.000000000,0.000000000,0.038146503,0.999272157,0.000000000,1,0.038155760,2.186164
24.855420,1785227258.939469337,car3,car4,1.000000000,0.000000000,0.000000000,0.999812588,0.019359458,0.000000000,1,0.019360667,1.109285
24.855420,1785227258.939469337,car4,car1,-0.707106781,0.707106781,0.000000000,-0.653726004,0.756731334,0.000000000,1,0.072900321,4.176881
24.855420,1785227258.939469337,car4,car2,0.000000000,1.000000000,0.000000000,-0.079193152,0.996859290,0.000000000,1,0.079276163,4.542190
24.855420,1785227258.939469337,car4,car3,-1.000000000,0.000000000,0.000000000,-0.999812588,-0.019359458,0.000000000,1,0.019360667,1.109285
25.058262,1785227259.149577141,car1,car2,1.000000000,0.000000000,0.000000000,0.997899098,0.064787275,0.000000000,1,0.064832684,3.714639
25.058262,1785227259.149577141,car1,car3,0.000000000,-1.000000000,0.000000000,-0.036023314,-0.999350950,0.000000000,1,0.036031109,2.064430
25.058262,1785227259.149577141,car1,car4,0.707106781,-0.707106781,0.000000000,0.657470211,-0.753480538,0.000000000,1,0.067941812,3.892779
25.058262,1785227259.149577141,car2,car1,-1.000000000,0.000000000,0.000000000,-0.997899098,-0.064787275,0.000000000,1,0.064832684,3.714639
25.058262,1785227259.149577141,car2,car4,0.000000000,-1.000000000,0.000000000,0.081756851,-0.996652305,0.000000000,1,0.081848205,4.689557
25.058262,1785227259.149577141,car3,car1,0.000000000,1.000000000,0.000000000,0.036023314,0.999350950,0.000000000,1,0.036031109,2.064430
25.058262,1785227259.149577141,car3,car4,1.000000000,0.000000000,0.000000000,0.999766594,0.021604587,0.000000000,1,0.021606268,1.237948
25.058262,1785227259.149577141,car4,car1,-0.707106781,0.707106781,0.000000000,-0.657470211,0.753480538,0.000000000,1,0.067941812,3.892779
25.058262,1785227259.149577141,car4,car2,0.000000000,1.000000000,0.000000000,-0.081756851,0.996652305,0.000000000,1,0.081848205,4.689557
25.058262,1785227259.149577141,car4,car3,-1.000000000,0.000000000,0.000000000,-0.999766594,-0.021604587,0.000000000,1,0.021606268,1.237948
25.260505,1785227259.349638700,car1,car2,1.000000000,0.000000000,0.000000000,0.998048203,0.062448258,0.000000000,1,0.062488919,3.580351
25.260505,1785227259.349638700,car1,car3,0.000000000,-1.000000000,0.000000000,-0.032196831,-0.999481548,0.000000000,1,0.032202397,1.845061
25.260505,1785227259.349638700,car1,car4,0.707106781,-0.707106781,0.000000000,0.658661859,-0.752439071,0.000000000,1,0.066359194,3.802102
25.260505,1785227259.349638700,car2,car1,-1.000000000,0.000000000,0.000000000,-0.998048203,-0.062448258,0.000000000,1,0.062488919,3.580351
25.260505,1785227259.349638700,car2,car4,0.000000000,-1.000000000,0.000000000,0.081996053,-0.996632654,0.000000000,1,0.082088213,4.703308
25.260505,1785227259.349638700,car3,car1,0.000000000,1.000000000,0.000000000,0.032196831,0.999481548,0.000000000,1,0.032202397,1.845061
25.260505,1785227259.349638700,car3,car4,1.000000000,0.000000000,0.000000000,0.999431403,0.033717509,0.000000000,1,0.033723901,1.932237
25.260505,1785227259.349638700,car4,car1,-0.707106781,0.707106781,0.000000000,-0.658661859,0.752439071,0.000000000,1,0.066359194,3.802102
25.260505,1785227259.349638700,car4,car2,0.000000000,1.000000000,0.000000000,-0.081996053,0.996632654,0.000000000,1,0.082088213,4.703308
25.260505,1785227259.349638700,car4,car3,-1.000000000,0.000000000,0.000000000,-0.999431403,-0.033717509,0.000000000,1,0.033723901,1.932237
25.462531,1785227259.549507380,car1,car2,1.000000000,0.000000000,0.000000000,0.998116923,0.061340098,0.000000000,1,0.061378630,3.516736
25.462531,1785227259.549507380,car1,car3,0.000000000,-1.000000000,0.000000000,-0.029917080,-0.999552384,0.000000000,1,0.029921545,1.714378
25.462531,1785227259.549507380,car1,car4,0.707106781,-0.707106781,0.000000000,0.659757096,-0.751478925,0.000000000,1,0.064902683,3.718650
25.462531,1785227259.549507380,car2,car1,-1.000000000,0.000000000,0.000000000,-0.998116923,-0.061340098,0.000000000,1,0.061378630,3.516736
25.462531,1785227259.549507380,car2,car4,0.000000000,-1.000000000,0.000000000,0.080549022,-0.996750648,0.000000000,1,0.080636379,4.620124
25.462531,1785227259.549507380,car3,car1,0.000000000,1.000000000,0.000000000,0.029917080,0.999552384,0.000000000,1,0.029921545,1.714378
25.462531,1785227259.549507380,car3,car4,1.000000000,0.000000000,0.000000000,0.999483014,0.032151276,0.000000000,1,0.032156818,1.842450
25.462531,1785227259.549507380,car4,car1,-0.707106781,0.707106781,0.000000000,-0.659757096,0.751478925,0.000000000,1,0.064902683,3.718650
25.462531,1785227259.549507380,car4,car2,0.000000000,1.000000000,0.000000000,-0.080549022,0.996750648,0.000000000,1,0.080636379,4.620124
25.462531,1785227259.549507380,car4,car3,-1.000000000,0.000000000,0.000000000,-0.999483014,-0.032151276,0.000000000,1,0.032156818,1.842450
25.664456,1785227259.749489546,car1,car2,1.000000000,0.000000000,0.000000000,0.998158314,0.060662848,0.000000000,1,0.060700116,3.477860
25.664456,1785227259.749489546,car1,car3,0.000000000,-1.000000000,0.000000000,-0.023397777,-0.999726235,0.000000000,1,0.023399913,1.340716
25.664456,1785227259.749489546,car1,car4,0.707106781,-0.707106781,0.000000000,0.659567746,-0.751645122,0.000000000,1,0.065154625,3.733085
25.664456,1785227259.749489546,car2,car1,-1.000000000,0.000000000,0.000000000,-0.998158314,-0.060662848,0.000000000,1,0.060700116,3.477860
25.664456,1785227259.749489546,car2,car4,0.000000000,-1.000000000,0.000000000,0.080399123,-0.996762751,0.000000000,1,0.080485992,4.611508
25.664456,1785227259.749489546,car3,car1,0.000000000,1.000000000,0.000000000,0.023397777,0.999726235,0.000000000,1,0.023399913,1.340716
25.664456,1785227259.749489546,car3,car4,1.000000000,0.000000000,0.000000000,0.999640541,0.026810251,0.000000000,1,0.026813464,1.536298
25.664456,1785227259.749489546,car4,car1,-0.707106781,0.707106781,0.000000000,-0.659567746,0.751645122,0.000000000,1,0.065154625,3.733085
25.664456,1785227259.749489546,car4,car2,0.000000000,1.000000000,0.000000000,-0.080399123,0.996762751,0.000000000,1,0.080485992,4.611508
25.664456,1785227259.749489546,car4,car3,-1.000000000,0.000000000,0.000000000,-0.999640541,-0.026810251,0.000000000,1,0.026813464,1.536298
25.866397,1785227259.949537516,car1,car2,1.000000000,0.000000000,0.000000000,0.998574745,0.053371147,0.000000000,1,0.053396517,3.059395
25.866397,1785227259.949537516,car1,car3,0.000000000,-1.000000000,0.000000000,-0.019376805,-0.999812252,0.000000000,1,0.019378018,1.110279
25.866397,1785227259.949537516,car1,car4,0.707106781,-0.707106781,0.000000000,0.658264060,-0.752787106,0.000000000,1,0.066887751,3.832386
25.866397,1785227259.949537516,car2,car1,-1.000000000,0.000000000,0.000000000,-0.998574745,-0.053371147,0.000000000,1,0.053396517,3.059395
25.866397,1785227259.949537516,car2,car4,0.000000000,-1.000000000,0.000000000,0.078703423,-0.996898075,0.000000000,1,0.078784901,4.514042
25.866397,1785227259.949537516,car3,car1,0.000000000,1.000000000,0.000000000,0.019376805,0.999812252,0.000000000,1,0.019378018,1.110279
25.866397,1785227259.949537516,car3,car4,1.000000000,0.000000000,0.000000000,0.999581684,0.028921568,0.000000000,1,0.028925601,1.657315
25.866397,1785227259.949537516,car4,car1,-0.707106781,0.707106781,0.000000000,-0.658264060,0.752787106,0.000000000,1,0.066887751,3.832386
25.866397,1785227259.949537516,car4,car2,0.000000000,1.000000000,0.000000000,-0.078703423,0.996898075,0.000000000,1,0.078784901,4.514042
25.866397,1785227259.949537516,car4,car3,-1.000000000,0.000000000,0.000000000,-0.999581684,-0.028921568,0.000000000,1,0.028925601,1.657315
26.068457,1785227260.159460306,car1,car2,1.000000000,0.000000000,0.000000000,0.998459395,0.055487265,0.000000000,1,0.055515777,3.180820
26.068457,1785227260.159460306,car1,car3,0.000000000,-1.000000000,0.000000000,-0.016505596,-0.999863773,0.000000000,1,0.016506345,0.945744
26.068457,1785227260.159460306,car1,car4,0.707106781,-0.707106781,0.000000000,0.659003037,-0.752140277,0.000000000,1,0.065905674,3.776117
26.068457,1785227260.159460306,car2,car1,-1.000000000,0.000000000,0.000000000,-0.998459395,-0.055487265,0.000000000,1,0.055515777,3.180820
26.068457,1785227260.159460306,car2,car4,0.000000000,-1.000000000,0.000000000,0.078430661,-0.996919571,0.000000000,1,0.078511294,4.498366
26.068457,1785227260.159460306,car3,car1,0.000000000,1.000000000,0.000000000,0.016505596,0.999863773,0.000000000,1,0.016506345,0.945744
26.068457,1785227260.159460306,car3,car4,1.000000000,0.000000000,0.000000000,0.999799463,0.020025833,0.000000000,1,0.020027172,1.147472
26.068457,1785227260.159460306,car4,car1,-0.707106781,0.707106781,0.000000000,-0.659003037,0.752140277,0.000000000,1,0.065905674,3.776117
26.068457,1785227260.159460306,car4,car2,0.000000000,1.000000000,0.000000000,-0.078430661,0.996919571,0.000000000,1,0.078511294,4.498366
26.068457,1785227260.159460306,car4,car3,-1.000000000,0.000000000,0.000000000,-0.999799463,-0.020025833,0.000000000,1,0.020027172,1.147472
26.269966,1785227260.359554768,car1,car2,1.000000000,0.000000000,0.000000000,0.998819646,0.048572770,0.000000000,1,0.048591890,2.784110
26.269966,1785227260.359554768,car1,car3,0.000000000,-1.000000000,0.000000000,-0.013093440,-0.999914277,0.000000000,1,0.013093815,0.750220
26.269966,1785227260.359554768,car1,car4,0.707106781,-0.707106781,0.000000000,0.656962625,-0.753923146,0.000000000,1,0.068615270,3.931365
26.269966,1785227260.359554768,car2,car1,-1.000000000,0.000000000,0.000000000,-0.998819646,-0.048572770,0.000000000,1,0.048591890,2.784110
26.269966,1785227260.359554768,car2,car4,0.000000000,-1.000000000,0.000000000,0.078685277,-0.996899507,0.000000000,1,0.078766699,4.512999
26.269966,1785227260.359554768,car3,car1,0.000000000,1.000000000,0.000000000,0.013093440,0.999914277,0.000000000,1,0.013093815,0.750220
26.269966,1785227260.359554768,car3,car4,1.000000000,0.000000000,0.000000000,0.999891315,0.014743067,0.000000000,1,0.014743601,0.844746
26.269966,1785227260.359554768,car4,car1,-0.707106781,0.707106781,0.000000000,-0.656962625,0.753923146,0.000000000,1,0.068615270,3.931365
26.269966,1785227260.359554768,car4,car2,0.000000000,1.000000000,0.000000000,-0.078685277,0.996899507,0.000000000,1,0.078766699,4.512999
26.269966,1785227260.359554768,car4,car3,-1.000000000,0.000000000,0.000000000,-0.999891315,-0.014743067,0.000000000,1,0.014743601,0.844746
26.471803,1785227260.549435139,car1,car2,1.000000000,0.000000000,0.000000000,0.998546883,0.053889911,0.000000000,1,0.053916029,3.089161
26.471803,1785227260.549435139,car1,car3,0.000000000,-1.000000000,0.000000000,-0.004962721,-0.999987686,0.000000000,1,0.004962741,0.284344
26.471803,1785227260.549435139,car1,car4,0.707106781,-0.707106781,0.000000000,0.657971077,-0.753043200,0.000000000,1,0.067276883,3.854681
26.471803,1785227260.549435139,car2,car1,-1.000000000,0.000000000,0.000000000,-0.998546883,-0.053889911,0.000000000,1,0.053916029,3.089161
26.471803,1785227260.549435139,car2,car4,0.000000000,-1.000000000,0.000000000,0.078674149,-0.996900385,0.000000000,1,0.078755536,4.512360
26.471803,1785227260.549435139,car3,car1,0.000000000,1.000000000,0.000000000,0.004962721,0.999987686,0.000000000,1,0.004962741,0.284344
26.471803,1785227260.549435139,car3,car4,1.000000000,0.000000000,0.000000000,0.999852537,0.017172788,0.000000000,1,0.017173632,0.983977
26.471803,1785227260.549435139,car4,car1,-0.707106781,0.707106781,0.000000000,-0.657971077,0.753043200,0.000000000,1,0.067276883,3.854681
26.471803,1785227260.549435139,car4,car2,0.000000000,1.000000000,0.000000000,-0.078674149,0.996900385,0.000000000,1,0.078755536,4.512360
26.471803,1785227260.549435139,car4,car3,-1.000000000,0.000000000,0.000000000,-0.999852537,-0.017172788,0.000000000,1,0.017173632,0.983977
26.673556,1785227260.749487877,car1,car2,1.000000000,0.000000000,0.000000000,0.998834785,0.048260459,0.000000000,1,0.048279213,2.766195
26.673556,1785227260.749487877,car1,car3,0.000000000,-1.000000000,0.000000000,-0.007114191,-0.999974694,0.000000000,1,0.007114251,0.407617
26.673556,1785227260.749487877,car1,car4,0.707106781,-0.707106781,0.000000000,0.656545090,-0.754286778,0.000000000,1,0.069168952,3.963089
26.673556,1785227260.749487877,car2,car1,-1.000000000,0.000000000,0.000000000,-0.998834785,-0.048260459,0.000000000,1,0.048279213,2.766195
26.673556,1785227260.749487877,car2,car4,0.000000000,-1.000000000,0.000000000,0.078793259,-0.996890978,0.000000000,1,0.078875018,4.519206
26.673556,1785227260.749487877,car3,car1,0.000000000,1.000000000,0.000000000,0.007114191,0.999974694,0.000000000,1,0.007114251,0.407617
26.673556,1785227260.749487877,car3,car4,1.000000000,0.000000000,0.000000000,0.999880627,0.015450947,0.000000000,1,0.015451561,0.885309
26.673556,1785227260.749487877,car4,car1,-0.707106781,0.707106781,0.000000000,-0.656545090,0.754286778,0.000000000,1,0.069168952,3.963089
26.673556,1785227260.749487877,car4,car2,0.000000000,1.000000000,0.000000000,-0.078793259,0.996890978,0.000000000,1,0.078875018,4.519206
26.673556,1785227260.749487877,car4,car3,-1.000000000,0.000000000,0.000000000,-0.999880627,-0.015450947,0.000000000,1,0.015451561,0.885309
26.875444,1785227260.959406137,car1,car2,1.000000000,0.000000000,0.000000000,0.998632222,0.052284656,0.000000000,1,0.052308507,2.997057
26.875444,1785227260.959406137,car1,car3,0.000000000,-1.000000000,0.000000000,-0.005766871,-0.999983371,0.000000000,1,0.005766903,0.330419
26.875444,1785227260.959406137,car1,car4,0.707106781,-0.707106781,0.000000000,0.657465818,-0.753484372,0.000000000,1,0.067947643,3.893113
26.875444,1785227260.959406137,car2,car1,-1.000000000,0.000000000,0.000000000,-0.998632222,-0.052284656,0.000000000,1,0.052308507,2.997057
26.875444,1785227260.959406137,car2,car4,0.000000000,-1.000000000,0.000000000,0.079257917,-0.996854143,0.000000000,1,0.079341133,4.545912
26.875444,1785227260.959406137,car3,car1,0.000000000,1.000000000,0.000000000,0.005766871,0.999983371,0.000000000,1,0.005766903,0.330419
26.875444,1785227260.959406137,car3,car4,1.000000000,0.000000000,0.000000000,0.999897158,0.014341346,0.000000000,1,0.014341838,0.821727
26.875444,1785227260.959406137,car4,car1,-0.707106781,0.707106781,0.000000000,-0.657465818,0.753484372,0.000000000,1,0.067947643,3.893113
26.875444,1785227260.959406137,car4,car2,0.000000000,1.000000000,0.000000000,-0.079257917,0.996854143,0.000000000,1,0.079341133,4.545912
26.875444,1785227260.959406137,car4,car3,-1.000000000,0.000000000,0.000000000,-0.999897158,-0.014341346,0.000000000,1,0.014341838,0.821727
27.078089,1785227261.159483433,car1,car2,1.000000000,0.000000000,0.000000000,0.998765099,0.049681748,0.000000000,1,0.049702209,2.847727
27.078089,1785227261.159483433,car1,car3,0.000000000,-1.000000000,0.000000000,0.000941003,-0.999999557,0.000000000,1,0.000941003,0.053915
27.078089,1785227261.159483433,car1,car4,0.707106781,-0.707106781,0.000000000,0.657177084,-0.753736214,0.000000000,1,0.068330777,3.915065
27.078089,1785227261.159483433,car2,car1,-1.000000000,0.000000000,0.000000000,-0.998765099,-0.049681748,0.000000000,1,0.049702209,2.847727
27.078089,1785227261.159483433,car2,car4,0.000000000,-1.000000000,0.000000000,0.078672451,-0.996900519,0.000000000,1,0.078753833,4.512262
27.078089,1785227261.159483433,car3,car1,0.000000000,1.000000000,0.000000000,-0.000941003,0.999999557,0.000000000,1,0.000941003,0.053915
27.078089,1785227261.159483433,car3,car4,1.000000000,0.000000000,0.000000000,0.999831233,0.018371326,0.000000000,1,0.018372360,1.052659
27.078089,1785227261.159483433,car4,car1,-0.707106781,0.707106781,0.000000000,-0.657177084,0.753736214,0.000000000,1,0.068330777,3.915065
27.078089,1785227261.159483433,car4,car2,0.000000000,1.000000000,0.000000000,-0.078672451,0.996900519,0.000000000,1,0.078753833,4.512262
27.078089,1785227261.159483433,car4,car3,-1.000000000,0.000000000,0.000000000,-0.999831233,-0.018371326,0.000000000,1,0.018372360,1.052659
27.279810,1785227261.369475842,car1,car2,1.000000000,0.000000000,0.000000000,0.998961349,0.045565595,0.000000000,1,0.045581377,2.611621
27.279810,1785227261.369475842,car1,car3,0.000000000,-1.000000000,0.000000000,0.000702457,-0.999999753,0.000000000,1,0.000702457,0.040248
27.279810,1785227261.369475842,car1,car4,0.707106781,-0.707106781,0.000000000,0.655486598,-0.755206806,0.000000000,1,0.070571399,4.043443
27.279810,1785227261.369475842,car2,car1,-1.000000000,0.000000000,0.000000000,-0.998961349,-0.045565595,0.000000000,1,0.045581377,2.611621
27.279810,1785227261.369475842,car2,car4,0.000000000,-1.000000000,0.000000000,0.080930479,-0.996719749,0.000000000,1,0.081019086,4.642052
27.279810,1785227261.369475842,car3,car1,0.000000000,1.000000000,0.000000000,-0.000702457,0.999999753,0.000000000,1,0.000702457,0.040248
27.279810,1785227261.369475842,car3,car4,1.000000000,0.000000000,0.000000000,0.999868983,0.016186959,0.000000000,1,0.016187666,0.927485
27.279810,1785227261.369475842,car4,car1,-0.707106781,0.707106781,0.000000000,-0.655486598,0.755206806,0.000000000,1,0.070571399,4.043443
27.279810,1785227261.369475842,car4,car2,0.000000000,1.000000000,0.000000000,-0.080930479,0.996719749,0.000000000,1,0.081019086,4.642052
27.279810,1785227261.369475842,car4,car3,-1.000000000,0.000000000,0.000000000,-0.999868983,-0.016186959,0.000000000,1,0.016187666,0.927485
27.481354,1785227261.569602013,car1,car2,1.000000000,0.000000000,0.000000000,0.998938812,0.046057029,0.000000000,1,0.046073328,2.639807
27.481354,1785227261.569602013,car1,car3,0.000000000,-1.000000000,0.000000000,0.000993627,-0.999999506,0.000000000,1,0.000993627,0.056931
27.481354,1785227261.569602013,car1,car4,0.707106781,-0.707106781,0.000000000,0.656044286,-0.754722396,0.000000000,1,0.069832704,4.001119
27.481354,1785227261.569602013,car2,car1,-1.000000000,0.000000000,0.000000000,-0.998938812,-0.046057029,0.000000000,1,0.046073328,2.639807
27.481354,1785227261.569602013,car2,car4,0.000000000,-1.000000000,0.000000000,0.078583430,-0.996907541,0.000000000,1,0.078664536,4.507146
27.481354,1785227261.569602013,car3,car1,0.000000000,1.000000000,0.000000000,-0.000993627,0.999999506,0.000000000,1,0.000993627,0.056931
27.481354,1785227261.569602013,car3,car4,1.000000000,0.000000000,0.000000000,0.999883655,0.015253711,0.000000000,1,0.015254302,0.874007
27.481354,1785227261.569602013,car4,car1,-0.707106781,0.707106781,0.000000000,-0.656044286,0.754722396,0.000000000,1,0.069832704,4.001119
27.481354,1785227261.569602013,car4,car2,0.000000000,1.000000000,0.000000000,-0.078583430,0.996907541,0.000000000,1,0.078664536,4.507146
27.481354,1785227261.569602013,car4,car3,-1.000000000,0.000000000,0.000000000,-0.999883655,-0.015253711,0.000000000,1,0.015254302,0.874007
27.683319,1785227261.769627094,car1,car2,1.000000000,0.000000000,0.000000000,0.999189443,0.040254896,0.000000000,1,0.040265776,2.307059
27.683319,1785227261.769627094,car1,car3,0.000000000,-1.000000000,0.000000000,0.004541057,-0.999989689,0.000000000,1,0.004541072,0.260184
27.683319,1785227261.769627094,car1,car4,0.707106781,-0.707106781,0.000000000,0.654259967,-0.756269724,0.000000000,1,0.072194488,4.136439
27.683319,1785227261.769627094,car2,car1,-1.000000000,0.000000000,0.000000000,-0.999189443,-0.040254896,0.000000000,1,0.040265776,2.307059
27.683319,1785227261.769627094,car2,car4,0.000000000,-1.000000000,0.000000000,0.077312006,-0.997006948,0.000000000,1,0.077389232,4.434076
27.683319,1785227261.769627094,car3,car1,0.000000000,1.000000000,0.000000000,-0.004541057,0.999989689,0.000000000,1,0.004541072,0.260184
27.683319,1785227261.769627094,car3,car4,1.000000000,0.000000000,0.000000000,0.999814293,0.019271200,0.000000000,1,0.019272393,1.104227
27.683319,1785227261.769627094,car4,car1,-0.707106781,0.707106781,0.000000000,-0.654259967,0.756269724,0.000000000,1,0.072194488,4.136439
27.683319,1785227261.769627094,car4,car2,0.000000000,1.000000000,0.000000000,-0.077312006,0.997006948,0.000000000,1,0.077389232,4.434076
27.683319,1785227261.769627094,car4,car3,-1.000000000,0.000000000,0.000000000,-0.999814293,-0.019271200,0.000000000,1,0.019272393,1.104227
27.885067,1785227261.969483852,car1,car2,1.000000000,0.000000000,0.000000000,0.999150045,0.041221206,0.000000000,1,0.041232889,2.362471
27.885067,1785227261.969483852,car1,car3,0.000000000,-1.000000000,0.000000000,0.004983143,-0.999987584,0.000000000,1,0.004983164,0.285514
27.885067,1785227261.969483852,car1,car4,0.707106781,-0.707106781,0.000000000,0.654662055,-0.755921685,0.000000000,1,0.071662694,4.105970
27.885067,1785227261.969483852,car2,car1,-1.000000000,0.000000000,0.000000000,-0.999150045,-0.041221206,0.000000000,1,0.041232889,2.362471
27.885067,1785227261.969483852,car2,car4,0.000000000,-1.000000000,0.000000000,0.076847729,-0.997042841,0.000000000,1,0.076923569,4.407396
27.885067,1785227261.969483852,car3,car1,0.000000000,1.000000000,0.000000000,-0.004983143,0.999987584,0.000000000,1,0.004983164,0.285514
27.885067,1785227261.969483852,car3,car4,1.000000000,0.000000000,0.000000000,0.999879705,0.015510502,0.000000000,1,0.015511124,0.888722
27.885067,1785227261.969483852,car4,car1,-0.707106781,0.707106781,0.000000000,-0.654662055,0.755921685,0.000000000,1,0.071662694,4.105970
27.885067,1785227261.969483852,car4,car2,0.000000000,1.000000000,0.000000000,-0.076847729,0.997042841,0.000000000,1,0.076923569,4.407396
27.885067,1785227261.969483852,car4,car3,-1.000000000,0.000000000,0.000000000,-0.999879705,-0.015510502,0.000000000,1,0.015511124,0.888722
28.087041,1785227262.169504404,car1,car2,1.000000000,0.000000000,0.000000000,0.999284527,0.037821073,0.000000000,1,0.037830096,2.167505
28.087041,1785227262.169504404,car1,car3,0.000000000,-1.000000000,0.000000000,0.005017166,-0.999987414,0.000000000,1,0.005017187,0.287464
28.087041,1785227262.169504404,car1,car4,0.707106781,-0.707106781,0.000000000,0.653517984,-0.756910989,0.000000000,1,0.073175181,4.192629
28.087041,1785227262.169504404,car2,car1,-1.000000000,0.000000000,0.000000000,-0.999284527,-0.037821073,0.000000000,1,0.037830096,2.167505
28.087041,1785227262.169504404,car2,car4,0.000000000,-1.000000000,0.000000000,0.075781550,-0.997124444,0.000000000,1,0.075854272,4.346130
28.087041,1785227262.169504404,car3,car1,0.000000000,1.000000000,0.000000000,-0.005017166,0.999987414,0.000000000,1,0.005017187,0.287464
28.087041,1785227262.169504404,car3,car4,1.000000000,0.000000000,0.000000000,0.999856167,0.016960101,0.000000000,1,0.016960914,0.971789
28.087041,1785227262.169504404,car4,car1,-0.707106781,0.707106781,0.000000000,-0.653517984,0.756910989,0.000000000,1,0.073175181,4.192629
28.087041,1785227262.169504404,car4,car2,0.000000000,1.000000000,0.000000000,-0.075781550,0.997124444,0.000000000,1,0.075854272,4.346130
28.087041,1785227262.169504404,car4,car3,-1.000000000,0.000000000,0.000000000,-0.999856167,-0.016960101,0.000000000,1,0.016960914,0.971789
28.289342,1785227262.379473209,car1,car2,1.000000000,0.000000000,0.000000000,0.999342028,0.036269980,0.000000000,1,0.036277937,2.078573
28.289342,1785227262.379473209,car1,car3,0.000000000,-1.000000000,0.000000000,0.002627249,-0.999996549,0.000000000,1,0.002627252,0.150530
28.289342,1785227262.379473209,car1,car4,0.707106781,-0.707106781,0.000000000,0.651761128,-0.758424309,0.000000000,1,0.075493949,4.325485
28.289342,1785227262.379473209,car2,car1,-1.000000000,0.000000000,0.000000000,-0.999342028,-0.036269980,0.000000000,1,0.036277937,2.078573
28.289342,1785227262.379473209,car2,car4,0.000000000,-1.000000000,0.000000000,0.074141515,-0.997247730,0.000000000,1,0.074209609,4.251897
28.289342,1785227262.379473209,car3,car1,0.000000000,1.000000000,0.000000000,-0.002627249,0.999996549,0.000000000,1,0.002627252,0.150530
28.289342,1785227262.379473209,car3,car4,1.000000000,0.000000000,0.000000000,0.999836693,0.018071738,0.000000000,1,0.018072722,1.035491
28.289342,1785227262.379473209,car4,car1,-0.707106781,0.707106781,0.000000000,-0.651761128,0.758424309,0.000000000,1,0.075493949,4.325485
28.289342,1785227262.379473209,car4,car2,0.000000000,1.000000000,0.000000000,-0.074141515,0.997247730,0.000000000,1,0.074209609,4.251897
28.289342,1785227262.379473209,car4,car3,-1.000000000,0.000000000,0.000000000,-0.999836693,-0.018071738,0.000000000,1,0.018072722,1.035491
28.490855,1785227262.579487562,car1,car2,1.000000000,0.000000000,0.000000000,0.999496332,0.031734548,0.000000000,1,0.031739877,1.818561
28.490855,1785227262.579487562,car1,car3,0.000000000,-1.000000000,0.000000000,0.003590930,-0.999993553,0.000000000,1,0.003590938,0.205746
28.490855,1785227262.579487562,car1,car4,0.707106781,-0.707106781,0.000000000,0.651322404,-0.758801111,0.000000000,1,0.076072274,4.358620
28.490855,1785227262.579487562,car2,car1,-1.000000000,0.000000000,0.000000000,-0.999496332,-0.031734548,0.000000000,1,0.031739877,1.818561
28.490855,1785227262.579487562,car2,car4,0.000000000,-1.000000000,0.000000000,0.071053595,-0.997472499,0.000000000,1,0.071113518,4.074504
28.490855,1785227262.579487562,car3,car1,0.000000000,1.000000000,0.000000000,-0.003590930,0.999993553,0.000000000,1,0.003590938,0.205746
28.490855,1785227262.579487562,car3,car4,1.000000000,0.000000000,0.000000000,0.999844886,0.017612594,0.000000000,1,0.017613504,1.009179
28.490855,1785227262.579487562,car4,car1,-0.707106781,0.707106781,0.000000000,-0.651322404,0.758801111,0.000000000,1,0.076072274,4.358620
28.490855,1785227262.579487562,car4,car2,0.000000000,1.000000000,0.000000000,-0.071053595,0.997472499,0.000000000,1,0.071113518,4.074504
28.490855,1785227262.579487562,car4,car3,-1.000000000,0.000000000,0.000000000,-0.999844886,-0.017612594,0.000000000,1,0.017613504,1.009179
28.692468,1785227262.779549837,car1,car2,1.000000000,0.000000000,0.000000000,0.999549837,0.030002059,0.000000000,1,0.030006562,1.719249
28.692468,1785227262.779549837,car1,car3,0.000000000,-1.000000000,0.000000000,0.000520021,-0.999999865,0.000000000,1,0.000520021,0.029795
28.692468,1785227262.779549837,car1,car4,0.707106781,-0.707106781,0.000000000,0.651166504,-0.758934901,0.000000000,1,0.076277711,4.370391
28.692468,1785227262.779549837,car2,car1,-1.000000000,0.000000000,0.000000000,-0.999549837,-0.030002059,0.000000000,1,0.030006562,1.719249
28.692468,1785227262.779549837,car2,car4,0.000000000,-1.000000000,0.000000000,0.071502640,-0.997440410,0.000000000,1,0.071563709,4.100298
28.692468,1785227262.779549837,car3,car1,0.000000000,1.000000000,0.000000000,-0.000520021,0.999999865,0.000000000,1,0.000520021,0.029795
28.692468,1785227262.779549837,car3,car4,1.000000000,0.000000000,0.000000000,0.999738575,0.022864418,0.000000000,1,0.022866411,1.310149
28.692468,1785227262.779549837,car4,car1,-0.707106781,0.707106781,0.000000000,-0.651166504,0.758934901,0.000000000,1,0.076277711,4.370391
28.692468,1785227262.779549837,car4,car2,0.000000000,1.000000000,0.000000000,-0.071502640,0.997440410,0.000000000,1,0.071563709,4.100298
28.692468,1785227262.779549837,car4,car3,-1.000000000,0.000000000,0.000000000,-0.999738575,-0.022864418,0.000000000,1,0.022866411,1.310149
28.894056,1785227262.979583025,car1,car2,1.000000000,0.000000000,0.000000000,0.999575925,0.029119913,0.000000000,1,0.029124030,1.668684
28.894056,1785227262.979583025,car1,car3,0.000000000,-1.000000000,0.000000000,-0.001704113,-0.999998548,0.000000000,1,0.001704114,0.097639
28.894056,1785227262.979583025,car1,car4,0.707106781,-0.707106781,0.000000000,0.653462108,-0.756959228,0.000000000,1,0.073249000,4.196859
28.894056,1785227262.979583025,car2,car1,-1.000000000,0.000000000,0.000000000,-0.999575925,-0.029119913,0.000000000,1,0.029124030,1.668684
28.894056,1785227262.979583025,car2,car4,0.000000000,-1.000000000,0.000000000,0.076083303,-0.997101465,0.000000000,1,0.076156898,4.363469
28.894056,1785227262.979583025,car3,car1,0.000000000,1.000000000,0.000000000,0.001704113,0.999998548,0.000000000,1,0.001704114,0.097639
28.894056,1785227262.979583025,car3,car4,1.000000000,0.000000000,0.000000000,0.999658188,0.026143980,0.000000000,1,0.026146959,1.498110
28.894056,1785227262.979583025,car4,car1,-0.707106781,0.707106781,0.000000000,-0.653462108,0.756959228,0.000000000,1,0.073249000,4.196859
28.894056,1785227262.979583025,car4,car2,0.000000000,1.000000000,0.000000000,-0.076083303,0.997101465,0.000000000,1,0.076156898,4.363469
28.894056,1785227262.979583025,car4,car3,-1.000000000,0.000000000,0.000000000,-0.999658188,-0.026143980,0.000000000,1,0.026146959,1.498110
29.096111,1785227263.180077553,car1,car2,1.000000000,0.000000000,0.000000000,0.999575821,0.029123485,0.000000000,1,0.029127604,1.668889
29.096111,1785227263.180077553,car1,car3,0.000000000,-1.000000000,0.000000000,0.001051967,-0.999999447,0.000000000,1,0.001051967,0.060273
29.096111,1785227263.180077553,car1,car4,0.707106781,-0.707106781,0.000000000,0.653904262,-0.756577303,0.000000000,1,0.072664734,4.163383
29.096111,1785227263.180077553,car2,car1,-1.000000000,0.000000000,0.000000000,-0.999575821,-0.029123485,0.000000000,1,0.029127604,1.668889
29.096111,1785227263.180077553,car2,car4,0.000000000,-1.000000000,0.000000000,0.075009111,-0.997182848,0.000000000,1,0.075079628,4.301746
29.096111,1785227263.180077553,car3,car1,0.000000000,1.000000000,0.000000000,-0.001051967,0.999999447,0.000000000,1,0.001051967,0.060273
29.096111,1785227263.180077553,car3,car4,1.000000000,0.000000000,0.000000000,0.999619698,0.027576443,0.000000000,1,0.027579939,1.580214
29.096111,1785227263.180077553,car4,car1,-0.707106781,0.707106781,0.000000000,-0.653904262,0.756577303,0.000000000,1,0.072664734,4.163383
29.096111,1785227263.180077553,car4,car2,0.000000000,1.000000000,0.000000000,-0.075009111,0.997182848,0.000000000,1,0.075079628,4.301746
29.096111,1785227263.180077553,car4,car3,-1.000000000,0.000000000,0.000000000,-0.999619698,-0.027576443,0.000000000,1,0.027579939,1.580214
29.298367,1785227263.389584541,car1,car2,1.000000000,0.000000000,0.000000000,0.999587814,0.028708932,0.000000000,1,0.028712877,1.645127
29.298367,1785227263.389584541,car1,car3,0.000000000,-1.000000000,0.000000000,-0.000060400,-0.999999998,0.000000000,1,0.000060400,0.003461
29.298367,1785227263.389584541,car1,car4,0.707106781,-0.707106781,0.000000000,0.652203007,-0.758044351,0.000000000,1,0.074911176,4.292094
29.298367,1785227263.389584541,car2,car1,-1.000000000,0.000000000,0.000000000,-0.999587814,-0.028708932,0.000000000,1,0.028712877,1.645127
29.298367,1785227263.389584541,car2,car4,0.000000000,-1.000000000,0.000000000,0.077916615,-0.996959879,0.000000000,1,0.077995670,4.468823
29.298367,1785227263.389584541,car3,car1,0.000000000,1.000000000,0.000000000,0.000060400,0.999999998,0.000000000,1,0.000060400,0.003461
29.298367,1785227263.389584541,car3,car4,1.000000000,0.000000000,0.000000000,0.999709920,0.024084768,0.000000000,1,0.024087097,1.380089
29.298367,1785227263.389584541,car4,car1,-0.707106781,0.707106781,0.000000000,-0.652203007,0.758044351,0.000000000,1,0.074911176,4.292094
29.298367,1785227263.389584541,car4,car2,0.000000000,1.000000000,0.000000000,-0.077916615,0.996959879,0.000000000,1,0.077995670,4.468823
29.298367,1785227263.389584541,car4,car3,-1.000000000,0.000000000,0.000000000,-0.999709920,-0.024084768,0.000000000,1,0.024087097,1.380089
29.500145,1785227263.589474916,car1,car2,1.000000000,0.000000000,0.000000000,0.999566754,0.029433058,0.000000000,1,0.029437310,1.686634
29.500145,1785227263.589474916,car1,car3,0.000000000,-1.000000000,0.000000000,0.003722441,-0.999993072,0.000000000,1,0.003722450,0.213281
29.500145,1785227263.589474916,car1,car4,0.707106781,-0.707106781,0.000000000,0.653390759,-0.757020816,0.000000000,1,0.073343253,4.202259
29.500145,1785227263.589474916,car2,car1,-1.000000000,0.000000000,0.000000000,-0.999566754,-0.029433058,0.000000000,1,0.029437310,1.686634
29.500145,1785227263.589474916,car2,car4,0.000000000,-1.000000000,0.000000000,0.076516038,-0.997068351,0.000000000,1,0.076590899,4.388335
29.500145,1785227263.589474916,car3,car1,0.000000000,1.000000000,0.000000000,-0.003722441,0.999993072,0.000000000,1,0.003722450,0.213281
29.500145,1785227263.589474916,car3,car4,1.000000000,0.000000000,0.000000000,0.999756291,0.022076193,0.000000000,1,0.022077987,1.264975
29.500145,1785227263.589474916,car4,car1,-0.707106781,0.707106781,0.000000000,-0.653390759,0.757020816,0.000000000,1,0.073343253,4.202259
29.500145,1785227263.589474916,car4,car2,0.000000000,1.000000000,0.000000000,-0.076516038,0.997068351,0.000000000,1,0.076590899,4.388335
29.500145,1785227263.589474916,car4,car3,-1.000000000,0.000000000,0.000000000,-0.999756291,-0.022076193,0.000000000,1,0.022077987,1.264975
29.701895,1785227263.789451838,car1,car2,1.000000000,0.000000000,0.000000000,0.999555763,0.029803970,0.000000000,1,0.029808384,1.707895
29.701895,1785227263.789451838,car1,car3,0.000000000,-1.000000000,0.000000000,0.002638870,-0.999996518,0.000000000,1,0.002638873,0.151196
29.701895,1785227263.789451838,car1,car4,0.707106781,-0.707106781,0.000000000,0.651977244,-0.758238533,0.000000000,1,0.075208960,4.309156
29.701895,1785227263.789451838,car2,car1,-1.000000000,0.000000000,0.000000000,-0.999555763,-0.029803970,0.000000000,1,0.029808384,1.707895
29.701895,1785227263.789451838,car2,car4,0.000000000,-1.000000000,0.000000000,0.078076385,-0.996947380,0.000000000,1,0.078155928,4.478005
29.701895,1785227263.789451838,car3,car1,0.000000000,1.000000000,0.000000000,-0.002638870,0.999996518,0.000000000,1,0.002638873,0.151196
29.701895,1785227263.789451838,car3,car4,1.000000000,0.000000000,0.000000000,0.999681612,0.025232426,0.000000000,1,0.025235104,1.445865
29.701895,1785227263.789451838,car4,car1,-0.707106781,0.707106781,0.000000000,-0.651977244,0.758238533,0.000000000,1,0.075208960,4.309156
29.701895,1785227263.789451838,car4,car2,0.000000000,1.000000000,0.000000000,-0.078076385,0.996947380,0.000000000,1,0.078155928,4.478005
29.701895,1785227263.789451838,car4,car3,-1.000000000,0.000000000,0.000000000,-0.999681612,-0.025232426,0.000000000,1,0.025235104,1.445865
29.903520,1785227263.989579201,car1,car2,1.000000000,0.000000000,0.000000000,0.999547982,0.030063805,0.000000000,1,0.030068335,1.722789
29.903520,1785227263.989579201,car1,car3,0.000000000,-1.000000000,0.000000000,0.006371456,-0.999979702,0.000000000,1,0.006371499,0.365060
29.903520,1785227263.989579201,car1,car4,0.707106781,-0.707106781,0.000000000,0.654532215,-0.756034113,0.000000000,1,0.071834444,4.115810
29.903520,1785227263.989579201,car2,car1,-1.000000000,0.000000000,0.000000000,-0.999547982,-0.030063805,0.000000000,1,0.030068335,1.722789
29.903520,1785227263.989579201,car2,car4,0.000000000,-1.000000000,0.000000000,0.079587431,-0.996827889,0.000000000,1,0.079671691,4.564852
29.903520,1785227263.989579201,car3,car1,0.000000000,1.000000000,0.000000000,-0.006371456,0.999979702,0.000000000,1,0.006371499,0.365060
29.903520,1785227263.989579201,car3,car4,1.000000000,0.000000000,0.000000000,0.999482195,0.032176715,0.000000000,1,0.032182269,1.843908
29.903520,1785227263.989579201,car4,car1,-0.707106781,0.707106781,0.000000000,-0.654532215,0.756034113,0.000000000,1,0.071834444,4.115810
29.903520,1785227263.989579201,car4,car2,0.000000000,1.000000000,0.000000000,-0.079587431,0.996827889,0.000000000,1,0.079671691,4.564852
29.903520,1785227263.989579201,car4,car3,-1.000000000,0.000000000,0.000000000,-0.999482195,-0.032176715,0.000000000,1,0.032182269,1.843908
30.105365,1785227264.189594269,car1,car2,1.000000000,0.000000000,0.000000000,0.999606172,0.028062451,0.000000000,1,0.028066135,1.608071
30.105365,1785227264.189594269,car1,car3,0.000000000,-1.000000000,0.000000000,0.004060357,-0.999991757,0.000000000,1,0.004060368,0.232642
30.105365,1785227264.189594269,car1,car4,0.707106781,-0.707106781,0.000000000,0.651159496,-0.758940914,0.000000000,1,0.076286944,4.370920
30.105365,1785227264.189594269,car2,car1,-1.000000000,0.000000000,0.000000000,-0.999606172,-0.028062451,0.000000000,1,0.028066135,1.608071
30.105365,1785227264.189594269,car2,car4,0.000000000,-1.000000000,0.000000000,0.078693161,-0.996898885,0.000000000,1,0.078774607,4.513453
30.105365,1785227264.189594269,car3,car1,0.000000000,1.000000000,0.000000000,-0.004060357,0.999991757,0.000000000,1,0.004060368,0.232642
30.105365,1785227264.189594269,car3,car4,1.000000000,0.000000000,0.000000000,0.999762318,0.021801566,0.000000000,1,0.021803294,1.249237
30.105365,1785227264.189594269,car4,car1,-0.707106781,0.707106781,0.000000000,-0.651159496,0.758940914,0.000000000,1,0.076286944,4.370920
30.105365,1785227264.189594269,car4,car2,0.000000000,1.000000000,0.000000000,-0.078693161,0.996898885,0.000000000,1,0.078774607,4.513453
30.105365,1785227264.189594269,car4,car3,-1.000000000,0.000000000,0.000000000,-0.999762318,-0.021801566,0.000000000,1,0.021803294,1.249237
30.308395,1785227264.399513483,car1,car2,1.000000000,0.000000000,0.000000000,0.999559099,0.029691870,0.000000000,1,0.029696234,1.701469
30.308395,1785227264.399513483,car1,car3,0.000000000,-1.000000000,0.000000000,0.007718188,-0.999970214,0.000000000,1,0.007718265,0.442224
30.308395,1785227264.399513483,car1,car4,0.707106781,-0.707106781,0.000000000,0.653254854,-0.757138095,0.000000000,1,0.073522766,4.212544
30.308395,1785227264.399513483,car2,car1,-1.000000000,0.000000000,0.000000000,-0.999559099,-0.029691870,0.000000000,1,0.029696234,1.701469
30.308395,1785227264.399513483,car2,car4,0.000000000,-1.000000000,0.000000000,0.079130545,-0.996864262,0.000000000,1,0.079213359,4.538591
30.308395,1785227264.399513483,car3,car1,0.000000000,1.000000000,0.000000000,-0.007718188,0.999970214,0.000000000,1,0.007718265,0.442224
30.308395,1785227264.399513483,car3,car4,1.000000000,0.000000000,0.000000000,0.999752473,0.022248430,0.000000000,1,0.022250266,1.274846
30.308395,1785227264.399513483,car4,car1,-0.707106781,0.707106781,0.000000000,-0.653254854,0.757138095,0.000000000,1,0.073522766,4.212544
30.308395,1785227264.399513483,car4,car2,0.000000000,1.000000000,0.000000000,-0.079130545,0.996864262,0.000000000,1,0.079213359,4.538591
30.308395,1785227264.399513483,car4,car3,-1.000000000,0.000000000,0.000000000,-0.999752473,-0.022248430,0.000000000,1,0.022250266,1.274846
30.510086,1785227264.599478960,car1,car2,1.000000000,0.000000000,0.000000000,0.999629694,0.027211652,0.000000000,1,0.027215011,1.559305
30.510086,1785227264.599478960,car1,car3,0.000000000,-1.000000000,0.000000000,0.009355329,-0.999956238,0.000000000,1,0.009355465,0.536029
30.510086,1785227264.599478960,car1,car4,0.707106781,-0.707106781,0.000000000,0.651506200,-0.758643310,0.000000000,1,0.075830029,4.344741
30.510086,1785227264.599478960,car2,car1,-1.000000000,0.000000000,0.000000000,-0.999629694,-0.027211652,0.000000000,1,0.027215011,1.559305
30.510086,1785227264.599478960,car2,car4,0.000000000,-1.000000000,0.000000000,0.078996127,-0.996874923,0.000000000,1,0.079078520,4.530865
30.510086,1785227264.599478960,car3,car1,0.000000000,1.000000000,0.000000000,-0.009355329,0.999956238,0.000000000,1,0.009355465,0.536029
30.510086,1785227264.599478960,car3,car4,1.000000000,0.000000000,0.000000000,0.999692211,0.024808925,0.000000000,1,0.024811471,1.421593
30.510086,1785227264.599478960,car4,car1,-0.707106781,0.707106781,0.000000000,-0.651506200,0.758643310,0.000000000,1,0.075830029,4.344741
30.510086,1785227264.599478960,car4,car2,0.000000000,1.000000000,0.000000000,-0.078996127,0.996874923,0.000000000,1,0.079078520,4.530865
30.510086,1785227264.599478960,car4,car3,-1.000000000,0.000000000,0.000000000,-0.999692211,-0.024808925,0.000000000,1,0.024811471,1.421593
30.712016,1785227264.789429665,car1,car2,1.000000000,0.000000000,0.000000000,0.999594941,0.028459680,0.000000000,1,0.028463524,1.630840
30.712016,1785227264.789429665,car1,car3,0.000000000,-1.000000000,0.000000000,0.012183397,-0.999925780,0.000000000,1,0.012183698,0.698075
30.712016,1785227264.789429665,car1,car4,0.707106781,-0.707106781,0.000000000,0.652159442,-0.758081831,0.000000000,1,0.074968644,4.295387
30.712016,1785227264.789429665,car2,car1,-1.000000000,0.000000000,0.000000000,-0.999594941,-0.028459680,0.000000000,1,0.028463524,1.630840
30.712016,1785227264.789429665,car2,car4,0.000000000,-1.000000000,0.000000000,0.077141801,-0.997020131,0.000000000,1,0.077218517,4.424295
30.712016,1785227264.789429665,car3,car1,0.000000000,1.000000000,0.000000000,-0.012183397,0.999925780,0.000000000,1,0.012183698,0.698075
30.712016,1785227264.789429665,car3,car4,1.000000000,0.000000000,0.000000000,0.999788508,0.020565482,0.000000000,1,0.020566932,1.178398
30.712016,1785227264.789429665,car4,car1,-0.707106781,0.707106781,0.000000000,-0.652159442,0.758081831,0.000000000,1,0.074968644,4.295387
30.712016,1785227264.789429665,car4,car2,0.000000000,1.000000000,0.000000000,-0.077141801,0.997020131,0.000000000,1,0.077218517,4.424295
30.712016,1785227264.789429665,car4,car3,-1.000000000,0.000000000,0.000000000,-0.999788508,-0.020565482,0.000000000,1,0.020566932,1.178398
30.913675,1785227264.989433527,car1,car2,1.000000000,0.000000000,0.000000000,0.999613492,0.027800493,0.000000000,1,0.027804076,1.593056
30.913675,1785227264.989433527,car1,car3,0.000000000,-1.000000000,0.000000000,0.011412636,-0.999934874,0.000000000,1,0.011412884,0.653910
30.913675,1785227264.989433527,car1,car4,0.707106781,-0.707106781,0.000000000,0.650761218,-0.759282448,0.000000000,1,0.076811607,4.400981
30.913675,1785227264.989433527,car2,car1,-1.000000000,0.000000000,0.000000000,-0.999613492,-0.027800493,0.000000000,1,0.027804076,1.593056
30.913675,1785227264.989433527,car2,car4,0.000000000,-1.000000000,0.000000000,0.078563782,-0.996909089,0.000000000,1,0.078644827,4.506017
30.913675,1785227264.989433527,car3,car1,0.000000000,1.000000000,0.000000000,-0.011412636,0.999934874,0.000000000,1,0.011412884,0.653910
30.913675,1785227264.989433527,car3,car4,1.000000000,0.000000000,0.000000000,0.999795067,0.020244109,0.000000000,1,0.020245492,1.159981
30.913675,1785227264.989433527,car4,car1,-0.707106781,0.707106781,0.000000000,-0.650761218,0.759282448,0.000000000,1,0.076811607,4.400981
30.913675,1785227264.989433527,car4,car2,0.000000000,1.000000000,0.000000000,-0.078563782,0.996909089,0.000000000,1,0.078644827,4.506017
30.913675,1785227264.989433527,car4,car3,-1.000000000,0.000000000,0.000000000,-0.999795067,-0.020244109,0.000000000,1,0.020245492,1.159981
31.115422,1785227265.199671745,car1,car2,1.000000000,0.000000000,0.000000000,0.999562271,0.029584906,0.000000000,1,0.029589223,1.695338
31.115422,1785227265.199671745,car1,car3,0.000000000,-1.000000000,0.000000000,0.017028954,-0.999854997,0.000000000,1,0.017029777,0.975734
31.115422,1785227265.199671745,car1,car4,0.707106781,-0.707106781,0.000000000,0.651681319,-0.758492886,0.000000000,1,0.075599174,4.331514
31.115422,1785227265.199671745,car2,car1,-1.000000000,0.000000000,0.000000000,-0.999562271,-0.029584906,0.000000000,1,0.029589223,1.695338
31.115422,1785227265.199671745,car2,car4,0.000000000,-1.000000000,0.000000000,0.078468131,-0.996916623,0.000000000,1,0.078548879,4.500519
31.115422,1785227265.199671745,car3,car1,0.000000000,1.000000000,0.000000000,-0.017028954,0.999854997,0.000000000,1,0.017029777,0.975734
31.115422,1785227265.199671745,car3,car4,1.000000000,0.000000000,0.000000000,0.999700814,0.024459813,0.000000000,1,0.024462253,1.401584
31.115422,1785227265.199671745,car4,car1,-0.707106781,0.707106781,0.000000000,-0.651681319,0.758492886,0.000000000,1,0.075599174,4.331514
31.115422,1785227265.199671745,car4,car2,0.000000000,1.000000000,0.000000000,-0.078468131,0.996916623,0.000000000,1,0.078548879,4.500519
31.115422,1785227265.199671745,car4,car3,-1.000000000,0.000000000,0.000000000,-0.999700814,-0.024459813,0.000000000,1,0.024462253,1.401584
31.317925,1785227265.409466267,car1,car2,1.000000000,0.000000000,0.000000000,0.999558268,0.029719824,0.000000000,1,0.029724201,1.703071
31.317925,1785227265.409466267,car1,car3,0.000000000,-1.000000000,0.000000000,0.013476864,-0.999909183,0.000000000,1,0.013477272,0.772191
31.317925,1785227265.409466267,car1,car4,0.707106781,-0.707106781,0.000000000,0.648458365,-0.761250123,0.000000000,1,0.079840614,4.574530
31.317925,1785227265.409466267,car2,car1,-1.000000000,0.000000000,0.000000000,-0.999558268,-0.029719824,0.000000000,1,0.029724201,1.703071
31.317925,1785227265.409466267,car2,car4,0.000000000,-1.000000000,0.000000000,0.077117173,-0.997022037,0.000000000,1,0.077193815,4.422880
31.317925,1785227265.409466267,car3,car1,0.000000000,1.000000000,0.000000000,-0.013476864,0.999909183,0.000000000,1,0.013477272,0.772191
31.317925,1785227265.409466267,car3,car4,1.000000000,0.000000000,0.000000000,0.999872033,0.015997423,0.000000000,1,0.015998106,0.916624
31.317925,1785227265.409466267,car4,car1,-0.707106781,0.707106781,0.000000000,-0.648458365,0.761250123,0.000000000,1,0.079840614,4.574530
31.317925,1785227265.409466267,car4,car2,0.000000000,1.000000000,0.000000000,-0.077117173,0.997022037,0.000000000,1,0.077193815,4.422880
31.317925,1785227265.409466267,car4,car3,-1.000000000,0.000000000,0.000000000,-0.999872033,-0.015997423,0.000000000,1,0.015998106,0.916624
31.519468,1785227265.609469652,car1,car2,1.000000000,0.000000000,0.000000000,0.999498761,0.031657952,0.000000000,1,0.031663243,1.814170
31.519468,1785227265.609469652,car1,car3,0.000000000,-1.000000000,0.000000000,0.010237950,-0.999947591,0.000000000,1,0.010238129,0.586602
31.519468,1785227265.609469652,car1,car4,0.707106781,-0.707106781,0.000000000,0.647509613,-0.762057282,0.000000000,1,0.081086261,4.645901
31.519468,1785227265.609469652,car2,car1,-1.000000000,0.000000000,0.000000000,-0.999498761,-0.031657952,0.000000000,1,0.031663243,1.814170
31.519468,1785227265.609469652,car2,car4,0.000000000,-1.000000000,0.000000000,0.077635217,-0.996981832,0.000000000,1,0.077713417,4.452651
31.519468,1785227265.609469652,car3,car1,0.000000000,1.000000000,0.000000000,-0.010237950,0.999947591,0.000000000,1,0.010238129,0.586602
31.519468,1785227265.609469652,car3,car4,1.000000000,0.000000000,0.000000000,0.999856740,0.016926279,0.000000000,1,0.016927087,0.969851
31.519468,1785227265.609469652,car4,car1,-0.707106781,0.707106781,0.000000000,-0.647509613,0.762057282,0.000000000,1,0.081086261,4.645901
31.519468,1785227265.609469652,car4,car2,0.000000000,1.000000000,0.000000000,-0.077635217,0.996981832,0.000000000,1,0.077713417,4.452651
31.519468,1785227265.609469652,car4,car3,-1.000000000,0.000000000,0.000000000,-0.999856740,-0.016926279,0.000000000,1,0.016927087,0.969851
31.721302,1785227265.809458494,car1,car2,1.000000000,0.000000000,0.000000000,0.999433949,0.033641948,0.000000000,1,0.033648297,1.927905
31.721302,1785227265.809458494,car1,car3,0.000000000,-1.000000000,0.000000000,0.012947004,-0.999916184,0.000000000,1,0.012947366,0.741829
31.721302,1785227265.809458494,car1,car4,0.707106781,-0.707106781,0.000000000,0.649039613,-0.760754613,0.000000000,1,0.079076821,4.530768
31.721302,1785227265.809458494,car2,car1,-1.000000000,0.000000000,0.000000000,-0.999433949,-0.033641948,0.000000000,1,0.033648297,1.927905
31.721302,1785227265.809458494,car2,car4,0.000000000,-1.000000000,0.000000000,0.078769903,-0.996892824,0.000000000,1,0.078851588,4.517863
31.721302,1785227265.809458494,car3,car1,0.000000000,1.000000000,0.000000000,-0.012947004,0.999916184,0.000000000,1,0.012947366,0.741829
31.721302,1785227265.809458494,car3,car4,1.000000000,0.000000000,0.000000000,0.999764921,0.021681841,0.000000000,1,0.021683540,1.242375
31.721302,1785227265.809458494,car4,car1,-0.707106781,0.707106781,0.000000000,-0.649039613,0.760754613,0.000000000,1,0.079076821,4.530768
31.721302,1785227265.809458494,car4,car2,0.000000000,1.000000000,0.000000000,-0.078769903,0.996892824,0.000000000,1,0.078851588,4.517863
31.721302,1785227265.809458494,car4,car3,-1.000000000,0.000000000,0.000000000,-0.999764921,-0.021681841,0.000000000,1,0.021683540,1.242375
31.922927,1785227266.009586811,car1,car2,1.000000000,0.000000000,0.000000000,0.999426099,0.033874356,0.000000000,1,0.033880838,1.941229
31.922927,1785227266.009586811,car1,car3,0.000000000,-1.000000000,0.000000000,0.009498471,-0.999954889,0.000000000,1,0.009498614,0.544231
31.922927,1785227266.009586811,car1,car4,0.707106781,-0.707106781,0.000000000,0.645620492,-0.763658419,0.000000000,1,0.083562634,4.787786
31.922927,1785227266.009586811,car2,car1,-1.000000000,0.000000000,0.000000000,-0.999426099,-0.033874356,0.000000000,1,0.033880838,1.941229
31.922927,1785227266.009586811,car2,car4,0.000000000,-1.000000000,0.000000000,0.077063133,-0.997026215,0.000000000,1,0.077139614,4.419774
31.922927,1785227266.009586811,car3,car1,0.000000000,1.000000000,0.000000000,-0.009498471,0.999954889,0.000000000,1,0.009498614,0.544231
31.922927,1785227266.009586811,car3,car4,1.000000000,0.000000000,0.000000000,0.999856224,0.016956763,0.000000000,1,0.016957575,0.971597
31.922927,1785227266.009586811,car4,car1,-0.707106781,0.707106781,0.000000000,-0.645620492,0.763658419,0.000000000,1,0.083562634,4.787786
31.922927,1785227266.009586811,car4,car2,0.000000000,1.000000000,0.000000000,-0.077063133,0.997026215,0.000000000,1,0.077139614,4.419774
31.922927,1785227266.009586811,car4,car3,-1.000000000,0.000000000,0.000000000,-0.999856224,-0.016956763,0.000000000,1,0.016957575,0.971597
32.124809,1785227266.209709883,car1,car2,1.000000000,0.000000000,0.000000000,0.999403693,0.034529099,0.000000000,1,0.034535964,1.978765
32.124809,1785227266.209709883,car1,car3,0.000000000,-1.000000000,0.000000000,0.008819893,-0.999961104,0.000000000,1,0.008820007,0.505349
32.124809,1785227266.209709883,car1,car4,0.707106781,-0.707106781,0.000000000,0.646256749,-0.763120053,0.000000000,1,0.082729170,4.740032
32.124809,1785227266.209709883,car2,car1,-1.000000000,0.000000000,0.000000000,-0.999403693,-0.034529099,0.000000000,1,0.034535964,1.978765
32.124809,1785227266.209709883,car2,car4,0.000000000,-1.000000000,0.000000000,0.078816094,-0.996889173,0.000000000,1,0.078897924,4.520518
32.124809,1785227266.209709883,car3,car1,0.000000000,1.000000000,0.000000000,-0.008819893,0.999961104,0.000000000,1,0.008820007,0.505349
32.124809,1785227266.209709883,car3,car4,1.000000000,0.000000000,0.000000000,0.999802708,0.019863173,0.000000000,1,0.019864479,1.138151
32.124809,1785227266.209709883,car4,car1,-0.707106781,0.707106781,0.000000000,-0.646256749,0.763120053,0.000000000,1,0.082729170,4.740032
32.124809,1785227266.209709883,car4,car2,0.000000000,1.000000000,0.000000000,-0.078816094,0.996889173,0.000000000,1,0.078897924,4.520518
32.124809,1785227266.209709883,car4,car3,-1.000000000,0.000000000,0.000000000,-0.999802708,-0.019863173,0.000000000,1,0.019864479,1.138151
32.326703,1785227266.409625530,car1,car2,1.000000000,0.000000000,0.000000000,0.999443684,0.033351506,0.000000000,1,0.033357692,1.911255
32.326703,1785227266.409625530,car1,car3,0.000000000,-1.000000000,0.000000000,0.008764640,-0.999961590,0.000000000,1,0.008764752,0.502183
32.326703,1785227266.409625530,car1,car4,0.707106781,-0.707106781,0.000000000,0.644489974,-0.764612761,0.000000000,1,0.085042107,4.872554
32.326703,1785227266.409625530,car2,car1,-1.000000000,0.000000000,0.000000000,-0.999443684,-0.033351506,0.000000000,1,0.033357692,1.911255
32.326703,1785227266.409625530,car2,car4,0.000000000,-1.000000000,0.000000000,0.078879353,-0.996884170,0.000000000,1,0.078961380,4.524154
32.326703,1785227266.409625530,car3,car1,0.000000000,1.000000000,0.000000000,-0.008764640,0.999961590,0.000000000,1,0.008764752,0.502183
32.326703,1785227266.409625530,car3,car4,1.000000000,0.000000000,0.000000000,0.999644538,0.026660802,0.000000000,1,0.026663962,1.527732
32.326703,1785227266.409625530,car4,car1,-0.707106781,0.707106781,0.000000000,-0.644489974,0.764612761,0.000000000,1,0.085042107,4.872554
32.326703,1785227266.409625530,car4,car2,0.000000000,1.000000000,0.000000000,-0.078879353,0.996884170,0.000000000,1,0.078961380,4.524154
32.326703,1785227266.409625530,car4,car3,-1.000000000,0.000000000,0.000000000,-0.999644538,-0.026660802,0.000000000,1,0.026663962,1.527732
32.529509,1785227266.599634409,car1,car2,1.000000000,0.000000000,0.000000000,0.999383491,0.035108930,0.000000000,1,0.035116147,2.012007
32.529509,1785227266.599634409,car1,car3,0.000000000,-1.000000000,0.000000000,0.010751283,-0.999942203,0.000000000,1,0.010751490,0.616015
32.529509,1785227266.599634409,car1,car4,0.707106781,-0.707106781,0.000000000,0.645020519,-0.764165250,0.000000000,1,0.084348029,4.832786
32.529509,1785227266.599634409,car2,car1,-1.000000000,0.000000000,0.000000000,-0.999383491,-0.035108930,0.000000000,1,0.035116147,2.012007
32.529509,1785227266.599634409,car2,car4,0.000000000,-1.000000000,0.000000000,0.079084062,-0.996867951,0.000000000,1,0.079166731,4.535920
32.529509,1785227266.599634409,car3,car1,0.000000000,1.000000000,0.000000000,-0.010751283,0.999942203,0.000000000,1,0.010751490,0.616015
32.529509,1785227266.599634409,car3,car4,1.000000000,0.000000000,0.000000000,0.999817494,0.019104408,0.000000000,1,0.019105570,1.094669
32.529509,1785227266.599634409,car4,car1,-0.707106781,0.707106781,0.000000000,-0.645020519,0.764165250,0.000000000,1,0.084348029,4.832786
32.529509,1785227266.599634409,car4,car2,0.000000000,1.000000000,0.000000000,-0.079084062,0.996867951,0.000000000,1,0.079166731,4.535920
32.529509,1785227266.599634409,car4,car3,-1.000000000,0.000000000,0.000000000,-0.999817494,-0.019104408,0.000000000,1,0.019105570,1.094669
32.731684,1785227266.789751053,car1,car2,1.000000000,0.000000000,0.000000000,0.999363088,0.035684978,0.000000000,1,0.035692556,2.045033
32.731684,1785227266.789751053,car1,car3,0.000000000,-1.000000000,0.000000000,0.008703554,-0.999962123,0.000000000,1,0.008703664,0.498683
32.731684,1785227266.789751053,car1,car4,0.707106781,-0.707106781,0.000000000,0.642795560,-0.766037772,0.000000000,1,0.087256084,4.999405
32.731684,1785227266.789751053,car2,car1,-1.000000000,0.000000000,0.000000000,-0.999363088,-0.035684978,0.000000000,1,0.035692556,2.045033
32.731684,1785227266.789751053,car2,car4,0.000000000,-1.000000000,0.000000000,0.077588253,-0.996985488,0.000000000,1,0.077666311,4.449952
32.731684,1785227266.789751053,car3,car1,0.000000000,1.000000000,0.000000000,-0.008703554,0.999962123,0.000000000,1,0.008703664,0.498683
32.731684,1785227266.789751053,car3,car4,1.000000000,0.000000000,0.000000000,0.999785753,0.020698980,0.000000000,1,0.020700458,1.186049
32.731684,1785227266.789751053,car4,car1,-0.707106781,0.707106781,0.000000000,-0.642795560,0.766037772,0.000000000,1,0.087256084,4.999405
32.731684,1785227266.789751053,car4,car2,0.000000000,1.000000000,0.000000000,-0.077588253,0.996985488,0.000000000,1,0.077666311,4.449952
32.731684,1785227266.789751053,car4,car3,-1.000000000,0.000000000,0.000000000,-0.999785753,-0.020698980,0.000000000,1,0.020700458,1.186049
32.933685,1785227266.999501467,car1,car2,1.000000000,0.000000000,0.000000000,0.999329019,0.036626661,0.000000000,1,0.036634855,2.099023
32.933685,1785227266.999501467,car1,car3,0.000000000,-1.000000000,0.000000000,0.009746739,-0.999952499,0.000000000,1,0.009746893,0.558456
32.933685,1785227266.999501467,car1,car4,0.707106781,-0.707106781,0.000000000,0.643430068,-0.765504897,0.000000000,1,0.086427498,4.951931
32.933685,1785227266.999501467,car2,car1,-1.000000000,0.000000000,0.000000000,-0.999329019,-0.036626661,0.000000000,1,0.036634855,2.099023
32.933685,1785227266.999501467,car2,car4,0.000000000,-1.000000000,0.000000000,0.079075404,-0.996868638,0.000000000,1,0.079158045,4.535422
32.933685,1785227266.999501467,car3,car1,0.000000000,1.000000000,0.000000000,-0.009746739,0.999952499,0.000000000,1,0.009746893,0.558456
32.933685,1785227266.999501467,car3,car4,1.000000000,0.000000000,0.000000000,0.999630072,0.027197773,0.000000000,1,0.027201127,1.558510
32.933685,1785227266.999501467,car4,car1,-0.707106781,0.707106781,0.000000000,-0.643430068,0.765504897,0.000000000,1,0.086427498,4.951931
32.933685,1785227266.999501467,car4,car2,0.000000000,1.000000000,0.000000000,-0.079075404,0.996868638,0.000000000,1,0.079158045,4.535422
32.933685,1785227266.999501467,car4,car3,-1.000000000,0.000000000,0.000000000,-0.999630072,-0.027197773,0.000000000,1,0.027201127,1.558510
33.135668,1785227267.179458857,car1,car2,1.000000000,0.000000000,0.000000000,0.999365929,0.035605328,0.000000000,1,0.035612855,2.040466
33.135668,1785227267.179458857,car1,car3,0.000000000,-1.000000000,0.000000000,0.009912273,-0.999950872,0.000000000,1,0.009912436,0.567941
33.135668,1785227267.179458857,car1,car4,0.707106781,-0.707106781,0.000000000,0.641339413,-0.767257295,0.000000000,1,0.089155453,5.108231
33.135668,1785227267.179458857,car2,car1,-1.000000000,0.000000000,0.000000000,-0.999365929,-0.035605328,0.000000000,1,0.035612855,2.040466
33.135668,1785227267.179458857,car2,car4,0.000000000,-1.000000000,0.000000000,0.078457675,-0.996917446,0.000000000,1,0.078538391,4.499918
33.135668,1785227267.179458857,car3,car1,0.000000000,1.000000000,0.000000000,-0.009912273,0.999950872,0.000000000,1,0.009912436,0.567941
33.135668,1785227267.179458857,car3,car4,1.000000000,0.000000000,0.000000000,0.999797200,0.020138469,0.000000000,1,0.020139831,1.153927
33.135668,1785227267.179458857,car4,car1,-0.707106781,0.707106781,0.000000000,-0.641339413,0.767257295,0.000000000,1,0.089155453,5.108231
33.135668,1785227267.179458857,car4,car2,0.000000000,1.000000000,0.000000000,-0.078457675,0.996917446,0.000000000,1,0.078538391,4.499918
33.135668,1785227267.179458857,car4,car3,-1.000000000,0.000000000,0.000000000,-0.999797200,-0.020138469,0.000000000,1,0.020139831,1.153927
33.338986,1785227267.429474831,car1,car2,1.000000000,0.000000000,0.000000000,0.999385932,0.035039380,0.000000000,1,0.035046554,2.008020
33.338986,1785227267.429474831,car1,car3,0.000000000,-1.000000000,0.000000000,0.005340086,-0.999985742,0.000000000,1,0.005340112,0.305966
33.338986,1785227267.429474831,car1,car4,0.707106781,-0.707106781,0.000000000,0.641819868,-0.766855434,0.000000000,1,0.088529091,5.072343
33.338986,1785227267.429474831,car2,car1,-1.000000000,0.000000000,0.000000000,-0.999385932,-0.035039380,0.000000000,1,0.035046554,2.008020
33.338986,1785227267.429474831,car2,car4,0.000000000,-1.000000000,0.000000000,0.081476037,-0.996675301,0.000000000,1,0.081566451,4.673413
33.338986,1785227267.429474831,car3,car1,0.000000000,1.000000000,0.000000000,-0.005340086,0.999985742,0.000000000,1,0.005340112,0.305966
33.338986,1785227267.429474831,car3,car4,1.000000000,0.000000000,0.000000000,0.999664151,0.025914980,0.000000000,1,0.025917881,1.484985
33.338986,1785227267.429474831,car4,car1,-0.707106781,0.707106781,0.000000000,-0.641819868,0.766855434,0.000000000,1,0.088529091,5.072343
33.338986,1785227267.429474831,car4,car2,0.000000000,1.000000000,0.000000000,-0.081476037,0.996675301,0.000000000,1,0.081566451,4.673413
33.338986,1785227267.429474831,car4,car3,-1.000000000,0.000000000,0.000000000,-0.999664151,-0.025914980,0.000000000,1,0.025917881,1.484985
33.541040,1785227267.589409351,car1,car2,1.000000000,0.000000000,0.000000000,0.999379205,0.035230736,0.000000000,1,0.035238028,2.018990
33.541040,1785227267.589409351,car1,car3,0.000000000,-1.000000000,0.000000000,0.005108167,-0.999986953,0.000000000,1,0.005108190,0.292678
33.541040,1785227267.589409351,car1,car4,0.707106781,-0.707106781,0.000000000,0.639015356,-0.769193978,0.000000000,1,0.092180679,5.281564
33.541040,1785227267.589409351,car2,car1,-1.000000000,0.000000000,0.000000000,-0.999379205,-0.035230736,0.000000000,1,0.035238028,2.018990
33.541040,1785227267.589409351,car2,car4,0.000000000,-1.000000000,0.000000000,0.081213686,-0.996696713,0.000000000,1,0.081303228,4.658332
33.541040,1785227267.589409351,car3,car1,0.000000000,1.000000000,0.000000000,-0.005108167,0.999986953,0.000000000,1,0.005108190,0.292678
33.541040,1785227267.589409351,car3,car4,1.000000000,0.000000000,0.000000000,0.999816258,0.019168989,0.000000000,1,0.019170163,1.098369
33.541040,1785227267.589409351,car4,car1,-0.707106781,0.707106781,0.000000000,-0.639015356,0.769193978,0.000000000,1,0.092180679,5.281564
33.541040,1785227267.589409351,car4,car2,0.000000000,1.000000000,0.000000000,-0.081213686,0.996696713,0.000000000,1,0.081303228,4.658332
33.541040,1785227267.589409351,car4,car3,-1.000000000,0.000000000,0.000000000,-0.999816258,-0.019168989,0.000000000,1,0.019170163,1.098369
33.743208,1785227267.789357424,car1,car2,1.000000000,0.000000000,0.000000000,0.999388727,0.034959586,0.000000000,1,0.034966711,2.003445
33.743208,1785227267.789357424,car1,car3,0.000000000,-1.000000000,0.000000000,0.005673512,-0.999983906,0.000000000,1,0.005673543,0.325070
33.743208,1785227267.789357424,car1,car4,0.707106781,-0.707106781,0.000000000,0.639322891,-0.768938386,0.000000000,1,0.091780797,5.258652
33.743208,1785227267.789357424,car2,car1,-1.000000000,0.000000000,0.000000000,-0.999388727,-0.034959586,0.000000000,1,0.034966711,2.003445
33.743208,1785227267.789357424,car2,car4,0.000000000,-1.000000000,0.000000000,0.081285257,-0.996690878,0.000000000,1,0.081375036,4.662446
33.743208,1785227267.789357424,car3,car1,0.000000000,1.000000000,0.000000000,-0.005673512,0.999983906,0.000000000,1,0.005673543,0.325070
33.743208,1785227267.789357424,car3,car4,1.000000000,0.000000000,0.000000000,0.999831997,0.018329720,0.000000000,1,0.018330747,1.050274
33.743208,1785227267.789357424,car4,car1,-0.707106781,0.707106781,0.000000000,-0.639322891,0.768938386,0.000000000,1,0.091780797,5.258652
33.743208,1785227267.789357424,car4,car2,0.000000000,1.000000000,0.000000000,-0.081285257,0.996690878,0.000000000,1,0.081375036,4.662446
33.743208,1785227267.789357424,car4,car3,-1.000000000,0.000000000,0.000000000,-0.999831997,-0.018329720,0.000000000,1,0.018330747,1.050274
33.945110,1785227267.999429464,car1,car2,1.000000000,0.000000000,0.000000000,0.999389156,0.034947305,0.000000000,1,0.034954423,2.002741
33.945110,1785227267.999429464,car1,car3,0.000000000,-1.000000000,0.000000000,0.005626873,-0.999984169,0.000000000,1,0.005626902,0.322398
33.945110,1785227267.999429464,car1,car4,0.707106781,-0.707106781,0.000000000,0.641046928,-0.767501685,0.000000000,1,0.089536601,5.130069
33.945110,1785227267.999429464,car2,car1,-1.000000000,0.000000000,0.000000000,-0.999389156,-0.034947305,0.000000000,1,0.034954423,2.002741
33.945110,1785227267.999429464,car2,car4,0.000000000,-1.000000000,0.000000000,0.083863652,-0.996477239,0.000000000,1,0.083962269,4.810684
33.945110,1785227267.999429464,car3,car1,0.000000000,1.000000000,0.000000000,-0.005626873,0.999984169,0.000000000,1,0.005626902,0.322398
33.945110,1785227267.999429464,car3,car4,1.000000000,0.000000000,0.000000000,0.999701777,0.024420416,0.000000000,1,0.024422843,1.399326
33.945110,1785227267.999429464,car4,car1,-0.707106781,0.707106781,0.000000000,-0.641046928,0.767501685,0.000000000,1,0.089536601,5.130069
33.945110,1785227267.999429464,car4,car2,0.000000000,1.000000000,0.000000000,-0.083863652,0.996477239,0.000000000,1,0.083962269,4.810684
33.945110,1785227267.999429464,car4,car3,-1.000000000,0.000000000,0.000000000,-0.999701777,-0.024420416,0.000000000,1,0.024422843,1.399326
34.147041,1785227268.209547281,car1,car2,1.000000000,0.000000000,0.000000000,0.999387455,0.034995934,0.000000000,1,0.035003082,2.005529
34.147041,1785227268.209547281,car1,car3,0.000000000,-1.000000000,0.000000000,0.004292223,-0.999990788,0.000000000,1,0.004292237,0.245927
34.147041,1785227268.209547281,car1,car4,0.707106781,-0.707106781,0.000000000,0.639701247,-0.768623649,0.000000000,1,0.091288646,5.230454
34.147041,1785227268.209547281,car2,car1,-1.000000000,0.000000000,0.000000000,-0.999387455,-0.034995934,0.000000000,1,0.035003082,2.005529
34.147041,1785227268.209547281,car2,car4,0.000000000,-1.000000000,0.000000000,0.084482167,-0.996424991,0.000000000,1,0.084582986,4.846248
34.147041,1785227268.209547281,car3,car1,0.000000000,1.000000000,0.000000000,-0.004292223,0.999990788,0.000000000,1,0.004292237,0.245927
34.147041,1785227268.209547281,car3,car4,1.000000000,0.000000000,0.000000000,0.999669984,0.025688958,0.000000000,1,0.025691784,1.472031
34.147041,1785227268.209547281,car4,car1,-0.707106781,0.707106781,0.000000000,-0.639701247,0.768623649,0.000000000,1,0.091288646,5.230454
34.147041,1785227268.209547281,car4,car2,0.000000000,1.000000000,0.000000000,-0.084482167,0.996424991,0.000000000,1,0.084582986,4.846248
34.147041,1785227268.209547281,car4,car3,-1.000000000,0.000000000,0.000000000,-0.999669984,-0.025688958,0.000000000,1,0.025691784,1.472031
34.350368,1785227268.409609079,car1,car2,1.000000000,0.000000000,0.000000000,0.999354026,0.035937878,0.000000000,1,0.035945618,2.059532
34.350368,1785227268.409609079,car1,car3,0.000000000,-1.000000000,0.000000000,0.002978465,-0.999995564,0.000000000,1,0.002978470,0.170654
34.350368,1785227268.409609079,car1,car4,0.707106781,-0.707106781,0.000000000,0.636151159,-0.771564452,0.000000000,1,0.095898579,5.494584
34.350368,1785227268.409609079,car2,car1,-1.000000000,0.000000000,0.000000000,-0.999354026,-0.035937878,0.000000000,1,0.035945618,2.059532
34.350368,1785227268.409609079,car2,car4,0.000000000,-1.000000000,0.000000000,0.083468970,-0.996510377,0.000000000,1,0.083566197,4.787990
34.350368,1785227268.409609079,car3,car1,0.000000000,1.000000000,0.000000000,-0.002978465,0.999995564,0.000000000,1,0.002978470,0.170654
34.350368,1785227268.409609079,car3,car4,1.000000000,0.000000000,0.000000000,0.999877969,0.015621989,0.000000000,1,0.015622625,0.895110
34.350368,1785227268.409609079,car4,car1,-0.707106781,0.707106781,0.000000000,-0.636151159,0.771564452,0.000000000,1,0.095898579,5.494584
34.350368,1785227268.409609079,car4,car2,0.000000000,1.000000000,0.000000000,-0.083468970,0.996510377,0.000000000,1,0.083566197,4.787990
34.350368,1785227268.409609079,car4,car3,-1.000000000,0.000000000,0.000000000,-0.999877969,-0.015621989,0.000000000,1,0.015622625,0.895110
34.552211,1785227268.639527559,car1,car2,1.000000000,0.000000000,0.000000000,0.999339195,0.036347940,0.000000000,1,0.036355948,2.083042
34.552211,1785227268.639527559,car1,car3,0.000000000,-1.000000000,0.000000000,-0.000647044,-0.999999791,0.000000000,1,0.000647044,0.037073
34.552211,1785227268.639527559,car1,car4,0.707106781,-0.707106781,0.000000000,0.637141012,-0.770747255,0.000000000,1,0.094614983,5.421039
34.552211,1785227268.639527559,car2,car1,-1.000000000,0.000000000,0.000000000,-0.999339195,-0.036347940,0.000000000,1,0.036355948,2.083042
34.552211,1785227268.639527559,car2,car4,0.000000000,-1.000000000,0.000000000,0.087328699,-0.996179551,0.000000000,1,0.087440080,5.009948
34.552211,1785227268.639527559,car3,car1,0.000000000,1.000000000,0.000000000,0.000647044,0.999999791,0.000000000,1,0.000647044,0.037073
34.552211,1785227268.639527559,car3,car4,1.000000000,0.000000000,0.000000000,0.999592197,0.028555922,0.000000000,1,0.028559805,1.636356
34.552211,1785227268.639527559,car4,car1,-0.707106781,0.707106781,0.000000000,-0.637141012,0.770747255,0.000000000,1,0.094614983,5.421039
34.552211,1785227268.639527559,car4,car2,0.000000000,1.000000000,0.000000000,-0.087328699,0.996179551,0.000000000,1,0.087440080,5.009948
34.552211,1785227268.639527559,car4,car3,-1.000000000,0.000000000,0.000000000,-0.999592197,-0.028555922,0.000000000,1,0.028559805,1.636356
34.753997,1785227268.839494228,car1,car2,1.000000000,0.000000000,0.000000000,0.999347306,0.036124257,0.000000000,1,0.036132119,2.070218
34.753997,1785227268.839494228,car1,car3,0.000000000,-1.000000000,0.000000000,-0.003662042,-0.999993295,0.000000000,1,0.003662050,0.209820
34.753997,1785227268.839494228,car1,car4,0.707106781,-0.707106781,0.000000000,0.632194039,-0.774810104,0.000000000,1,0.101016500,5.787819
34.753997,1785227268.839494228,car2,car1,-1.000000000,0.000000000,0.000000000,-0.999347306,-0.036124257,0.000000000,1,0.036132119,2.070218
34.753997,1785227268.839494228,car2,car4,0.000000000,-1.000000000,0.000000000,0.086599564,-0.996243201,0.000000000,1,0.086708173,4.968012
34.753997,1785227268.839494228,car3,car1,0.000000000,1.000000000,0.000000000,0.003662042,0.999993295,0.000000000,1,0.003662050,0.209820
34.753997,1785227268.839494228,car3,car4,1.000000000,0.000000000,0.000000000,0.999802984,0.019849251,0.000000000,1,0.019850555,1.137353
34.753997,1785227268.839494228,car4,car1,-0.707106781,0.707106781,0.000000000,-0.632194039,0.774810104,0.000000000,1,0.101016500,5.787819
34.753997,1785227268.839494228,car4,car2,0.000000000,1.000000000,0.000000000,-0.086599564,0.996243201,0.000000000,1,0.086708173,4.968012
34.753997,1785227268.839494228,car4,car3,-1.000000000,0.000000000,0.000000000,-0.999802984,-0.019849251,0.000000000,1,0.019850555,1.137353
34.955752,1785227269.039479733,car1,car2,1.000000000,0.000000000,0.000000000,0.999379336,0.035227014,0.000000000,1,0.035234304,2.018777
34.955752,1785227269.039479733,car1,car3,0.000000000,-1.000000000,0.000000000,-0.005322526,-0.999985835,0.000000000,1,0.005322551,0.304960
34.955752,1785227269.039479733,car1,car4,0.707106781,-0.707106781,0.000000000,0.632512656,-0.774550024,0.000000000,1,0.100605211,5.764254
34.955752,1785227269.039479733,car2,car1,-1.000000000,0.000000000,0.000000000,-0.999379336,-0.035227014,0.000000000,1,0.035234304,2.018777
34.955752,1785227269.039479733,car2,car4,0.000000000,-1.000000000,0.000000000,0.088237095,-0.996099501,0.000000000,1,0.088351997,5.062197
34.955752,1785227269.039479733,car3,car1,0.000000000,1.000000000,0.000000000,0.005322526,0.999985835,0.000000000,1,0.005322551,0.304960
34.955752,1785227269.039479733,car3,car4,1.000000000,0.000000000,0.000000000,0.999746973,0.022494224,0.000000000,1,0.022496122,1.288933
34.955752,1785227269.039479733,car4,car1,-0.707106781,0.707106781,0.000000000,-0.632512656,0.774550024,0.000000000,1,0.100605211,5.764254
34.955752,1785227269.039479733,car4,car2,0.000000000,1.000000000,0.000000000,-0.088237095,0.996099501,0.000000000,1,0.088351997,5.062197
34.955752,1785227269.039479733,car4,car3,-1.000000000,0.000000000,0.000000000,-0.999746973,-0.022494224,0.000000000,1,0.022496122,1.288933
35.158576,1785227269.239513636,car1,car2,1.000000000,0.000000000,0.000000000,0.999396345,0.034741133,0.000000000,1,0.034748126,1.990921
35.158576,1785227269.239513636,car1,car3,0.000000000,-1.000000000,0.000000000,-0.003785542,-0.999992835,0.000000000,1,0.003785551,0.216896
35.158576,1785227269.239513636,car1,car4,0.707106781,-0.707106781,0.000000000,0.634176315,-0.773188464,0.000000000,1,0.098455418,5.641080
35.158576,1785227269.239513636,car2,car1,-1.000000000,0.000000000,0.000000000,-0.999396345,-0.034741133,0.000000000,1,0.034748126,1.990921
35.158576,1785227269.239513636,car2,car4,0.000000000,-1.000000000,0.000000000,0.091865775,-0.995771399,0.000000000,1,0.091995483,5.270953
35.158576,1785227269.239513636,car3,car1,0.000000000,1.000000000,0.000000000,0.003785542,0.999992835,0.000000000,1,0.003785551,0.216896
35.158576,1785227269.239513636,car3,car4,1.000000000,0.000000000,0.000000000,0.999551693,0.029940160,0.000000000,1,0.029944634,1.715701
35.158576,1785227269.239513636,car4,car1,-0.707106781,0.707106781,0.000000000,-0.634176315,0.773188464,0.000000000,1,0.098455418,5.641080
35.158576,1785227269.239513636,car4,car2,0.000000000,1.000000000,0.000000000,-0.091865775,0.995771399,0.000000000,1,0.091995483,5.270953
35.158576,1785227269.239513636,car4,car3,-1.000000000,0.000000000,0.000000000,-0.999551693,-0.029940160,0.000000000,1,0.029944634,1.715701
35.360219,1785227269.449458599,car1,car2,1.000000000,0.000000000,0.000000000,0.999364107,0.035656434,0.000000000,1,0.035663994,2.043396
35.360219,1785227269.449458599,car1,car3,0.000000000,-1.000000000,0.000000000,-0.004298880,-0.999990760,0.000000000,1,0.004298893,0.246308
35.360219,1785227269.449458599,car1,car4,0.707106781,-0.707106781,0.000000000,0.630580313,-0.776124003,0.000000000,1,0.103097472,5.907050
35.360219,1785227269.449458599,car2,car1,-1.000000000,0.000000000,0.000000000,-0.999364107,-0.035656434,0.000000000,1,0.035663994,2.043396
35.360219,1785227269.449458599,car2,car4,0.000000000,-1.000000000,0.000000000,0.091038349,-0.995847387,0.000000000,1,0.091164574,5.223345
35.360219,1785227269.449458599,car3,car1,0.000000000,1.000000000,0.000000000,0.004298880,0.999990760,0.000000000,1,0.004298893,0.246308
35.360219,1785227269.449458599,car3,car4,1.000000000,0.000000000,0.000000000,0.999904339,0.013831610,0.000000000,1,0.013832051,0.792518
35.360219,1785227269.449458599,car4,car1,-0.707106781,0.707106781,0.000000000,-0.630580313,0.776124003,0.000000000,1,0.103097472,5.907050
35.360219,1785227269.449458599,car4,car2,0.000000000,1.000000000,0.000000000,-0.091038349,0.995847387,0.000000000,1,0.091164574,5.223345
35.360219,1785227269.449458599,car4,car3,-1.000000000,0.000000000,0.000000000,-0.999904339,-0.013831610,0.000000000,1,0.013832051,0.792518
35.562046,1785227269.639514208,car1,car2,1.000000000,0.000000000,0.000000000,0.999370541,0.035475638,0.000000000,1,0.035483083,2.033031
35.562046,1785227269.639514208,car1,car3,0.000000000,-1.000000000,0.000000000,-0.004963747,-0.999987681,0.000000000,1,0.004963767,0.284403
35.562046,1785227269.639514208,car1,car4,0.707106781,-0.707106781,0.000000000,0.633895821,-0.773418443,0.000000000,1,0.098818140,5.661862
35.562046,1785227269.639514208,car2,car1,-1.000000000,0.000000000,0.000000000,-0.999370541,-0.035475638,0.000000000,1,0.035483083,2.033031
35.562046,1785227269.639514208,car2,car4,0.000000000,-1.000000000,0.000000000,0.095732031,-0.995407142,0.000000000,1,0.095878862,5.493454
35.562046,1785227269.639514208,car3,car1,0.000000000,1.000000000,0.000000000,0.004963747,0.999987681,0.000000000,1,0.004963767,0.284403
35.562046,1785227269.639514208,car3,car4,1.000000000,0.000000000,0.000000000,0.999788393,0.020571072,0.000000000,1,0.020572523,1.178719
35.562046,1785227269.639514208,car4,car1,-0.707106781,0.707106781,0.000000000,-0.633895821,0.773418443,0.000000000,1,0.098818140,5.661862
35.562046,1785227269.639514208,car4,car2,0.000000000,1.000000000,0.000000000,-0.095732031,0.995407142,0.000000000,1,0.095878862,5.493454
35.562046,1785227269.639514208,car4,car3,-1.000000000,0.000000000,0.000000000,-0.999788393,-0.020571072,0.000000000,1,0.020572523,1.178719
35.764056,1785227269.839654207,car1,car2,1.000000000,0.000000000,0.000000000,0.999371341,0.035453103,0.000000000,1,0.035460534,2.031739
35.764056,1785227269.839654207,car1,car3,0.000000000,-1.000000000,0.000000000,0.000983561,-0.999999516,0.000000000,1,0.000983561,0.056354
35.764056,1785227269.839654207,car1,car4,0.707106781,-0.707106781,0.000000000,0.635316014,-0.772252266,0.000000000,1,0.096980502,5.556573
35.764056,1785227269.839654207,car2,car1,-1.000000000,0.000000000,0.000000000,-0.999371341,-0.035453103,0.000000000,1,0.035460534,2.031739
35.764056,1785227269.839654207,car2,car4,0.000000000,-1.000000000,0.000000000,0.097488729,-0.995236629,0.000000000,1,0.097643817,5.594579
35.764056,1785227269.839654207,car3,car1,0.000000000,1.000000000,0.000000000,-0.000983561,0.999999516,0.000000000,1,0.000983561,0.056354
35.764056,1785227269.839654207,car3,car4,1.000000000,0.000000000,0.000000000,0.999628293,0.027263078,0.000000000,1,0.027266456,1.562253
35.764056,1785227269.839654207,car4,car1,-0.707106781,0.707106781,0.000000000,-0.635316014,0.772252266,0.000000000,1,0.096980502,5.556573
35.764056,1785227269.839654207,car4,car2,0.000000000,1.000000000,0.000000000,-0.097488729,0.995236629,0.000000000,1,0.097643817,5.594579
35.764056,1785227269.839654207,car4,car3,-1.000000000,0.000000000,0.000000000,-0.999628293,-0.027263078,0.000000000,1,0.027266456,1.562253
35.965678,1785227270.049591780,car1,car2,1.000000000,0.000000000,0.000000000,0.999372687,0.035415153,0.000000000,1,0.035422560,2.029563
35.965678,1785227270.049591780,car1,car3,0.000000000,-1.000000000,0.000000000,0.001604445,-0.999998713,0.000000000,1,0.001604445,0.091928
35.965678,1785227270.049591780,car1,car4,0.707106781,-0.707106781,0.000000000,0.635711402,-0.771926819,0.000000000,1,0.096468401,5.527232
35.965678,1785227270.049591780,car2,car1,-1.000000000,0.000000000,0.000000000,-0.999372687,-0.035415153,0.000000000,1,0.035422560,2.029563
35.965678,1785227270.049591780,car2,car4,0.000000000,-1.000000000,0.000000000,0.098169857,-0.995169674,0.000000000,1,0.098328228,5.633792
35.965678,1785227270.049591780,car3,car1,0.000000000,1.000000000,0.000000000,-0.001604445,0.999998713,0.000000000,1,0.001604445,0.091928
35.965678,1785227270.049591780,car3,car4,1.000000000,0.000000000,0.000000000,0.999788799,0.020551333,0.000000000,1,0.020552780,1.177588
35.965678,1785227270.049591780,car4,car1,-0.707106781,0.707106781,0.000000000,-0.635711402,0.771926819,0.000000000,1,0.096468401,5.527232
35.965678,1785227270.049591780,car4,car2,0.000000000,1.000000000,0.000000000,-0.098169857,0.995169674,0.000000000,1,0.098328228,5.633792
35.965678,1785227270.049591780,car4,car3,-1.000000000,0.000000000,0.000000000,-0.999788799,-0.020551333,0.000000000,1,0.020552780,1.177588
36.167427,1785227270.259345293,car1,car2,1.000000000,0.000000000,0.000000000,0.999371033,0.035461801,0.000000000,1,0.035469238,2.032238
36.167427,1785227270.259345293,car1,car3,0.000000000,-1.000000000,0.000000000,0.005141229,-0.999986784,0.000000000,1,0.005141252,0.294572
36.167427,1785227270.259345293,car1,car4,0.707106781,-0.707106781,0.000000000,0.635773524,-0.771875654,0.000000000,1,0.096387921,5.522621
36.167427,1785227270.259345293,car2,car1,-1.000000000,0.000000000,0.000000000,-0.999371033,-0.035461801,0.000000000,1,0.035469238,2.032238
36.167427,1785227270.259345293,car2,car4,0.000000000,-1.000000000,0.000000000,0.098130839,-0.995173522,0.000000000,1,0.098289020,5.631546
36.167427,1785227270.259345293,car3,car1,0.000000000,1.000000000,0.000000000,-0.005141229,0.999986784,0.000000000,1,0.005141252,0.294572
36.167427,1785227270.259345293,car3,car4,1.000000000,0.000000000,0.000000000,0.999892208,0.014682352,0.000000000,1,0.014682880,0.841267
36.167427,1785227270.259345293,car4,car1,-0.707106781,0.707106781,0.000000000,-0.635773524,0.771875654,0.000000000,1,0.096387921,5.522621
36.167427,1785227270.259345293,car4,car2,0.000000000,1.000000000,0.000000000,-0.098130839,0.995173522,0.000000000,1,0.098289020,5.631546
36.167427,1785227270.259345293,car4,car3,-1.000000000,0.000000000,0.000000000,-0.999892208,-0.014682352,0.000000000,1,0.014682880,0.841267
36.369406,1785227270.449489355,car1,car2,1.000000000,0.000000000,0.000000000,0.999375750,0.035328600,0.000000000,1,0.035335953,2.024601
36.369406,1785227270.449489355,car1,car3,0.000000000,-1.000000000,0.000000000,0.005753705,-0.999983447,0.000000000,1,0.005753737,0.329665
36.369406,1785227270.449489355,car1,car4,0.707106781,-0.707106781,0.000000000,0.635726059,-0.771914748,0.000000000,1,0.096449412,5.526144
36.369406,1785227270.449489355,car2,car1,-1.000000000,0.000000000,0.000000000,-0.999375750,-0.035328600,0.000000000,1,0.035335953,2.024601
36.369406,1785227270.449489355,car2,car4,0.000000000,-1.000000000,0.000000000,0.098177964,-0.995168874,0.000000000,1,0.098336374,5.634259
36.369406,1785227270.449489355,car3,car1,0.000000000,1.000000000,0.000000000,-0.005753705,0.999983447,0.000000000,1,0.005753737,0.329665
36.369406,1785227270.449489355,car3,car4,1.000000000,0.000000000,0.000000000,0.999798362,0.020080697,0.000000000,1,0.020082047,1.150617
36.369406,1785227270.449489355,car4,car1,-0.707106781,0.707106781,0.000000000,-0.635726059,0.771914748,0.000000000,1,0.096449412,5.526144
36.369406,1785227270.449489355,car4,car2,0.000000000,1.000000000,0.000000000,-0.098177964,0.995168874,0.000000000,1,0.098336374,5.634259
36.369406,1785227270.449489355,car4,car3,-1.000000000,0.000000000,0.000000000,-0.999798362,-0.020080697,0.000000000,1,0.020082047,1.150617
36.570992,1785227270.659476757,car1,car2,1.000000000,0.000000000,0.000000000,0.999372846,0.035410650,0.000000000,1,0.035418055,2.029305
36.570992,1785227270.659476757,car1,car3,0.000000000,-1.000000000,0.000000000,0.009993990,-0.999950059,0.000000000,1,0.009994156,0.572623
36.570992,1785227270.659476757,car1,car4,0.707106781,-0.707106781,0.000000000,0.635824261,-0.771833861,0.000000000,1,0.096322188,5.518855
36.570992,1785227270.659476757,car2,car1,-1.000000000,0.000000000,0.000000000,-0.999372846,-0.035410650,0.000000000,1,0.035418055,2.029305
36.570992,1785227270.659476757,car2,car4,0.000000000,-1.000000000,0.000000000,0.098258245,-0.995160950,0.000000000,1,0.098417045,5.638881
36.570992,1785227270.659476757,car3,car1,0.000000000,1.000000000,0.000000000,-0.009993990,0.999950059,0.000000000,1,0.009994156,0.572623
36.570992,1785227270.659476757,car3,car4,1.000000000,0.000000000,0.000000000,0.999761187,0.021853329,0.000000000,1,0.021855069,1.252203
36.570992,1785227270.659476757,car4,car1,-0.707106781,0.707106781,0.000000000,-0.635824261,0.771833861,0.000000000,1,0.096322188,5.518855
36.570992,1785227270.659476757,car4,car2,0.000000000,1.000000000,0.000000000,-0.098258245,0.995160950,0.000000000,1,0.098417045,5.638881
36.570992,1785227270.659476757,car4,car3,-1.000000000,0.000000000,0.000000000,-0.999761187,-0.021853329,0.000000000,1,0.021855069,1.252203
36.772563,1785227270.859462261,car1,car2,1.000000000,0.000000000,0.000000000,0.999372268,0.035426959,0.000000000,1,0.035434374,2.030240
36.772563,1785227270.859462261,car1,car3,0.000000000,-1.000000000,0.000000000,0.010480254,-0.999945081,0.000000000,1,0.010480446,0.600485
36.772563,1785227270.859462261,car1,car4,0.707106781,-0.707106781,0.000000000,0.635830561,-0.771828671,0.000000000,1,0.096314024,5.518387
36.772563,1785227270.859462261,car2,car1,-1.000000000,0.000000000,0.000000000,-0.999372268,-0.035426959,0.000000000,1,0.035434374,2.030240
36.772563,1785227270.859462261,car2,car4,0.000000000,-1.000000000,0.000000000,0.098277932,-0.995159006,0.000000000,1,0.098436827,5.640015
36.772563,1785227270.859462261,car3,car1,0.000000000,1.000000000,0.000000000,-0.010480254,0.999945081,0.000000000,1,0.010480446,0.600485
36.772563,1785227270.859462261,car3,car4,1.000000000,0.000000000,0.000000000,0.999858641,0.016813608,0.000000000,1,0.016814400,0.963394
36.772563,1785227270.859462261,car4,car1,-0.707106781,0.707106781,0.000000000,-0.635830561,0.771828671,0.000000000,1,0.096314024,5.518387
36.772563,1785227270.859462261,car4,car2,0.000000000,1.000000000,0.000000000,-0.098277932,0.995159006,0.000000000,1,0.098436827,5.640015
36.772563,1785227270.859462261,car4,car3,-1.000000000,0.000000000,0.000000000,-0.999858641,-0.016813608,0.000000000,1,0.016814400,0.963394
36.974305,1785227271.049505234,car1,car2,1.000000000,0.000000000,0.000000000,0.999369571,0.035502964,0.000000000,1,0.035510427,2.034598
36.974305,1785227271.049505234,car1,car3,0.000000000,-1.000000000,0.000000000,0.012210949,-0.999925444,0.000000000,1,0.012211253,0.699653
36.974305,1785227271.049505234,car1,car4,0.707106781,-0.707106781,0.000000000,0.635829318,-0.771829695,0.000000000,1,0.096315635,5.518479
36.974305,1785227271.049505234,car2,car1,-1.000000000,0.000000000,0.000000000,-0.999369571,-0.035502964,0.000000000,1,0.035510427,2.034598
36.974305,1785227271.049505234,car2,car4,0.000000000,-1.000000000,0.000000000,0.098176268,-0.995169041,0.000000000,1,0.098334669,5.634162
36.974305,1785227271.049505234,car3,car1,0.000000000,1.000000000,0.000000000,-0.012210949,0.999925444,0.000000000,1,0.012211253,0.699653
36.974305,1785227271.049505234,car3,car4,1.000000000,0.000000000,0.000000000,0.999881024,0.015425202,0.000000000,1,0.015425813,0.883834
36.974305,1785227271.049505234,car4,car1,-0.707106781,0.707106781,0.000000000,-0.635829318,0.771829695,0.000000000,1,0.096315635,5.518479
36.974305,1785227271.049505234,car4,car2,0.000000000,1.000000000,0.000000000,-0.098176268,0.995169041,0.000000000,1,0.098334669,5.634162
36.974305,1785227271.049505234,car4,car3,-1.000000000,0.000000000,0.000000000,-0.999881024,-0.015425202,0.000000000,1,0.015425813,0.883834
37.176282,1785227271.259491205,car1,car2,1.000000000,0.000000000,0.000000000,0.999366938,0.035576999,0.000000000,1,0.035584508,2.038842
37.176282,1785227271.259491205,car1,car3,0.000000000,-1.000000000,0.000000000,0.016422944,-0.999865134,0.000000000,1,0.016423682,0.941008
37.176282,1785227271.259491205,car1,car4,0.707106781,-0.707106781,0.000000000,0.635859926,-0.771804480,0.000000000,1,0.096275979,5.516207
37.176282,1785227271.259491205,car2,car1,-1.000000000,0.000000000,0.000000000,-0.999366938,-0.035576999,0.000000000,1,0.035584508,2.038842
37.176282,1785227271.259491205,car2,car4,0.000000000,-1.000000000,0.000000000,0.098192318,-0.995167458,0.000000000,1,0.098350798,5.635086
37.176282,1785227271.259491205,car3,car1,0.000000000,1.000000000,0.000000000,-0.016422944,0.999865134,0.000000000,1,0.016423682,0.941008
37.176282,1785227271.259491205,car3,car4,1.000000000,0.000000000,0.000000000,0.999786372,0.020669060,0.000000000,1,0.020670531,1.184334
37.176282,1785227271.259491205,car4,car1,-0.707106781,0.707106781,0.000000000,-0.635859926,0.771804480,0.000000000,1,0.096275979,5.516207
37.176282,1785227271.259491205,car4,car2,0.000000000,1.000000000,0.000000000,-0.098192318,0.995167458,0.000000000,1,0.098350798,5.635086
37.176282,1785227271.259491205,car4,car3,-1.000000000,0.000000000,0.000000000,-0.999786372,-0.020669060,0.000000000,1,0.020670531,1.184334
37.378886,1785227271.469444752,car1,car2,1.000000000,0.000000000,0.000000000,0.999373288,0.035398171,0.000000000,1,0.035405567,2.028590
37.378886,1785227271.469444752,car1,car3,0.000000000,-1.000000000,0.000000000,0.019079849,-0.999817963,0.000000000,1,0.019081007,1.093261
37.378886,1785227271.469444752,car1,car4,0.707106781,-0.707106781,0.000000000,0.635850268,-0.771812436,0.000000000,1,0.096288491,5.516924
37.378886,1785227271.469444752,car2,car1,-1.000000000,0.000000000,0.000000000,-0.999373288,-0.035398171,0.000000000,1,0.035405567,2.028590
37.378886,1785227271.469444752,car2,car4,0.000000000,-1.000000000,0.000000000,0.098327389,-0.995154121,0.000000000,1,0.098486525,5.642862
37.378886,1785227271.469444752,car3,car1,0.000000000,1.000000000,0.000000000,-0.019079849,0.999817963,0.000000000,1,0.019081007,1.093261
37.378886,1785227271.469444752,car3,car4,1.000000000,0.000000000,0.000000000,0.999837152,0.018046303,0.000000000,1,0.018047283,1.034033
37.378886,1785227271.469444752,car4,car1,-0.707106781,0.707106781,0.000000000,-0.635850268,0.771812436,0.000000000,1,0.096288491,5.516924
37.378886,1785227271.469444752,car4,car2,0.000000000,1.000000000,0.000000000,-0.098327389,0.995154121,0.000000000,1,0.098486525,5.642862
37.378886,1785227271.469444752,car4,car3,-1.000000000,0.000000000,0.000000000,-0.999837152,-0.018046303,0.000000000,1,0.018047283,1.034033
37.581032,1785227271.669833183,car1,car2,1.000000000,0.000000000,0.000000000,0.999367744,0.035554355,0.000000000,1,0.035561850,2.037544
37.581032,1785227271.669833183,car1,car3,0.000000000,-1.000000000,0.000000000,0.021753027,-0.999763375,0.000000000,1,0.021754742,1.246455
37.581032,1785227271.669833183,car1,car4,0.707106781,-0.707106781,0.000000000,0.635805856,-0.771849023,0.000000000,1,0.096346033,5.520221
37.581032,1785227271.669833183,car2,car1,-1.000000000,0.000000000,0.000000000,-0.999367744,-0.035554355,0.000000000,1,0.035561850,2.037544
37.581032,1785227271.669833183,car2,car4,0.000000000,-1.000000000,0.000000000,0.098100177,-0.995176545,0.000000000,1,0.098258210,5.629781
37.581032,1785227271.669833183,car3,car1,0.000000000,1.000000000,0.000000000,-0.021753027,0.999763375,0.000000000,1,0.021754742,1.246455
37.581032,1785227271.669833183,car3,car4,1.000000000,0.000000000,0.000000000,0.999917533,0.012842376,0.000000000,1,0.012842729,0.735834
37.581032,1785227271.669833183,car4,car1,-0.707106781,0.707106781,0.000000000,-0.635805856,0.771849023,0.000000000,1,0.096346033,5.520221
37.581032,1785227271.669833183,car4,car2,0.000000000,1.000000000,0.000000000,-0.098100177,0.995176545,0.000000000,1,0.098258210,5.629781
37.581032,1785227271.669833183,car4,car3,-1.000000000,0.000000000,0.000000000,-0.999917533,-0.012842376,0.000000000,1,0.012842729,0.735834
37.783010,1785227271.869383574,car1,car2,1.000000000,0.000000000,0.000000000,0.999371643,0.035444596,0.000000000,1,0.035452021,2.031251
37.783010,1785227271.869383574,car1,car3,0.000000000,-1.000000000,0.000000000,0.023234248,-0.999730048,0.000000000,1,0.023236339,1.331344
37.783010,1785227271.869383574,car1,car4,0.707106781,-0.707106781,0.000000000,0.635826341,-0.771832148,0.000000000,1,0.096319492,5.518700
37.783010,1785227271.869383574,car2,car1,-1.000000000,0.000000000,0.000000000,-0.999371643,-0.035444596,0.000000000,1,0.035452021,2.031251
37.783010,1785227271.869383574,car2,car4,0.000000000,-1.000000000,0.000000000,0.098236973,-0.995163051,0.000000000,1,0.098395669,5.637657
37.783010,1785227271.869383574,car3,car1,0.000000000,1.000000000,0.000000000,-0.023234248,0.999730048,0.000000000,1,0.023236339,1.331344
37.783010,1785227271.869383574,car3,car4,1.000000000,0.000000000,0.000000000,0.999810047,0.019490241,0.000000000,1,0.019491475,1.116779
37.783010,1785227271.869383574,car4,car1,-0.707106781,0.707106781,0.000000000,-0.635826341,0.771832148,0.000000000,1,0.096319492,5.518700
37.783010,1785227271.869383574,car4,car2,0.000000000,1.000000000,0.000000000,-0.098236973,0.995163051,0.000000000,1,0.098395669,5.637657
37.783010,1785227271.869383574,car4,car3,-1.000000000,0.000000000,0.000000000,-0.999810047,-0.019490241,0.000000000,1,0.019491475,1.116779
37.985009,1785227272.069422483,car1,car2,1.000000000,0.000000000,0.000000000,0.999368429,0.035535100,0.000000000,1,0.035542583,2.036440
37.985009,1785227272.069422483,car1,car3,0.000000000,-1.000000000,0.000000000,0.025883667,-0.999664962,0.000000000,1,0.025886558,1.483191
37.985009,1785227272.069422483,car1,car4,0.707106781,-0.707106781,0.000000000,0.635871589,-0.771794870,0.000000000,1,0.096260866,5.515341
37.985009,1785227272.069422483,car2,car1,-1.000000000,0.000000000,0.000000000,-0.999368429,-0.035535100,0.000000000,1,0.035542583,2.036440
37.985009,1785227272.069422483,car2,car4,0.000000000,-1.000000000,0.000000000,0.098261675,-0.995160612,0.000000000,1,0.098420491,5.639079
37.985009,1785227272.069422483,car3,car1,0.000000000,1.000000000,0.000000000,-0.025883667,0.999664962,0.000000000,1,0.025886558,1.483191
37.985009,1785227272.069422483,car3,car4,1.000000000,0.000000000,0.000000000,0.999841546,0.017801192,0.000000000,1,0.017802132,1.019987
37.985009,1785227272.069422483,car4,car1,-0.707106781,0.707106781,0.000000000,-0.635871589,0.771794870,0.000000000,1,0.096260866,5.515341
37.985009,1785227272.069422483,car4,car2,0.000000000,1.000000000,0.000000000,-0.098261675,0.995160612,0.000000000,1,0.098420491,5.639079
37.985009,1785227272.069422483,car4,car3,-1.000000000,0.000000000,0.000000000,-0.999841546,-0.017801192,0.000000000,1,0.017802132,1.019987
38.186817,1785227272.269384623,car1,car2,1.000000000,0.000000000,0.000000000,0.999370782,0.035468854,0.000000000,1,0.035476295,2.032642
38.186817,1785227272.269384623,car1,car3,0.000000000,-1.000000000,0.000000000,0.028523873,-0.999593112,0.000000000,1,0.028527742,1.634519
38.186817,1785227272.269384623,car1,car4,0.707106781,-0.707106781,0.000000000,0.635848462,-0.771813924,0.000000000,1,0.096290831,5.517058
38.186817,1785227272.269384623,car2,car1,-1.000000000,0.000000000,0.000000000,-0.999370782,-0.035468854,0.000000000,1,0.035476295,2.032642
38.186817,1785227272.269384623,car2,car4,0.000000000,-1.000000000,0.000000000,0.098188422,-0.995167842,0.000000000,1,0.098346882,5.634861
38.186817,1785227272.269384623,car3,car1,0.000000000,1.000000000,0.000000000,-0.028523873,0.999593112,0.000000000,1,0.028527742,1.634519
38.186817,1785227272.269384623,car3,car4,1.000000000,0.000000000,0.000000000,0.999930744,0.011768919,0.000000000,1,0.011769191,0.674325
38.186817,1785227272.269384623,car4,car1,-0.707106781,0.707106781,0.000000000,-0.635848462,0.771813924,0.000000000,1,0.096290831,5.517058
38.186817,1785227272.269384623,car4,car2,0.000000000,1.000000000,0.000000000,-0.098188422,0.995167842,0.000000000,1,0.098346882,5.634861
38.186817,1785227272.269384623,car4,car3,-1.000000000,0.000000000,0.000000000,-0.999930744,-0.011768919,0.000000000,1,0.011769191,0.674325
38.389494,1785227272.469507933,car1,car2,1.000000000,0.000000000,0.000000000,0.999368812,0.035524312,0.000000000,1,0.035531788,2.035822
38.389494,1785227272.469507933,car1,car3,0.000000000,-1.000000000,0.000000000,0.030936278,-0.999521359,0.000000000,1,0.030941214,1.772801
38.389494,1785227272.469507933,car1,car4,0.707106781,-0.707106781,0.000000000,0.635856621,-0.771807203,0.000000000,1,0.096280261,5.516453
38.389494,1785227272.469507933,car2,car1,-1.000000000,0.000000000,0.000000000,-0.999368812,-0.035524312,0.000000000,1,0.035531788,2.035822
38.389494,1785227272.469507933,car2,car4,0.000000000,-1.000000000,0.000000000,0.098216032,-0.995165117,0.000000000,1,0.098374627,5.636451
38.389494,1785227272.469507933,car3,car1,0.000000000,1.000000000,0.000000000,-0.030936278,0.999521359,0.000000000,1,0.030941214,1.772801
38.389494,1785227272.469507933,car3,car4,1.000000000,0.000000000,0.000000000,0.999843653,0.017682472,0.000000000,1,0.017683393,1.013184
38.389494,1785227272.469507933,car4,car1,-0.707106781,0.707106781,0.000000000,-0.635856621,0.771807203,0.000000000,1,0.096280261,5.516453
38.389494,1785227272.469507933,car4,car2,0.000000000,1.000000000,0.000000000,-0.098216032,0.995165117,0.000000000,1,0.098374627,5.636451
38.389494,1785227272.469507933,car4,car3,-1.000000000,0.000000000,0.000000000,-0.999843653,-0.017682472,0.000000000,1,0.017683393,1.013184
38.591173,1785227272.679564714,car1,car2,1.000000000,0.000000000,0.000000000,0.999371104,0.035459784,0.000000000,1,0.035467220,2.032122
38.591173,1785227272.679564714,car1,car3,0.000000000,-1.000000000,0.000000000,0.031231716,-0.999512171,0.000000000,1,0.031236795,1.789737
38.591173,1785227272.679564714,car1,car4,0.707106781,-0.707106781,0.000000000,0.635886049,-0.771782957,0.000000000,1,0.096242131,5.514268
38.591173,1785227272.679564714,car2,car1,-1.000000000,0.000000000,0.000000000,-0.999371104,-0.035459784,0.000000000,1,0.035467220,2.032122
38.591173,1785227272.679564714,car2,car4,0.000000000,-1.000000000,0.000000000,0.098248275,-0.995161935,0.000000000,1,0.098407026,5.638307
38.591173,1785227272.679564714,car3,car1,0.000000000,1.000000000,0.000000000,-0.031231716,0.999512171,0.000000000,1,0.031236795,1.789737
38.591173,1785227272.679564714,car3,car4,1.000000000,0.000000000,0.000000000,0.999870544,0.016090217,0.000000000,1,0.016090911,0.921941
38.591173,1785227272.679564714,car4,car1,-0.707106781,0.707106781,0.000000000,-0.635886049,0.771782957,0.000000000,1,0.096242131,5.514268
38.591173,1785227272.679564714,car4,car2,0.000000000,1.000000000,0.000000000,-0.098248275,0.995161935,0.000000000,1,0.098407026,5.638307
38.591173,1785227272.679564714,car4,car3,-1.000000000,0.000000000,0.000000000,-0.999870544,-0.016090217,0.000000000,1,0.016090911,0.921941
38.793640,1785227272.879371405,car1,car2,1.000000000,0.000000000,0.000000000,0.999368444,0.035534686,0.000000000,1,0.035542169,2.036416
38.793640,1785227272.879371405,car1,car3,0.000000000,-1.000000000,0.000000000,0.032508322,-0.999471465,0.000000000,1,0.032514050,1.862918
38.793640,1785227272.879371405,car1,car4,0.707106781,-0.707106781,0.000000000,0.635857034,-0.771806862,0.000000000,1,0.096279725,5.516422
38.793640,1785227272.879371405,car2,car1,-1.000000000,0.000000000,0.000000000,-0.999368444,-0.035534686,0.000000000,1,0.035542169,2.036416
38.793640,1785227272.879371405,car2,car4,0.000000000,-1.000000000,0.000000000,0.098111516,-0.995175427,0.000000000,1,0.098269603,5.630434
38.793640,1785227272.879371405,car3,car1,0.000000000,1.000000000,0.000000000,-0.032508322,0.999471465,0.000000000,1,0.032514050,1.862918
38.793640,1785227272.879371405,car3,car4,1.000000000,0.000000000,0.000000000,0.999929466,0.011877037,0.000000000,1,0.011877316,0.680520
38.793640,1785227272.879371405,car4,car1,-0.707106781,0.707106781,0.000000000,-0.635857034,0.771806862,0.000000000,1,0.096279725,5.516422
38.793640,1785227272.879371405,car4,car2,0.000000000,1.000000000,0.000000000,-0.098111516,0.995175427,0.000000000,1,0.098269603,5.630434
38.793640,1785227272.879371405,car4,car3,-1.000000000,0.000000000,0.000000000,-0.999929466,-0.011877037,0.000000000,1,0.011877316,0.680520
38.995354,1785227273.079386711,car1,car2,1.000000000,0.000000000,0.000000000,0.999367903,0.035549901,0.000000000,1,0.035557393,2.037289
38.995354,1785227273.079386711,car1,car3,0.000000000,-1.000000000,0.000000000,0.035720158,-0.999361832,0.000000000,1,0.035727759,2.047050
38.995354,1785227273.079386711,car1,car4,0.707106781,-0.707106781,0.000000000,0.635887653,-0.771781635,0.000000000,1,0.096240052,5.514149
38.995354,1785227273.079386711,car2,car1,-1.000000000,0.000000000,0.000000000,-0.999367903,-0.035549901,0.000000000,1,0.035557393,2.037289
38.995354,1785227273.079386711,car2,car4,0.000000000,-1.000000000,0.000000000,0.098152394,-0.995171396,0.000000000,1,0.098310680,5.632787
38.995354,1785227273.079386711,car3,car1,0.000000000,1.000000000,0.000000000,-0.035720158,0.999361832,0.000000000,1,0.035727759,2.047050
38.995354,1785227273.079386711,car3,car4,1.000000000,0.000000000,0.000000000,0.999832774,0.018287264,0.000000000,1,0.018288283,1.047841
38.995354,1785227273.079386711,car4,car1,-0.707106781,0.707106781,0.000000000,-0.635887653,0.771781635,0.000000000,1,0.096240052,5.514149
38.995354,1785227273.079386711,car4,car2,0.000000000,1.000000000,0.000000000,-0.098152394,0.995171396,0.000000000,1,0.098310680,5.632787
38.995354,1785227273.079386711,car4,car3,-1.000000000,0.000000000,0.000000000,-0.999832774,-0.018287264,0.000000000,1,0.018288283,1.047841
39.197362,1785227273.289386034,car1,car2,1.000000000,0.000000000,0.000000000,0.999373200,0.035400658,0.000000000,1,0.035408056,2.028732
39.197362,1785227273.289386034,car1,car3,0.000000000,-1.000000000,0.000000000,0.036506042,-0.999333432,0.000000000,1,0.036514155,2.092107
39.197362,1785227273.289386034,car1,car4,0.707106781,-0.707106781,0.000000000,0.635830723,-0.771828538,0.000000000,1,0.096313815,5.518375
39.197362,1785227273.289386034,car2,car1,-1.000000000,0.000000000,0.000000000,-0.999373200,-0.035400658,0.000000000,1,0.035408056,2.028732
39.197362,1785227273.289386034,car2,car4,0.000000000,-1.000000000,0.000000000,0.098082249,-0.995178312,0.000000000,1,0.098240194,5.628749
39.197362,1785227273.289386034,car3,car1,0.000000000,1.000000000,0.000000000,-0.036506042,0.999333432,0.000000000,1,0.036514155,2.092107
39.197362,1785227273.289386034,car3,car4,1.000000000,0.000000000,0.000000000,0.999888176,0.014954428,0.000000000,1,0.014954986,0.856858
39.197362,1785227273.289386034,car4,car1,-0.707106781,0.707106781,0.000000000,-0.635830723,0.771828538,0.000000000,1,0.096313815,5.518375
39.197362,1785227273.289386034,car4,car2,0.000000000,1.000000000,0.000000000,-0.098082249,0.995178312,0.000000000,1,0.098240194,5.628749
39.197362,1785227273.289386034,car4,car3,-1.000000000,0.000000000,0.000000000,-0.999888176,-0.014954428,0.000000000,1,0.014954986,0.856858
39.399185,1785227273.489506960,car1,car2,1.000000000,0.000000000,0.000000000,0.999371034,0.035461747,0.000000000,1,0.035469184,2.032235
39.399185,1785227273.489506960,car1,car3,0.000000000,-1.000000000,0.000000000,0.036609030,-0.999329665,0.000000000,1,0.036617212,2.098012
39.399185,1785227273.489506960,car1,car4,0.707106781,-0.707106781,0.000000000,0.635808367,-0.771846954,0.000000000,1,0.096342779,5.520035
39.399185,1785227273.489506960,car2,car1,-1.000000000,0.000000000,0.000000000,-0.999371034,-0.035461747,0.000000000,1,0.035469184,2.032235
39.399185,1785227273.489506960,car2,car4,0.000000000,-1.000000000,0.000000000,0.098001752,-0.995186242,0.000000000,1,0.098159308,5.624114
39.399185,1785227273.489506960,car3,car1,0.000000000,1.000000000,0.000000000,-0.036609030,0.999329665,0.000000000,1,0.036617212,2.098012
39.399185,1785227273.489506960,car3,car4,1.000000000,0.000000000,0.000000000,0.999921337,0.012542696,0.000000000,1,0.012543025,0.718662
39.399185,1785227273.489506960,car4,car1,-0.707106781,0.707106781,0.000000000,-0.635808367,0.771846954,0.000000000,1,0.096342779,5.520035
39.399185,1785227273.489506960,car4,car2,0.000000000,1.000000000,0.000000000,-0.098001752,0.995186242,0.000000000,1,0.098159308,5.624114
39.399185,1785227273.489506960,car4,car3,-1.000000000,0.000000000,0.000000000,-0.999921337,-0.012542696,0.000000000,1,0.012543025,0.718662
39.600609,1785227273.689611673,car1,car2,1.000000000,0.000000000,0.000000000,0.999370822,0.035467722,0.000000000,1,0.035475162,2.032577
39.600609,1785227273.689611673,car1,car3,0.000000000,-1.000000000,0.000000000,0.036951721,-0.999317052,0.000000000,1,0.036960135,2.117660
39.600609,1785227273.689611673,car1,car4,0.707106781,-0.707106781,0.000000000,0.635786514,-0.771864955,0.000000000,1,0.096371091,5.521657
39.600609,1785227273.689611673,car2,car1,-1.000000000,0.000000000,0.000000000,-0.999370822,-0.035467722,0.000000000,1,0.035475162,2.032577
39.600609,1785227273.689611673,car2,car4,0.000000000,-1.000000000,0.000000000,0.097969741,-0.995189394,0.000000000,1,0.098127141,5.622271
39.600609,1785227273.689611673,car3,car1,0.000000000,1.000000000,0.000000000,-0.036951721,0.999317052,0.000000000,1,0.036960135,2.117660
39.600609,1785227273.689611673,car3,car4,1.000000000,0.000000000,0.000000000,0.999842460,0.017749782,0.000000000,1,0.017750714,1.017041
39.600609,1785227273.689611673,car4,car1,-0.707106781,0.707106781,0.000000000,-0.635786514,0.771864955,0.000000000,1,0.096371091,5.521657
39.600609,1785227273.689611673,car4,car2,0.000000000,1.000000000,0.000000000,-0.097969741,0.995189394,0.000000000,1,0.098127141,5.622271
39.600609,1785227273.689611673,car4,car3,-1.000000000,0.000000000,0.000000000,-0.999842460,-0.017749782,0.000000000,1,0.017750714,1.017041
39.802781,1785227273.889528036,car1,car2,1.000000000,0.000000000,0.000000000,0.999367744,0.035554365,0.000000000,1,0.035561860,2.037545
39.802781,1785227273.889528036,car1,car3,0.000000000,-1.000000000,0.000000000,0.037904504,-0.999281366,0.000000000,1,0.037913587,2.172288
39.802781,1785227273.889528036,car1,car4,0.707106781,-0.707106781,0.000000000,0.635849307,-0.771813228,0.000000000,1,0.096289736,5.516996
39.802781,1785227273.889528036,car2,car1,-1.000000000,0.000000000,0.000000000,-0.999367744,-0.035554365,0.000000000,1,0.035561860,2.037545
39.802781,1785227273.889528036,car2,car4,0.000000000,-1.000000000,0.000000000,0.098065816,-0.995179931,0.000000000,1,0.098223682,5.627802
39.802781,1785227273.889528036,car3,car1,0.000000000,1.000000000,0.000000000,-0.037904504,0.999281366,0.000000000,1,0.037913587,2.172288
39.802781,1785227273.889528036,car3,car4,1.000000000,0.000000000,0.000000000,0.999886723,0.015051311,0.000000000,1,0.015051879,0.862409
39.802781,1785227273.889528036,car4,car1,-0.707106781,0.707106781,0.000000000,-0.635849307,0.771813228,0.000000000,1,0.096289736,5.516996
39.802781,1785227273.889528036,car4,car2,0.000000000,1.000000000,0.000000000,-0.098065816,0.995179931,0.000000000,1,0.098223682,5.627802
39.802781,1785227273.889528036,car4,car3,-1.000000000,0.000000000,0.000000000,-0.999886723,-0.015051311,0.000000000,1,0.015051879,0.862409
40.004549,1785227274.089503050,car1,car2,1.000000000,0.000000000,0.000000000,0.999368720,0.035526904,0.000000000,1,0.035534381,2.035970
40.004549,1785227274.089503050,car1,car3,0.000000000,-1.000000000,0.000000000,0.037609633,-0.999292507,0.000000000,1,0.037618505,2.155382
40.004549,1785227274.089503050,car1,car4,0.707106781,-0.707106781,0.000000000,0.635855354,-0.771808246,0.000000000,1,0.096281902,5.516547
40.004549,1785227274.089503050,car2,car1,-1.000000000,0.000000000,0.000000000,-0.999368720,-0.035526904,0.000000000,1,0.035534381,2.035970
40.004549,1785227274.089503050,car2,car4,0.000000000,-1.000000000,0.000000000,0.098018761,-0.995184567,0.000000000,1,0.098176399,5.625093
40.004549,1785227274.089503050,car3,car1,0.000000000,1.000000000,0.000000000,-0.037609633,0.999292507,0.000000000,1,0.037618505,2.155382
40.004549,1785227274.089503050,car3,car4,1.000000000,0.000000000,0.000000000,0.999923594,0.012361456,0.000000000,1,0.012361770,0.708277
40.004549,1785227274.089503050,car4,car1,-0.707106781,0.707106781,0.000000000,-0.635855354,0.771808246,0.000000000,1,0.096281902,5.516547
40.004549,1785227274.089503050,car4,car2,0.000000000,1.000000000,0.000000000,-0.098018761,0.995184567,0.000000000,1,0.098176399,5.625093
40.004549,1785227274.089503050,car4,car3,-1.000000000,0.000000000,0.000000000,-0.999923594,-0.012361456,0.000000000,1,0.012361770,0.708277
40.206530,1785227274.289482594,car1,car2,1.000000000,0.000000000,0.000000000,0.999371203,0.035457004,0.000000000,1,0.035464437,2.031963
40.206530,1785227274.289482594,car1,car3,0.000000000,-1.000000000,0.000000000,0.038709251,-0.999250516,0.000000000,1,0.038718925,2.218431
40.206530,1785227274.289482594,car1,car4,0.707106781,-0.707106781,0.000000000,0.635843168,-0.771818285,0.000000000,1,0.096297690,5.517451
40.206530,1785227274.289482594,car2,car1,-1.000000000,0.000000000,0.000000000,-0.999371203,-0.035457004,0.000000000,1,0.035464437,2.031963
40.206530,1785227274.289482594,car2,car4,0.000000000,-1.000000000,0.000000000,0.098135448,-0.995173067,0.000000000,1,0.098293651,5.631811
40.206530,1785227274.289482594,car3,car1,0.000000000,1.000000000,0.000000000,-0.038709251,0.999250516,0.000000000,1,0.038718925,2.218431
40.206530,1785227274.289482594,car3,car4,1.000000000,0.000000000,0.000000000,0.999897528,0.014315509,0.000000000,1,0.014315998,0.820246
40.206530,1785227274.289482594,car4,car1,-0.707106781,0.707106781,0.000000000,-0.635843168,0.771818285,0.000000000,1,0.096297690,5.517451
40.206530,1785227274.289482594,car4,car2,0.000000000,1.000000000,0.000000000,-0.098135448,0.995173067,0.000000000,1,0.098293651,5.631811
40.206530,1785227274.289482594,car4,car3,-1.000000000,0.000000000,0.000000000,-0.999897528,-0.014315509,0.000000000,1,0.014315998,0.820246
40.409226,1785227274.499426842,car1,car2,1.000000000,0.000000000,0.000000000,0.999365124,0.035627932,0.000000000,1,0.035635474,2.041762
40.409226,1785227274.499426842,car1,car3,0.000000000,-1.000000000,0.000000000,0.041483435,-0.999139192,0.000000000,1,0.041495343,2.377508
40.409226,1785227274.499426842,car1,car4,0.707106781,-0.707106781,0.000000000,0.635609480,-0.772010744,0.000000000,1,0.096600429,5.534797
40.409226,1785227274.499426842,car2,car1,-1.000000000,0.000000000,0.000000000,-0.999365124,-0.035627932,0.000000000,1,0.035635474,2.041762
40.409226,1785227274.499426842,car2,car4,0.000000000,-1.000000000,0.000000000,0.098018635,-0.995184580,0.000000000,1,0.098176272,5.625086
40.409226,1785227274.499426842,car3,car1,0.000000000,1.000000000,0.000000000,-0.041483435,0.999139192,0.000000000,1,0.041495343,2.377508
40.409226,1785227274.499426842,car3,car4,1.000000000,0.000000000,0.000000000,0.999937794,0.011153839,0.000000000,1,0.011154071,0.639081
40.409226,1785227274.499426842,car4,car1,-0.707106781,0.707106781,0.000000000,-0.635609480,0.772010744,0.000000000,1,0.096600429,5.534797
40.409226,1785227274.499426842,car4,car2,0.000000000,1.000000000,0.000000000,-0.098018635,0.995184580,0.000000000,1,0.098176272,5.625086
40.409226,1785227274.499426842,car4,car3,-1.000000000,0.000000000,0.000000000,-0.999937794,-0.011153839,0.000000000,1,0.011154071,0.639081
40.611067,1785227274.699372292,car1,car2,1.000000000,0.000000000,0.000000000,0.999402822,0.034554300,0.000000000,1,0.034561180,1.980210
40.611067,1785227274.699372292,car1,car3,0.000000000,-1.000000000,0.000000000,0.043578485,-0.999050007,0.000000000,1,0.043592290,2.497654
40.611067,1785227274.699372292,car1,car4,0.707106781,-0.707106781,0.000000000,0.635812351,-0.771843672,0.000000000,1,0.096337618,5.519739
40.611067,1785227274.699372292,car2,car1,-1.000000000,0.000000000,0.000000000,-0.999402822,-0.034554300,0.000000000,1,0.034561180,1.980210
40.611067,1785227274.699372292,car2,car4,0.000000000,-1.000000000,0.000000000,0.097977803,-0.995188600,0.000000000,1,0.098135243,5.622735
40.611067,1785227274.699372292,car3,car1,0.000000000,1.000000000,0.000000000,-0.043578485,0.999050007,0.000000000,1,0.043592290,2.497654
40.611067,1785227274.699372292,car3,car4,1.000000000,0.000000000,0.000000000,0.999931967,0.011664519,0.000000000,1,0.011664784,0.668343
40.611067,1785227274.699372292,car4,car1,-0.707106781,0.707106781,0.000000000,-0.635812351,0.771843672,0.000000000,1,0.096337618,5.519739
40.611067,1785227274.699372292,car4,car2,0.000000000,1.000000000,0.000000000,-0.097977803,0.995188600,0.000000000,1,0.098135243,5.622735
40.611067,1785227274.699372292,car4,car3,-1.000000000,0.000000000,0.000000000,-0.999931967,-0.011664519,0.000000000,1,0.011664784,0.668343
40.812911,1785227274.899401665,car1,car2,1.000000000,0.000000000,0.000000000,0.999406321,0.034452940,0.000000000,1,0.034459760,1.974399
40.812911,1785227274.899401665,car1,car3,0.000000000,-1.000000000,0.000000000,0.043004238,-0.999074890,0.000000000,1,0.043017505,2.464721
40.812911,1785227274.899401665,car1,car4,0.707106781,-0.707106781,0.000000000,0.635860337,-0.771804141,0.000000000,1,0.096275445,5.516177
40.812911,1785227274.899401665,car2,car1,-1.000000000,0.000000000,0.000000000,-0.999406321,-0.034452940,0.000000000,1,0.034459760,1.974399
40.812911,1785227274.899401665,car2,car4,0.000000000,-1.000000000,0.000000000,0.098055600,-0.995180938,0.000000000,1,0.098213417,5.627214
40.812911,1785227274.899401665,car3,car1,0.000000000,1.000000000,0.000000000,-0.043004238,0.999074890,0.000000000,1,0.043017505,2.464721
40.812911,1785227274.899401665,car3,car4,1.000000000,0.000000000,0.000000000,0.999940844,0.010876953,0.000000000,1,0.010877168,0.623216
40.812911,1785227274.899401665,car4,car1,-0.707106781,0.707106781,0.000000000,-0.635860337,0.771804141,0.000000000,1,0.096275445,5.516177
40.812911,1785227274.899401665,car4,car2,0.000000000,1.000000000,0.000000000,-0.098055600,0.995180938,0.000000000,1,0.098213417,5.627214
40.812911,1785227274.899401665,car4,car3,-1.000000000,0.000000000,0.000000000,-0.999940844,-0.010876953,0.000000000,1,0.010877168,0.623216
41.014778,1785227275.099560499,car1,car2,1.000000000,0.000000000,0.000000000,0.999384170,0.035089598,0.000000000,1,0.035096802,2.010899
41.014778,1785227275.099560499,car1,car3,0.000000000,-1.000000000,0.000000000,0.041331598,-0.999145484,0.000000000,1,0.041343375,2.368801
41.014778,1785227275.099560499,car1,car4,0.707106781,-0.707106781,0.000000000,0.635542416,-0.772065954,0.000000000,1,0.096687295,5.539774
41.014778,1785227275.099560499,car2,car1,-1.000000000,0.000000000,0.000000000,-0.999384170,-0.035089598,0.000000000,1,0.035096802,2.010899
41.014778,1785227275.099560499,car2,car4,0.000000000,-1.000000000,0.000000000,0.097944810,-0.995191848,0.000000000,1,0.098102091,5.620836
41.014778,1785227275.099560499,car3,car1,0.000000000,1.000000000,0.000000000,-0.041331598,0.999145484,0.000000000,1,0.041343375,2.368801
41.014778,1785227275.099560499,car3,car4,1.000000000,0.000000000,0.000000000,0.999948746,0.010124476,0.000000000,1,0.010124649,0.580100
41.014778,1785227275.099560499,car4,car1,-0.707106781,0.707106781,0.000000000,-0.635542416,0.772065954,0.000000000,1,0.096687295,5.539774
41.014778,1785227275.099560499,car4,car2,0.000000000,1.000000000,0.000000000,-0.097944810,0.995191848,0.000000000,1,0.098102091,5.620836
41.014778,1785227275.099560499,car4,car3,-1.000000000,0.000000000,0.000000000,-0.999948746,-0.010124476,0.000000000,1,0.010124649,0.580100
41.216610,1785227275.299387693,car1,car2,1.000000000,0.000000000,0.000000000,0.999419355,0.034072764,0.000000000,1,0.034079360,1.952604
41.216610,1785227275.299387693,car1,car3,0.000000000,-1.000000000,0.000000000,0.039153967,-0.999233189,0.000000000,1,0.039163978,2.243931
41.216610,1785227275.299387693,car1,car4,0.707106781,-0.707106781,0.000000000,0.635719835,-0.771919873,0.000000000,1,0.096457475,5.526606
41.216610,1785227275.299387693,car2,car1,-1.000000000,0.000000000,0.000000000,-0.999419355,-0.034072764,0.000000000,1,0.034079360,1.952604
41.216610,1785227275.299387693,car2,car4,0.000000000,-1.000000000,0.000000000,0.097972329,-0.995189139,0.000000000,1,0.098129743,5.622420
41.216610,1785227275.299387693,car3,car1,0.000000000,1.000000000,0.000000000,-0.039153967,0.999233189,0.000000000,1,0.039163978,2.243931
41.216610,1785227275.299387693,car3,car4,1.000000000,0.000000000,0.000000000,0.999847833,0.017444534,0.000000000,1,0.017445419,0.999549
41.216610,1785227275.299387693,car4,car1,-0.707106781,0.707106781,0.000000000,-0.635719835,0.771919873,0.000000000,1,0.096457475,5.526606
41.216610,1785227275.299387693,car4,car2,0.000000000,1.000000000,0.000000000,-0.097972329,0.995189139,0.000000000,1,0.098129743,5.622420
41.216610,1785227275.299387693,car4,car3,-1.000000000,0.000000000,0.000000000,-0.999847833,-0.017444534,0.000000000,1,0.017445419,0.999549
41.418871,1785227275.509383202,car1,car2,1.000000000,0.000000000,0.000000000,0.999393201,0.034831458,0.000000000,1,0.034838505,1.996099
41.418871,1785227275.509383202,car1,car3,0.000000000,-1.000000000,0.000000000,0.036661321,-0.999327748,0.000000000,1,0.036669538,2.101010
41.418871,1785227275.509383202,car1,car4,0.707106781,-0.707106781,0.000000000,0.635650359,-0.771977086,0.000000000,1,0.096547476,5.531763
41.418871,1785227275.509383202,car2,car1,-1.000000000,0.000000000,0.000000000,-0.999393201,-0.034831458,0.000000000,1,0.034838505,1.996099
41.418871,1785227275.509383202,car2,car4,0.000000000,-1.000000000,0.000000000,0.097831445,-0.995202999,0.000000000,1,0.097988178,5.614309
41.418871,1785227275.509383202,car3,car1,0.000000000,1.000000000,0.000000000,-0.036661321,0.999327748,0.000000000,1,0.036669538,2.101010
41.418871,1785227275.509383202,car3,car4,1.000000000,0.000000000,0.000000000,0.999842460,0.017749816,0.000000000,1,0.017750749,1.017043
41.418871,1785227275.509383202,car4,car1,-0.707106781,0.707106781,0.000000000,-0.635650359,0.771977086,0.000000000,1,0.096547476,5.531763
41.418871,1785227275.509383202,car4,car2,0.000000000,1.000000000,0.000000000,-0.097831445,0.995202999,0.000000000,1,0.097988178,5.614309
41.418871,1785227275.509383202,car4,car3,-1.000000000,0.000000000,0.000000000,-0.999842460,-0.017749816,0.000000000,1,0.017750749,1.017043
41.620449,1785227275.709458828,car1,car2,1.000000000,0.000000000,0.000000000,0.999393118,0.034833823,0.000000000,1,0.034840871,1.996235
41.620449,1785227275.709458828,car1,car3,0.000000000,-1.000000000,0.000000000,0.038430394,-0.999261280,0.000000000,1,0.038439860,2.202442
41.620449,1785227275.709458828,car1,car4,0.707106781,-0.707106781,0.000000000,0.635594191,-0.772023331,0.000000000,1,0.096620232,5.535932
41.620449,1785227275.709458828,car2,car1,-1.000000000,0.000000000,0.000000000,-0.999393118,-0.034833823,0.000000000,1,0.034840871,1.996235
41.620449,1785227275.709458828,car2,car4,0.000000000,-1.000000000,0.000000000,0.097794064,-0.995206673,0.000000000,1,0.097950617,5.612157
41.620449,1785227275.709458828,car3,car1,0.000000000,1.000000000,0.000000000,-0.038430394,0.999261280,0.000000000,1,0.038439860,2.202442
41.620449,1785227275.709458828,car3,car4,1.000000000,0.000000000,0.000000000,0.999919930,0.012654365,0.000000000,1,0.012654703,0.725061
41.620449,1785227275.709458828,car4,car1,-0.707106781,0.707106781,0.000000000,-0.635594191,0.772023331,0.000000000,1,0.096620232,5.535932
41.620449,1785227275.709458828,car4,car2,0.000000000,1.000000000,0.000000000,-0.097794064,0.995206673,0.000000000,1,0.097950617,5.612157
41.620449,1785227275.709458828,car4,car3,-1.000000000,0.000000000,0.000000000,-0.999919930,-0.012654365,0.000000000,1,0.012654703,0.725061
41.822521,1785227275.869485617,car1,car2,1.000000000,0.000000000,0.000000000,0.999392413,0.034854058,0.000000000,1,0.034861118,1.997395
41.822521,1785227275.869485617,car1,car3,0.000000000,-1.000000000,0.000000000,0.036284911,-0.999341486,0.000000000,1,0.036292878,2.079429
41.822521,1785227275.869485617,car1,car4,0.707106781,-0.707106781,0.000000000,0.635639923,-0.771985679,0.000000000,1,0.096560995,5.532537
41.822521,1785227275.869485617,car2,car1,-1.000000000,0.000000000,0.000000000,-0.999392413,-0.034854058,0.000000000,1,0.034861118,1.997395
41.822521,1785227275.869485617,car2,car4,0.000000000,-1.000000000,0.000000000,0.097919526,-0.995194336,0.000000000,1,0.098076684,5.619380
41.822521,1785227275.869485617,car3,car1,0.000000000,1.000000000,0.000000000,-0.036284911,0.999341486,0.000000000,1,0.036292878,2.079429
41.822521,1785227275.869485617,car3,car4,1.000000000,0.000000000,0.000000000,0.999863531,0.016520251,0.000000000,1,0.016521003,0.946584
41.822521,1785227275.869485617,car4,car1,-0.707106781,0.707106781,0.000000000,-0.635639923,0.771985679,0.000000000,1,0.096560995,5.532537
41.822521,1785227275.869485617,car4,car2,0.000000000,1.000000000,0.000000000,-0.097919526,0.995194336,0.000000000,1,0.098076684,5.619380
41.822521,1785227275.869485617,car4,car3,-1.000000000,0.000000000,0.000000000,-0.999863531,-0.016520251,0.000000000,1,0.016521003,0.946584
42.024812,1785227276.069451332,car1,car2,1.000000000,0.000000000,0.000000000,0.999426898,0.033850788,0.000000000,1,0.033857257,1.939878
42.024812,1785227276.069451332,car1,car3,0.000000000,-1.000000000,0.000000000,0.036342059,-0.999339409,0.000000000,1,0.036350063,2.082705
42.024812,1785227276.069451332,car1,car4,0.707106781,-0.707106781,0.000000000,0.635609879,-0.772010416,0.000000000,1,0.096599912,5.534767
42.024812,1785227276.069451332,car2,car1,-1.000000000,0.000000000,0.000000000,-0.999426898,-0.033850788,0.000000000,1,0.033857257,1.939878
42.024812,1785227276.069451332,car2,car4,0.000000000,-1.000000000,0.000000000,0.098626727,-0.995124499,0.000000000,1,0.098787325,5.660097
42.024812,1785227276.069451332,car3,car1,0.000000000,1.000000000,0.000000000,-0.036342059,0.999339409,0.000000000,1,0.036350063,2.082705
42.024812,1785227276.069451332,car3,car4,1.000000000,0.000000000,0.000000000,0.999838961,0.017945791,0.000000000,1,0.017946755,1.028273
42.024812,1785227276.069451332,car4,car1,-0.707106781,0.707106781,0.000000000,-0.635609879,0.772010416,0.000000000,1,0.096599912,5.534767
42.024812,1785227276.069451332,car4,car2,0.000000000,1.000000000,0.000000000,-0.098626727,0.995124499,0.000000000,1,0.098787325,5.660097
42.024812,1785227276.069451332,car4,car3,-1.000000000,0.000000000,0.000000000,-0.999838961,-0.017945791,0.000000000,1,0.017946755,1.028273
42.227108,1785227276.269460201,car1,car2,1.000000000,0.000000000,0.000000000,0.999434773,0.033617472,0.000000000,1,0.033623807,1.926502
42.227108,1785227276.269460201,car1,car3,0.000000000,-1.000000000,0.000000000,0.036158572,-0.999346065,0.000000000,1,0.036166455,2.072185
42.227108,1785227276.269460201,car1,car4,0.707106781,-0.707106781,0.000000000,0.635535504,-0.772071643,0.000000000,1,0.096696247,5.540287
42.227108,1785227276.269460201,car2,car1,-1.000000000,0.000000000,0.000000000,-0.999434773,-0.033617472,0.000000000,1,0.033623807,1.926502
42.227108,1785227276.269460201,car2,car4,0.000000000,-1.000000000,0.000000000,0.098430955,-0.995143883,0.000000000,1,0.098590596,5.648825
42.227108,1785227276.269460201,car3,car1,0.000000000,1.000000000,0.000000000,-0.036158572,0.999346065,0.000000000,1,0.036166455,2.072185
42.227108,1785227276.269460201,car3,car4,1.000000000,0.000000000,0.000000000,0.999922299,0.012465770,0.000000000,1,0.012466093,0.714255
42.227108,1785227276.269460201,car4,car1,-0.707106781,0.707106781,0.000000000,-0.635535504,0.772071643,0.000000000,1,0.096696247,5.540287
42.227108,1785227276.269460201,car4,car2,0.000000000,1.000000000,0.000000000,-0.098430955,0.995143883,0.000000000,1,0.098590596,5.648825
42.227108,1785227276.269460201,car4,car3,-1.000000000,0.000000000,0.000000000,-0.999922299,-0.012465770,0.000000000,1,0.012466093,0.714255
42.429695,1785227276.479575396,car1,car2,1.000000000,0.000000000,0.000000000,0.999445067,0.033310036,0.000000000,1,0.033316199,1.908878
42.429695,1785227276.479575396,car1,car3,0.000000000,-1.000000000,0.000000000,0.040950284,-0.999161185,0.000000000,1,0.040961738,2.346935
42.429695,1785227276.479575396,car1,car4,0.707106781,-0.707106781,0.000000000,0.635572023,-0.772041581,0.000000000,1,0.096648946,5.537577
42.429695,1785227276.479575396,car2,car1,-1.000000000,0.000000000,0.000000000,-0.999445067,-0.033310036,0.000000000,1,0.033316199,1.908878
42.429695,1785227276.479575396,car2,car4,0.000000000,-1.000000000,0.000000000,0.097670540,-0.995218803,0.000000000,1,0.097826499,5.605046
42.429695,1785227276.479575396,car3,car1,0.000000000,1.000000000,0.000000000,-0.040950284,0.999161185,0.000000000,1,0.040961738,2.346935
42.429695,1785227276.479575396,car3,car4,1.000000000,0.000000000,0.000000000,0.999961087,0.008821810,0.000000000,1,0.008821925,0.505459
42.429695,1785227276.479575396,car4,car1,-0.707106781,0.707106781,0.000000000,-0.635572023,0.772041581,0.000000000,1,0.096648946,5.537577
42.429695,1785227276.479575396,car4,car2,0.000000000,1.000000000,0.000000000,-0.097670540,0.995218803,0.000000000,1,0.097826499,5.605046
42.429695,1785227276.479575396,car4,car3,-1.000000000,0.000000000,0.000000000,-0.999961087,-0.008821810,0.000000000,1,0.008821925,0.505459
42.632116,1785227276.719338894,car1,car2,1.000000000,0.000000000,0.000000000,0.999461982,0.032798563,0.000000000,1,0.032804447,1.879556
42.632116,1785227276.719338894,car1,car3,0.000000000,-1.000000000,0.000000000,0.040639090,-0.999173891,0.000000000,1,0.040650284,2.329090
42.632116,1785227276.719338894,car1,car4,0.707106781,-0.707106781,0.000000000,0.635843049,-0.771818383,0.000000000,1,0.096297844,5.517460
42.632116,1785227276.719338894,car2,car1,-1.000000000,0.000000000,0.000000000,-0.999461982,-0.032798563,0.000000000,1,0.032804447,1.879556
42.632116,1785227276.719338894,car2,car4,0.000000000,-1.000000000,0.000000000,0.097716645,-0.995214277,0.000000000,1,0.097872825,5.607700
42.632116,1785227276.719338894,car3,car1,0.000000000,1.000000000,0.000000000,-0.040639090,0.999173891,0.000000000,1,0.040650284,2.329090
42.632116,1785227276.719338894,car3,car4,1.000000000,0.000000000,0.000000000,0.999957125,0.009260042,0.000000000,1,0.009260174,0.530569
42.632116,1785227276.719338894,car4,car1,-0.707106781,0.707106781,0.000000000,-0.635843049,0.771818383,0.000000000,1,0.096297844,5.517460
42.632116,1785227276.719338894,car4,car2,0.000000000,1.000000000,0.000000000,-0.097716645,0.995214277,0.000000000,1,0.097872825,5.607700
42.632116,1785227276.719338894,car4,car3,-1.000000000,0.000000000,0.000000000,-0.999957125,-0.009260042,0.000000000,1,0.009260174,0.530569
42.833997,1785227276.889542341,car1,car2,1.000000000,0.000000000,0.000000000,0.999492570,0.031852826,0.000000000,1,0.031858215,1.825341
42.833997,1785227276.889542341,car1,car3,0.000000000,-1.000000000,0.000000000,0.043581007,-0.999049897,0.000000000,1,0.043594814,2.497799
42.833997,1785227276.889542341,car1,car4,0.707106781,-0.707106781,0.000000000,0.636641780,-0.771159675,0.000000000,1,0.095262534,5.458141
42.833997,1785227276.889542341,car2,car1,-1.000000000,0.000000000,0.000000000,-0.999492570,-0.031852826,0.000000000,1,0.031858215,1.825341
42.833997,1785227276.889542341,car2,car4,0.000000000,-1.000000000,0.000000000,0.097569619,-0.995228702,0.000000000,1,0.097725094,5.599235
42.833997,1785227276.889542341,car3,car1,0.000000000,1.000000000,0.000000000,-0.043581007,0.999049897,0.000000000,1,0.043594814,2.497799
42.833997,1785227276.889542341,car3,car4,1.000000000,0.000000000,0.000000000,0.999871518,0.016029597,0.000000000,1,0.016030283,0.918468
42.833997,1785227276.889542341,car4,car1,-0.707106781,0.707106781,0.000000000,-0.636641780,0.771159675,0.000000000,1,0.095262534,5.458141
42.833997,1785227276.889542341,car4,car2,0.000000000,1.000000000,0.000000000,-0.097569619,0.995228702,0.000000000,1,0.097725094,5.599235
42.833997,1785227276.889542341,car4,car3,-1.000000000,0.000000000,0.000000000,-0.999871518,-0.016029597,0.000000000,1,0.016030283,0.918468
43.036313,1785227277.099602461,car1,car2,1.000000000,0.000000000,0.000000000,0.999603623,0.028153086,0.000000000,1,0.028156807,1.613266
43.036313,1785227277.099602461,car1,car3,0.000000000,-1.000000000,0.000000000,0.040602997,-0.999175358,0.000000000,1,0.040614162,2.327020
43.036313,1785227277.099602461,car1,car4,0.707106781,-0.707106781,0.000000000,0.636330198,-0.771416799,0.000000000,1,0.095666509,5.481287
43.036313,1785227277.099602461,car2,car1,-1.000000000,0.000000000,0.000000000,-0.999603623,-0.028153086,0.000000000,1,0.028156807,1.613266
43.036313,1785227277.099602461,car2,car4,0.000000000,-1.000000000,0.000000000,0.095977981,-0.995383457,0.000000000,1,0.096125950,5.507611
43.036313,1785227277.099602461,car3,car1,0.000000000,1.000000000,0.000000000,-0.040602997,0.999175358,0.000000000,1,0.040614162,2.327020
43.036313,1785227277.099602461,car3,car4,1.000000000,0.000000000,0.000000000,0.999685189,0.025090311,0.000000000,1,0.025092945,1.437720
43.036313,1785227277.099602461,car4,car1,-0.707106781,0.707106781,0.000000000,-0.636330198,0.771416799,0.000000000,1,0.095666509,5.481287
43.036313,1785227277.099602461,car4,car2,0.000000000,1.000000000,0.000000000,-0.095977981,0.995383457,0.000000000,1,0.096125950,5.507611
43.036313,1785227277.099602461,car4,car3,-1.000000000,0.000000000,0.000000000,-0.999685189,-0.025090311,0.000000000,1,0.025092945,1.437720
43.238598,1785227277.290848970,car1,car2,1.000000000,0.000000000,0.000000000,0.999587629,0.028715361,0.000000000,1,0.028719309,1.645495
43.238598,1785227277.290848970,car1,car3,0.000000000,-1.000000000,0.000000000,0.039607711,-0.999215307,0.000000000,1,0.039618074,2.269948
43.238598,1785227277.290848970,car1,car4,0.707106781,-0.707106781,0.000000000,0.636331791,-0.771415486,0.000000000,1,0.095664445,5.481169
43.238598,1785227277.290848970,car2,car1,-1.000000000,0.000000000,0.000000000,-0.999587629,-0.028715361,0.000000000,1,0.028719309,1.645495
43.238598,1785227277.290848970,car2,car4,0.000000000,-1.000000000,0.000000000,0.096910687,-0.995293082,0.000000000,1,0.097063024,5.561302
43.238598,1785227277.290848970,car3,car1,0.000000000,1.000000000,0.000000000,-0.039607711,0.999215307,0.000000000,1,0.039618074,2.269948
43.238598,1785227277.290848970,car3,car4,1.000000000,0.000000000,0.000000000,0.999820232,0.018960577,0.000000000,1,0.018961713,1.086426
43.238598,1785227277.290848970,car4,car1,-0.707106781,0.707106781,0.000000000,-0.636331791,0.771415486,0.000000000,1,0.095664445,5.481169
43.238598,1785227277.290848970,car4,car2,0.000000000,1.000000000,0.000000000,-0.096910687,0.995293082,0.000000000,1,0.097063024,5.561302
43.238598,1785227277.290848970,car4,car3,-1.000000000,0.000000000,0.000000000,-0.999820232,-0.018960577,0.000000000,1,0.018961713,1.086426
43.443846,1785227277.499751091,car1,car2,1.000000000,0.000000000,0.000000000,0.999753778,0.022189714,0.000000000,1,0.022191536,1.271481
43.443846,1785227277.499751091,car1,car3,0.000000000,-1.000000000,0.000000000,0.043085047,-0.999071408,0.000000000,1,0.043098388,2.469356
43.443846,1785227277.499751091,car1,car4,0.707106781,-0.707106781,0.000000000,0.636264820,-0.771470725,0.000000000,1,0.095751258,5.486143
43.443846,1785227277.499751091,car2,car1,-1.000000000,0.000000000,0.000000000,-0.999753778,-0.022189714,0.000000000,1,0.022191536,1.271481
43.443846,1785227277.499751091,car2,car4,0.000000000,-1.000000000,0.000000000,0.098628090,-0.995124364,0.000000000,1,0.098788695,5.660175
43.443846,1785227277.499751091,car3,car1,0.000000000,1.000000000,0.000000000,-0.043085047,0.999071408,0.000000000,1,0.043098388,2.469356
43.443846,1785227277.499751091,car3,car4,1.000000000,0.000000000,0.000000000,0.999954054,0.009585927,0.000000000,1,0.009586074,0.549242
43.443846,1785227277.499751091,car4,car1,-0.707106781,0.707106781,0.000000000,-0.636264820,0.771470725,0.000000000,1,0.095751258,5.486143
43.443846,1785227277.499751091,car4,car2,0.000000000,1.000000000,0.000000000,-0.098628090,0.995124364,0.000000000,1,0.098788695,5.660175
43.443846,1785227277.499751091,car4,car3,-1.000000000,0.000000000,0.000000000,-0.999954054,-0.009585927,0.000000000,1,0.009586074,0.549242
43.646025,1785227277.709614515,car1,car2,1.000000000,0.000000000,0.000000000,0.999855411,0.017004618,0.000000000,1,0.017005438,0.974340
43.646025,1785227277.709614515,car1,car3,0.000000000,-1.000000000,0.000000000,0.039400777,-0.999223488,0.000000000,1,0.039410979,2.258083
43.646025,1785227277.709614515,car1,car4,0.707106781,-0.707106781,0.000000000,0.636301650,-0.771440348,0.000000000,1,0.095703517,5.483408
43.646025,1785227277.709614515,car2,car1,-1.000000000,0.000000000,0.000000000,-0.999855411,-0.017004618,0.000000000,1,0.017005438,0.974340
43.646025,1785227277.709614515,car2,car4,0.000000000,-1.000000000,0.000000000,0.094541371,-0.995520934,0.000000000,1,0.094682777,5.424924
43.646025,1785227277.709614515,car3,car1,0.000000000,1.000000000,0.000000000,-0.039400777,0.999223488,0.000000000,1,0.039410979,2.258083
43.646025,1785227277.709614515,car3,car4,1.000000000,0.000000000,0.000000000,0.999918508,0.012766256,0.000000000,1,0.012766603,0.731472
43.646025,1785227277.709614515,car4,car1,-0.707106781,0.707106781,0.000000000,-0.636301650,0.771440348,0.000000000,1,0.095703517,5.483408
43.646025,1785227277.709614515,car4,car2,0.000000000,1.000000000,0.000000000,-0.094541371,0.995520934,0.000000000,1,0.094682777,5.424924
43.646025,1785227277.709614515,car4,car3,-1.000000000,0.000000000,0.000000000,-0.999918508,-0.012766256,0.000000000,1,0.012766603,0.731472
43.848966,1785227277.889564514,car1,car2,1.000000000,0.000000000,0.000000000,0.999870647,0.016083816,0.000000000,1,0.016084510,0.921575
43.848966,1785227277.889564514,car1,car3,0.000000000,-1.000000000,0.000000000,0.043116779,-0.999070039,0.000000000,1,0.043130150,2.471176
43.848966,1785227277.889564514,car1,car4,0.707106781,-0.707106781,0.000000000,0.636322130,-0.771423455,0.000000000,1,0.095676969,5.481887
43.848966,1785227277.889564514,car2,car1,-1.000000000,0.000000000,0.000000000,-0.999870647,-0.016083816,0.000000000,1,0.016084510,0.921575
43.848966,1785227277.889564514,car2,car4,0.000000000,-1.000000000,0.000000000,0.093112847,-0.995655562,0.000000000,1,0.093247923,5.342712
43.848966,1785227277.889564514,car3,car1,0.000000000,1.000000000,0.000000000,-0.043116779,0.999070039,0.000000000,1,0.043130150,2.471176
43.848966,1785227277.889564514,car3,car4,1.000000000,0.000000000,0.000000000,0.999828244,0.018533284,0.000000000,1,0.018534345,1.061940
43.848966,1785227277.889564514,car4,car1,-0.707106781,0.707106781,0.000000000,-0.636322130,0.771423455,0.000000000,1,0.095676969,5.481887
43.848966,1785227277.889564514,car4,car2,0.000000000,1.000000000,0.000000000,-0.093112847,0.995655562,0.000000000,1,0.093247923,5.342712
43.848966,1785227277.889564514,car4,car3,-1.000000000,0.000000000,0.000000000,-0.999828244,-0.018533284,0.000000000,1,0.018534345,1.061940
44.050842,1785227278.119446754,car1,car2,1.000000000,0.000000000,0.000000000,0.999890968,0.014766605,0.000000000,1,0.014767142,0.846095
44.050842,1785227278.119446754,car1,car3,0.000000000,-1.000000000,0.000000000,0.046164545,-0.998933849,0.000000000,1,0.046180958,2.645974
44.050842,1785227278.119446754,car1,car4,0.707106781,-0.707106781,0.000000000,0.636284827,-0.771454224,0.000000000,1,0.095725324,5.484657
44.050842,1785227278.119446754,car2,car1,-1.000000000,0.000000000,0.000000000,-0.999890968,-0.014766605,0.000000000,1,0.014767142,0.846095
44.050842,1785227278.119446754,car2,car4,0.000000000,-1.000000000,0.000000000,0.092118421,-0.995748059,0.000000000,1,0.092249204,5.285490
44.050842,1785227278.119446754,car3,car1,0.000000000,1.000000000,0.000000000,-0.046164545,0.998933849,0.000000000,1,0.046180958,2.645974
44.050842,1785227278.119446754,car3,car4,1.000000000,0.000000000,0.000000000,0.999817335,0.019112726,0.000000000,1,0.019113890,1.095145
44.050842,1785227278.119446754,car4,car1,-0.707106781,0.707106781,0.000000000,-0.636284827,0.771454224,0.000000000,1,0.095725324,5.484657
44.050842,1785227278.119446754,car4,car2,0.000000000,1.000000000,0.000000000,-0.092118421,0.995748059,0.000000000,1,0.092249204,5.285490
44.050842,1785227278.119446754,car4,car3,-1.000000000,0.000000000,0.000000000,-0.999817335,-0.019112726,0.000000000,1,0.019113890,1.095145
44.252655,1785227278.319611073,car1,car2,1.000000000,0.000000000,0.000000000,0.999893513,0.014593271,0.000000000,1,0.014593789,0.836163
44.252655,1785227278.319611073,car1,car3,0.000000000,-1.000000000,0.000000000,0.048278790,-0.998833899,0.000000000,1,0.048297564,2.767247
44.252655,1785227278.319611073,car1,car4,0.707106781,-0.707106781,0.000000000,0.636282560,-0.771456093,0.000000000,1,0.095728262,5.484825
44.252655,1785227278.319611073,car2,car1,-1.000000000,0.000000000,0.000000000,-0.999893513,-0.014593271,0.000000000,1,0.014593789,0.836163
44.252655,1785227278.319611073,car2,car4,0.000000000,-1.000000000,0.000000000,0.092139124,-0.995746143,0.000000000,1,0.092269995,5.286681
44.252655,1785227278.319611073,car3,car1,0.000000000,1.000000000,0.000000000,-0.048278790,0.998833899,0.000000000,1,0.048297564,2.767247
44.252655,1785227278.319611073,car3,car4,1.000000000,0.000000000,0.000000000,0.999939690,0.010982568,0.000000000,1,0.010982788,0.629267
44.252655,1785227278.319611073,car4,car1,-0.707106781,0.707106781,0.000000000,-0.636282560,0.771456093,0.000000000,1,0.095728262,5.484825
44.252655,1785227278.319611073,car4,car2,0.000000000,1.000000000,0.000000000,-0.092139124,0.995746143,0.000000000,1,0.092269995,5.286681
44.252655,1785227278.319611073,car4,car3,-1.000000000,0.000000000,0.000000000,-0.999939690,-0.010982568,0.000000000,1,0.010982788,0.629267
44.454810,1785227278.519568920,car1,car2,1.000000000,0.000000000,0.000000000,0.999896814,0.014365254,0.000000000,1,0.014365748,0.823097
44.454810,1785227278.519568920,car1,car3,0.000000000,-1.000000000,0.000000000,0.049077920,-0.998794953,0.000000000,1,0.049097643,2.813088
44.454810,1785227278.519568920,car1,car4,0.707106781,-0.707106781,0.000000000,0.636272489,-0.771464399,0.000000000,1,0.095741317,5.485573
44.454810,1785227278.519568920,car2,car1,-1.000000000,0.000000000,0.000000000,-0.999896814,-0.014365254,0.000000000,1,0.014365748,0.823097
44.454810,1785227278.519568920,car2,car4,0.000000000,-1.000000000,0.000000000,0.092097986,-0.995749949,0.000000000,1,0.092228682,5.284314
44.454810,1785227278.519568920,car3,car1,0.000000000,1.000000000,0.000000000,-0.049077920,0.998794953,0.000000000,1,0.049097643,2.813088
44.454810,1785227278.519568920,car3,car4,1.000000000,0.000000000,0.000000000,0.999999997,0.000072925,0.000000000,1,0.000072925,0.004178
44.454810,1785227278.519568920,car4,car1,-0.707106781,0.707106781,0.000000000,-0.636272489,0.771464399,0.000000000,1,0.095741317,5.485573
44.454810,1785227278.519568920,car4,car2,0.000000000,1.000000000,0.000000000,-0.092097986,0.995749949,0.000000000,1,0.092228682,5.284314
44.454810,1785227278.519568920,car4,car3,-1.000000000,0.000000000,0.000000000,-0.999999997,-0.000072925,0.000000000,1,0.000072925,0.004178
44.657239,1785227278.729535103,car1,car2,1.000000000,0.000000000,0.000000000,0.999897502,0.014317285,0.000000000,1,0.014317774,0.820348
44.657239,1785227278.729535103,car1,car3,0.000000000,-1.000000000,0.000000000,0.047893889,-0.998852429,0.000000000,1,0.047912218,2.745168
44.657239,1785227278.729535103,car1,car4,0.707106781,-0.707106781,0.000000000,0.636306861,-0.771436050,0.000000000,1,0.095696762,5.483021
44.657239,1785227278.729535103,car2,car1,-1.000000000,0.000000000,0.000000000,-0.999897502,-0.014317285,0.000000000,1,0.014317774,0.820348
44.657239,1785227278.729535103,car2,car4,0.000000000,-1.000000000,0.000000000,0.092154674,-0.995744704,0.000000000,1,0.092285612,5.287576
44.657239,1785227278.729535103,car3,car1,0.000000000,1.000000000,0.000000000,-0.047893889,0.998852429,0.000000000,1,0.047912218,2.745168
44.657239,1785227278.729535103,car3,car4,1.000000000,0.000000000,0.000000000,0.999998932,-0.001461564,0.000000000,1,0.001461565,0.083741
44.657239,1785227278.729535103,car4,car1,-0.707106781,0.707106781,0.000000000,-0.636306861,0.771436050,0.000000000,1,0.095696762,5.483021
44.657239,1785227278.729535103,car4,car2,0.000000000,1.000000000,0.000000000,-0.092154674,0.995744704,0.000000000,1,0.092285612,5.287576
44.657239,1785227278.729535103,car4,car3,-1.000000000,0.000000000,0.000000000,-0.999998932,0.001461564,0.000000000,1,0.001461565,0.083741
44.861691,1785227278.939389229,car1,car2,1.000000000,0.000000000,0.000000000,0.999896037,0.014419253,0.000000000,1,0.014419752,0.826191
44.861691,1785227278.939389229,car1,car3,0.000000000,-1.000000000,0.000000000,0.053887351,-0.998547021,0.000000000,1,0.053913465,3.089014
44.861691,1785227278.939389229,car1,car4,0.707106781,-0.707106781,0.000000000,0.636327541,-0.771418991,0.000000000,1,0.095669954,5.481485
44.861691,1785227278.939389229,car2,car1,-1.000000000,0.000000000,0.000000000,-0.999896037,-0.014419253,0.000000000,1,0.014419752,0.826191
44.861691,1785227278.939389229,car2,car4,0.000000000,-1.000000000,0.000000000,0.092088615,-0.995750816,0.000000000,1,0.092219271,5.283775
44.861691,1785227278.939389229,car3,car1,0.000000000,1.000000000,0.000000000,-0.053887351,0.998547021,0.000000000,1,0.053913465,3.089014
44.861691,1785227278.939389229,car3,car4,1.000000000,0.000000000,0.000000000,0.999995308,0.003063458,0.000000000,1,0.003063463,0.175523
44.861691,1785227278.939389229,car4,car1,-0.707106781,0.707106781,0.000000000,-0.636327541,0.771418991,0.000000000,1,0.095669954,5.481485
44.861691,1785227278.939389229,car4,car2,0.000000000,1.000000000,0.000000000,-0.092088615,0.995750816,0.000000000,1,0.092219271,5.283775
44.861691,1785227278.939389229,car4,car3,-1.000000000,0.000000000,0.000000000,-0.999995308,-0.003063458,0.000000000,1,0.003063463,0.175523
45.063419,1785227279.149459124,car1,car2,1.000000000,0.000000000,0.000000000,0.999897582,0.014311712,0.000000000,1,0.014312201,0.820029
45.063419,1785227279.149459124,car1,car3,0.000000000,-1.000000000,0.000000000,0.056212788,-0.998418811,0.000000000,1,0.056242434,3.222454
45.063419,1785227279.149459124,car1,car4,0.707106781,-0.707106781,0.000000000,0.636278685,-0.771459290,0.000000000,1,0.095733286,5.485113
45.063419,1785227279.149459124,car2,car1,-1.000000000,0.000000000,0.000000000,-0.999897582,-0.014311712,0.000000000,1,0.014312201,0.820029
45.063419,1785227279.149459124,car2,car4,0.000000000,-1.000000000,0.000000000,0.092081905,-0.995751436,0.000000000,1,0.092212532,5.283389
45.063419,1785227279.149459124,car3,car1,0.000000000,1.000000000,0.000000000,-0.056212788,0.998418811,0.000000000,1,0.056242434,3.222454
45.063419,1785227279.149459124,car3,car4,1.000000000,0.000000000,0.000000000,0.999998655,0.001640126,0.000000000,1,0.001640127,0.093972
45.063419,1785227279.149459124,car4,car1,-0.707106781,0.707106781,0.000000000,-0.636278685,0.771459290,0.000000000,1,0.095733286,5.485113
45.063419,1785227279.149459124,car4,car2,0.000000000,1.000000000,0.000000000,-0.092081905,0.995751436,0.000000000,1,0.092212532,5.283389
45.063419,1785227279.149459124,car4,car3,-1.000000000,0.000000000,0.000000000,-0.999998655,-0.001640126,0.000000000,1,0.001640127,0.093972
45.265374,1785227279.349447727,car1,car2,1.000000000,0.000000000,0.000000000,0.999896567,0.014382460,0.000000000,1,0.014382955,0.824083
45.265374,1785227279.349447727,car1,car3,0.000000000,-1.000000000,0.000000000,0.058638526,-0.998279281,0.000000000,1,0.058672182,3.361668
45.265374,1785227279.349447727,car1,car4,0.707106781,-0.707106781,0.000000000,0.636323321,-0.771422472,0.000000000,1,0.095675424,5.481798
45.265374,1785227279.349447727,car2,car1,-1.000000000,0.000000000,0.000000000,-0.999896567,-0.014382460,0.000000000,1,0.014382955,0.824083
45.265374,1785227279.349447727,car2,car4,0.000000000,-1.000000000,0.000000000,0.092117087,-0.995748182,0.000000000,1,0.092247865,5.285413
45.265374,1785227279.349447727,car3,car1,0.000000000,1.000000000,0.000000000,-0.058638526,0.998279281,0.000000000,1,0.058672182,3.361668
45.265374,1785227279.349447727,car3,car4,1.000000000,0.000000000,0.000000000,0.999986819,-0.005134401,0.000000000,1,0.005134424,0.294181
45.265374,1785227279.349447727,car4,car1,-0.707106781,0.707106781,0.000000000,-0.636323321,0.771422472,0.000000000,1,0.095675424,5.481798
45.265374,1785227279.349447727,car4,car2,0.000000000,1.000000000,0.000000000,-0.092117087,0.995748182,0.000000000,1,0.092247865,5.285413
45.265374,1785227279.349447727,car4,car3,-1.000000000,0.000000000,0.000000000,-0.999986819,0.005134401,0.000000000,1,0.005134424,0.294181
45.467732,1785227279.549447298,car1,car2,1.000000000,0.000000000,0.000000000,0.999897206,0.014337954,0.000000000,1,0.014338445,0.821532
45.467732,1785227279.549447298,car1,car3,0.000000000,-1.000000000,0.000000000,0.051374540,-0.998679456,0.000000000,1,0.051397166,2.944841
45.467732,1785227279.549447298,car1,car4,0.707106781,-0.707106781,0.000000000,0.636276586,-0.771461021,0.000000000,1,0.095736006,5.485269
45.467732,1785227279.549447298,car2,car1,-1.000000000,0.000000000,0.000000000,-0.999897206,-0.014337954,0.000000000,1,0.014338445,0.821532
45.467732,1785227279.549447298,car2,car4,0.000000000,-1.000000000,0.000000000,0.092167059,-0.995743558,0.000000000,1,0.092298050,5.288289
45.467732,1785227279.549447298,car3,car1,0.000000000,1.000000000,0.000000000,-0.051374540,0.998679456,0.000000000,1,0.051397166,2.944841
45.467732,1785227279.549447298,car3,car4,1.000000000,0.000000000,0.000000000,0.999990906,-0.004264723,0.000000000,1,0.004264735,0.244351
45.467732,1785227279.549447298,car4,car1,-0.707106781,0.707106781,0.000000000,-0.636276586,0.771461021,0.000000000,1,0.095736006,5.485269
45.467732,1785227279.549447298,car4,car2,0.000000000,1.000000000,0.000000000,-0.092167059,0.995743558,0.000000000,1,0.092298050,5.288289
45.467732,1785227279.549447298,car4,car3,-1.000000000,0.000000000,0.000000000,-0.999990906,0.004264723,0.000000000,1,0.004264735,0.244351
45.672046,1785227279.759453058,car1,car2,1.000000000,0.000000000,0.000000000,0.999896627,0.014378292,0.000000000,1,0.014378788,0.823844
45.672046,1785227279.759453058,car1,car3,0.000000000,-1.000000000,0.000000000,0.048569410,-0.998819810,0.000000000,1,0.048588526,2.783917
45.672046,1785227279.759453058,car1,car4,0.707106781,-0.707106781,0.000000000,0.636317905,-0.771426940,0.000000000,1,0.095682446,5.482200
45.672046,1785227279.759453058,car2,car1,-1.000000000,0.000000000,0.000000000,-0.999896627,-0.014378292,0.000000000,1,0.014378788,0.823844
45.672046,1785227279.759453058,car2,car4,0.000000000,-1.000000000,0.000000000,0.092102872,-0.995749497,0.000000000,1,0.092233589,5.284595
45.672046,1785227279.759453058,car3,car1,0.000000000,1.000000000,0.000000000,-0.048569410,0.998819810,0.000000000,1,0.048588526,2.783917
45.672046,1785227279.759453058,car3,car4,1.000000000,0.000000000,0.000000000,0.999995556,0.002981306,0.000000000,1,0.002981310,0.170816
45.672046,1785227279.759453058,car4,car1,-0.707106781,0.707106781,0.000000000,-0.636317905,0.771426940,0.000000000,1,0.095682446,5.482200
45.672046,1785227279.759453058,car4,car2,0.000000000,1.000000000,0.000000000,-0.092102872,0.995749497,0.000000000,1,0.092233589,5.284595
45.672046,1785227279.759453058,car4,car3,-1.000000000,0.000000000,0.000000000,-0.999995556,-0.002981306,0.000000000,1,0.002981310,0.170816
45.873819,1785227279.949392319,car1,car2,1.000000000,0.000000000,0.000000000,0.999896835,0.014363787,0.000000000,1,0.014364281,0.823013
45.873819,1785227279.949392319,car1,car3,0.000000000,-1.000000000,0.000000000,0.046772420,-0.998905571,0.000000000,1,0.046789491,2.680840
45.873819,1785227279.949392319,car1,car4,0.707106781,-0.707106781,0.000000000,0.636312017,-0.771431797,0.000000000,1,0.095690078,5.482638
45.873819,1785227279.949392319,car2,car1,-1.000000000,0.000000000,0.000000000,-0.999896835,-0.014363787,0.000000000,1,0.014364281,0.823013
45.873819,1785227279.949392319,car2,car4,0.000000000,-1.000000000,0.000000000,0.092179405,-0.995742415,0.000000000,1,0.092310449,5.288999
45.873819,1785227279.949392319,car3,car1,0.000000000,1.000000000,0.000000000,-0.046772420,0.998905571,0.000000000,1,0.046789491,2.680840
45.873819,1785227279.949392319,car3,car4,1.000000000,0.000000000,0.000000000,0.999982182,0.005969496,0.000000000,1,0.005969531,0.342029
45.873819,1785227279.949392319,car4,car1,-0.707106781,0.707106781,0.000000000,-0.636312017,0.771431797,0.000000000,1,0.095690078,5.482638
45.873819,1785227279.949392319,car4,car2,0.000000000,1.000000000,0.000000000,-0.092179405,0.995742415,0.000000000,1,0.092310449,5.288999
45.873819,1785227279.949392319,car4,car3,-1.000000000,0.000000000,0.000000000,-0.999982182,-0.005969496,0.000000000,1,0.005969531,0.342029
46.077925,1785227280.169458628,car1,car2,1.000000000,0.000000000,0.000000000,0.999898275,0.014263212,0.000000000,1,0.014263696,0.817250
46.077925,1785227280.169458628,car1,car3,0.000000000,-1.000000000,0.000000000,0.039576927,-0.999216527,0.000000000,1,0.039587266,2.268183
46.077925,1785227280.169458628,car1,car4,0.707106781,-0.707106781,0.000000000,0.636313688,-0.771430419,0.000000000,1,0.095687912,5.482514
46.077925,1785227280.169458628,car2,car1,-1.000000000,0.000000000,0.000000000,-0.999898275,-0.014263212,0.000000000,1,0.014263696,0.817250
46.077925,1785227280.169458628,car2,car4,0.000000000,-1.000000000,0.000000000,0.092150761,-0.995745066,0.000000000,1,0.092281682,5.287351
46.077925,1785227280.169458628,car3,car1,0.000000000,1.000000000,0.000000000,-0.039576927,0.999216527,0.000000000,1,0.039587266,2.268183
46.077925,1785227280.169458628,car3,car4,1.000000000,0.000000000,0.000000000,0.999934316,0.011461401,0.000000000,1,0.011461652,0.656704
46.077925,1785227280.169458628,car4,car1,-0.707106781,0.707106781,0.000000000,-0.636313688,0.771430419,0.000000000,1,0.095687912,5.482514
46.077925,1785227280.169458628,car4,car2,0.000000000,1.000000000,0.000000000,-0.092150761,0.995745066,0.000000000,1,0.092281682,5.287351
46.077925,1785227280.169458628,car4,car3,-1.000000000,0.000000000,0.000000000,-0.999934316,-0.011461401,0.000000000,1,0.011461652,0.656704
46.279959,1785227280.369458675,car1,car2,1.000000000,0.000000000,0.000000000,0.999898257,0.014264468,0.000000000,1,0.014264952,0.817322
46.279959,1785227280.369458675,car1,car3,0.000000000,-1.000000000,0.000000000,0.034674918,-0.999398644,0.000000000,1,0.034681871,1.987125
46.279959,1785227280.369458675,car1,car4,0.707106781,-0.707106781,0.000000000,0.636304642,-0.771437880,0.000000000,1,0.095699638,5.483185
46.279959,1785227280.369458675,car2,car1,-1.000000000,0.000000000,0.000000000,-0.999898257,-0.014264468,0.000000000,1,0.014264952,0.817322
46.279959,1785227280.369458675,car2,car4,0.000000000,-1.000000000,0.000000000,0.092130401,-0.995746950,0.000000000,1,0.092261235,5.286179
46.279959,1785227280.369458675,car3,car1,0.000000000,1.000000000,0.000000000,-0.034674918,0.999398644,0.000000000,1,0.034681871,1.987125
46.279959,1785227280.369458675,car3,car4,1.000000000,0.000000000,0.000000000,0.999760582,0.021881007,0.000000000,1,0.021882753,1.253789
46.279959,1785227280.369458675,car4,car1,-0.707106781,0.707106781,0.000000000,-0.636304642,0.771437880,0.000000000,1,0.095699638,5.483185
46.279959,1785227280.369458675,car4,car2,0.000000000,1.000000000,0.000000000,-0.092130401,0.995746950,0.000000000,1,0.092261235,5.286179
46.279959,1785227280.369458675,car4,car3,-1.000000000,0.000000000,0.000000000,-0.999760582,-0.021881007,0.000000000,1,0.021882753,1.253789
46.482040,1785227280.569466352,car1,car2,1.000000000,0.000000000,0.000000000,0.999897688,0.014304341,0.000000000,1,0.014304829,0.819606
46.482040,1785227280.569466352,car1,car3,0.000000000,-1.000000000,0.000000000,0.034396785,-0.999408256,0.000000000,1,0.034403571,1.971179
46.482040,1785227280.569466352,car1,car4,0.707106781,-0.707106781,0.000000000,0.636300018,-0.771441694,0.000000000,1,0.095705632,5.483529
46.482040,1785227280.569466352,car2,car1,-1.000000000,0.000000000,0.000000000,-0.999897688,-0.014304341,0.000000000,1,0.014304829,0.819606
46.482040,1785227280.569466352,car2,car4,0.000000000,-1.000000000,0.000000000,0.092131506,-0.995746848,0.000000000,1,0.092262345,5.286243
46.482040,1785227280.569466352,car3,car1,0.000000000,1.000000000,0.000000000,-0.034396785,0.999408256,0.000000000,1,0.034403571,1.971179
46.482040,1785227280.569466352,car3,car4,1.000000000,0.000000000,0.000000000,0.999808209,0.019584293,0.000000000,1,0.019585545,1.122169
46.482040,1785227280.569466352,car4,car1,-0.707106781,0.707106781,0.000000000,-0.636300018,0.771441694,0.000000000,1,0.095705632,5.483529
46.482040,1785227280.569466352,car4,car2,0.000000000,1.000000000,0.000000000,-0.092131506,0.995746848,0.000000000,1,0.092262345,5.286243
46.482040,1785227280.569466352,car4,car3,-1.000000000,0.000000000,0.000000000,-0.999808209,-0.019584293,0.000000000,1,0.019585545,1.122169
46.683832,1785227280.769553423,car1,car2,1.000000000,0.000000000,0.000000000,0.999898752,0.014229763,0.000000000,1,0.014230244,0.815333
46.683832,1785227280.769553423,car1,car3,0.000000000,-1.000000000,0.000000000,0.034319456,-0.999410914,0.000000000,1,0.034326197,1.966746
46.683832,1785227280.769553423,car1,car4,0.707106781,-0.707106781,0.000000000,0.636301327,-0.771440615,0.000000000,1,0.095703936,5.483432
46.683832,1785227280.769553423,car2,car1,-1.000000000,0.000000000,0.000000000,-0.999898752,-0.014229763,0.000000000,1,0.014230244,0.815333
46.683832,1785227280.769553423,car2,car4,0.000000000,-1.000000000,0.000000000,0.092102215,-0.995749558,0.000000000,1,0.092232929,5.284558
46.683832,1785227280.769553423,car3,car1,0.000000000,1.000000000,0.000000000,-0.034319456,0.999410914,0.000000000,1,0.034326197,1.966746
46.683832,1785227280.769553423,car3,car4,1.000000000,0.000000000,0.000000000,0.999791523,0.020418391,0.000000000,1,0.020419811,1.169969
46.683832,1785227280.769553423,car4,car1,-0.707106781,0.707106781,0.000000000,-0.636301327,0.771440615,0.000000000,1,0.095703936,5.483432
46.683832,1785227280.769553423,car4,car2,0.000000000,1.000000000,0.000000000,-0.092102215,0.995749558,0.000000000,1,0.092232929,5.284558
46.683832,1785227280.769553423,car4,car3,-1.000000000,0.000000000,0.000000000,-0.999791523,-0.020418391,0.000000000,1,0.020419811,1.169969
46.885713,1785227280.969482422,car1,car2,1.000000000,0.000000000,0.000000000,0.999899122,0.014203733,0.000000000,1,0.014204210,0.813841
46.885713,1785227280.969482422,car1,car3,0.000000000,-1.000000000,0.000000000,0.035879441,-0.999356126,0.000000000,1,0.035887144,2.056182
46.885713,1785227280.969482422,car1,car4,0.707106781,-0.707106781,0.000000000,0.636307556,-0.771435477,0.000000000,1,0.095695861,5.482969
46.885713,1785227280.969482422,car2,car1,-1.000000000,0.000000000,0.000000000,-0.999899122,-0.014203733,0.000000000,1,0.014204210,0.813841
46.885713,1785227280.969482422,car2,car4,0.000000000,-1.000000000,0.000000000,0.092038465,-0.995755452,0.000000000,1,0.092168907,5.280889
46.885713,1785227280.969482422,car3,car1,0.000000000,1.000000000,0.000000000,-0.035879441,0.999356126,0.000000000,1,0.035887144,2.056182
46.885713,1785227280.969482422,car3,car4,1.000000000,0.000000000,0.000000000,0.999913775,0.013131768,0.000000000,1,0.013132146,0.752417
46.885713,1785227280.969482422,car4,car1,-0.707106781,0.707106781,0.000000000,-0.636307556,0.771435477,0.000000000,1,0.095695861,5.482969
46.885713,1785227280.969482422,car4,car2,0.000000000,1.000000000,0.000000000,-0.092038465,0.995755452,0.000000000,1,0.092168907,5.280889
46.885713,1785227280.969482422,car4,car3,-1.000000000,0.000000000,0.000000000,-0.999913775,-0.013131768,0.000000000,1,0.013132146,0.752417
47.087754,1785227281.179435968,car1,car2,1.000000000,0.000000000,0.000000000,0.999900178,0.014129224,0.000000000,1,0.014129694,0.809572
47.087754,1785227281.179435968,car1,car3,0.000000000,-1.000000000,0.000000000,0.034964322,-0.999388561,0.000000000,1,0.034971450,2.003716
47.087754,1785227281.179435968,car1,car4,0.707106781,-0.707106781,0.000000000,0.636244766,-0.771487263,0.000000000,1,0.095777251,5.487632
47.087754,1785227281.179435968,car2,car1,-1.000000000,0.000000000,0.000000000,-0.999900178,-0.014129224,0.000000000,1,0.014129694,0.809572
47.087754,1785227281.179435968,car2,car4,0.000000000,-1.000000000,0.000000000,0.091961890,-0.995762527,0.000000000,1,0.092092006,5.276483
47.087754,1785227281.179435968,car3,car1,0.000000000,1.000000000,0.000000000,-0.034964322,0.999388561,0.000000000,1,0.034971450,2.003716
47.087754,1785227281.179435968,car3,car4,1.000000000,0.000000000,0.000000000,0.999980450,0.006253039,0.000000000,1,0.006253080,0.358275
47.087754,1785227281.179435968,car4,car1,-0.707106781,0.707106781,0.000000000,-0.636244766,0.771487263,0.000000000,1,0.095777251,5.487632
47.087754,1785227281.179435968,car4,car2,0.000000000,1.000000000,0.000000000,-0.091961890,0.995762527,0.000000000,1,0.092092006,5.276483
47.087754,1785227281.179435968,car4,car3,-1.000000000,0.000000000,0.000000000,-0.999980450,-0.006253039,0.000000000,1,0.006253080,0.358275
47.289859,1785227281.379411936,car1,car2,1.000000000,0.000000000,0.000000000,0.999899206,0.014197785,0.000000000,1,0.014198262,0.813500
47.289859,1785227281.379411936,car1,car3,0.000000000,-1.000000000,0.000000000,0.033720131,-0.999431315,0.000000000,1,0.033726524,1.932388
47.289859,1785227281.379411936,car1,car4,0.707106781,-0.707106781,0.000000000,0.636323996,-0.771421916,0.000000000,1,0.095674550,5.481748
47.289859,1785227281.379411936,car2,car1,-1.000000000,0.000000000,0.000000000,-0.999899206,-0.014197785,0.000000000,1,0.014198262,0.813500
47.289859,1785227281.379411936,car2,car4,0.000000000,-1.000000000,0.000000000,0.091974874,-0.995761328,0.000000000,1,0.092105045,5.277230
47.289859,1785227281.379411936,car3,car1,0.000000000,1.000000000,0.000000000,-0.033720131,0.999431315,0.000000000,1,0.033726524,1.932388
47.289859,1785227281.379411936,car3,car4,1.000000000,0.000000000,0.000000000,0.999999827,-0.000588329,0.000000000,1,0.000588329,0.033709
47.289859,1785227281.379411936,car4,car1,-0.707106781,0.707106781,0.000000000,-0.636323996,0.771421916,0.000000000,1,0.095674550,5.481748
47.289859,1785227281.379411936,car4,car2,0.000000000,1.000000000,0.000000000,-0.091974874,0.995761328,0.000000000,1,0.092105045,5.277230
47.289859,1785227281.379411936,car4,car3,-1.000000000,0.000000000,0.000000000,-0.999999827,0.000588329,0.000000000,1,0.000588329,0.033709
47.491904,1785227281.579466581,car1,car2,1.000000000,0.000000000,0.000000000,0.999899178,0.014199799,0.000000000,1,0.014200277,0.813616
47.491904,1785227281.579466581,car1,car3,0.000000000,-1.000000000,0.000000000,0.035441260,-0.999371761,0.000000000,1,0.035448684,2.031060
47.491904,1785227281.579466581,car1,car4,0.707106781,-0.707106781,0.000000000,0.636291663,-0.771448585,0.000000000,1,0.095716462,5.484149
47.491904,1785227281.579466581,car2,car1,-1.000000000,0.000000000,0.000000000,-0.999899178,-0.014199799,0.000000000,1,0.014200277,0.813616
47.491904,1785227281.579466581,car2,car4,0.000000000,-1.000000000,0.000000000,0.091959978,-0.995762704,0.000000000,1,0.092090085,5.276373
47.491904,1785227281.579466581,car3,car1,0.000000000,1.000000000,0.000000000,-0.035441260,0.999371761,0.000000000,1,0.035448684,2.031060
47.491904,1785227281.579466581,car3,car4,1.000000000,0.000000000,0.000000000,0.999987156,-0.005068274,0.000000000,1,0.005068296,0.290392
47.491904,1785227281.579466581,car4,car1,-0.707106781,0.707106781,0.000000000,-0.636291663,0.771448585,0.000000000,1,0.095716462,5.484149
47.491904,1785227281.579466581,car4,car2,0.000000000,1.000000000,0.000000000,-0.091959978,0.995762704,0.000000000,1,0.092090085,5.276373
47.491904,1785227281.579466581,car4,car3,-1.000000000,0.000000000,0.000000000,-0.999987156,0.005068274,0.000000000,1,0.005068296,0.290392
47.693843,1785227281.779450655,car1,car2,1.000000000,0.000000000,0.000000000,0.999899202,0.014198077,0.000000000,1,0.014198555,0.813517
47.693843,1785227281.779450655,car1,car3,0.000000000,-1.000000000,0.000000000,0.032871433,-0.999459588,0.000000000,1,0.032877356,1.883734
47.693843,1785227281.779450655,car1,car4,0.707106781,-0.707106781,0.000000000,0.636309764,-0.771433655,0.000000000,1,0.095692999,5.482805
47.693843,1785227281.779450655,car2,car1,-1.000000000,0.000000000,0.000000000,-0.999899202,-0.014198077,0.000000000,1,0.014198555,0.813517
47.693843,1785227281.779450655,car2,car4,0.000000000,-1.000000000,0.000000000,0.091972717,-0.995761527,0.000000000,1,0.092102879,5.277106
47.693843,1785227281.779450655,car3,car1,0.000000000,1.000000000,0.000000000,-0.032871433,0.999459588,0.000000000,1,0.032877356,1.883734
47.693843,1785227281.779450655,car3,car4,1.000000000,0.000000000,0.000000000,0.999993667,0.003558985,0.000000000,1,0.003558992,0.203915
47.693843,1785227281.779450655,car4,car1,-0.707106781,0.707106781,0.000000000,-0.636309764,0.771433655,0.000000000,1,0.095692999,5.482805
47.693843,1785227281.779450655,car4,car2,0.000000000,1.000000000,0.000000000,-0.091972717,0.995761527,0.000000000,1,0.092102879,5.277106
47.693843,1785227281.779450655,car4,car3,-1.000000000,0.000000000,0.000000000,-0.999993667,-0.003558985,0.000000000,1,0.003558992,0.203915
47.895974,1785227281.979558706,car1,car2,1.000000000,0.000000000,0.000000000,0.999898515,0.014246424,0.000000000,1,0.014246906,0.816288
47.895974,1785227281.979558706,car1,car3,0.000000000,-1.000000000,0.000000000,0.031331678,-0.999509042,0.000000000,1,0.031336806,1.795467
47.895974,1785227281.979558706,car1,car4,0.707106781,-0.707106781,0.000000000,0.636268041,-0.771468068,0.000000000,1,0.095747083,5.485904
47.895974,1785227281.979558706,car2,car1,-1.000000000,0.000000000,0.000000000,-0.999898515,-0.014246424,0.000000000,1,0.014246906,0.816288
47.895974,1785227281.979558706,car2,car4,0.000000000,-1.000000000,0.000000000,0.091900095,-0.995768232,0.000000000,1,0.092029948,5.272928
47.895974,1785227281.979558706,car3,car1,0.000000000,1.000000000,0.000000000,-0.031331678,0.999509042,0.000000000,1,0.031336806,1.795467
47.895974,1785227281.979558706,car3,car4,1.000000000,0.000000000,0.000000000,0.999989987,0.004475021,0.000000000,1,0.004475036,0.256401
47.895974,1785227281.979558706,car4,car1,-0.707106781,0.707106781,0.000000000,-0.636268041,0.771468068,0.000000000,1,0.095747083,5.485904
47.895974,1785227281.979558706,car4,car2,0.000000000,1.000000000,0.000000000,-0.091900095,0.995768232,0.000000000,1,0.092029948,5.272928
47.895974,1785227281.979558706,car4,car3,-1.000000000,0.000000000,0.000000000,-0.999989987,-0.004475021,0.000000000,1,0.004475036,0.256401
48.098699,1785227282.189483881,car1,car2,1.000000000,0.000000000,0.000000000,0.999899197,0.014198458,0.000000000,1,0.014198936,0.813539
48.098699,1785227282.189483881,car1,car3,0.000000000,-1.000000000,0.000000000,0.032741713,-0.999463846,0.000000000,1,0.032747565,1.876297
48.098699,1785227282.189483881,car1,car4,0.707106781,-0.707106781,0.000000000,0.636292822,-0.771447629,0.000000000,1,0.095714960,5.484063
48.098699,1785227282.189483881,car2,car1,-1.000000000,0.000000000,0.000000000,-0.999899197,-0.014198458,0.000000000,1,0.014198936,0.813539
48.098699,1785227282.189483881,car2,car4,0.000000000,-1.000000000,0.000000000,0.091930909,-0.995765388,0.000000000,1,0.092060893,5.274701
48.098699,1785227282.189483881,car3,car1,0.000000000,1.000000000,0.000000000,-0.032741713,0.999463846,0.000000000,1,0.032747565,1.876297
48.098699,1785227282.189483881,car3,car4,1.000000000,0.000000000,0.000000000,0.999995819,0.002891761,0.000000000,1,0.002891765,0.165686
48.098699,1785227282.189483881,car4,car1,-0.707106781,0.707106781,0.000000000,-0.636292822,0.771447629,0.000000000,1,0.095714960,5.484063
48.098699,1785227282.189483881,car4,car2,0.000000000,1.000000000,0.000000000,-0.091930909,0.995765388,0.000000000,1,0.092060893,5.274701
48.098699,1785227282.189483881,car4,car3,-1.000000000,0.000000000,0.000000000,-0.999995819,-0.002891761,0.000000000,1,0.002891765,0.165686
48.300433,1785227282.389411449,car1,car2,1.000000000,0.000000000,0.000000000,0.999900749,0.014088708,0.000000000,1,0.014089174,0.807250
48.300433,1785227282.389411449,car1,car3,0.000000000,-1.000000000,0.000000000,0.035228430,-0.999379286,0.000000000,1,0.035235721,2.018858
48.300433,1785227282.389411449,car1,car4,0.707106781,-0.707106781,0.000000000,0.636233205,-0.771496797,0.000000000,1,0.095792237,5.488491
48.300433,1785227282.389411449,car2,car1,-1.000000000,0.000000000,0.000000000,-0.999900749,-0.014088708,0.000000000,1,0.014089174,0.807250
48.300433,1785227282.389411449,car2,car4,0.000000000,-1.000000000,0.000000000,0.091862750,-0.995771678,0.000000000,1,0.091992445,5.270779
48.300433,1785227282.389411449,car3,car1,0.000000000,1.000000000,0.000000000,-0.035228430,0.999379286,0.000000000,1,0.035235721,2.018858
48.300433,1785227282.389411449,car3,car4,1.000000000,0.000000000,0.000000000,0.999950675,0.009932195,0.000000000,1,0.009932359,0.569082
48.300433,1785227282.389411449,car4,car1,-0.707106781,0.707106781,0.000000000,-0.636233205,0.771496797,0.000000000,1,0.095792237,5.488491
48.300433,1785227282.389411449,car4,car2,0.000000000,1.000000000,0.000000000,-0.091862750,0.995771678,0.000000000,1,0.091992445,5.270779
48.300433,1785227282.389411449,car4,car3,-1.000000000,0.000000000,0.000000000,-0.999950675,-0.009932195,0.000000000,1,0.009932359,0.569082
48.502356,1785227282.589464426,car1,car2,1.000000000,0.000000000,0.000000000,0.999898837,0.014223795,0.000000000,1,0.014224275,0.814991
48.502356,1785227282.589464426,car1,car3,0.000000000,-1.000000000,0.000000000,0.036634648,-0.999328726,0.000000000,1,0.036642847,2.099481
48.502356,1785227282.589464426,car1,car4,0.707106781,-0.707106781,0.000000000,0.636235234,-0.771495125,0.000000000,1,0.095789608,5.488340
48.502356,1785227282.589464426,car2,car1,-1.000000000,0.000000000,0.000000000,-0.999898837,-0.014223795,0.000000000,1,0.014224275,0.814991
48.502356,1785227282.589464426,car2,car4,0.000000000,-1.000000000,0.000000000,0.091797942,-0.995777655,0.000000000,1,0.091927361,5.267050
48.502356,1785227282.589464426,car3,car1,0.000000000,1.000000000,0.000000000,-0.036634648,0.999328726,0.000000000,1,0.036642847,2.099481
48.502356,1785227282.589464426,car3,car4,1.000000000,0.000000000,0.000000000,0.999967206,0.008098611,0.000000000,1,0.008098700,0.464021
48.502356,1785227282.589464426,car4,car1,-0.707106781,0.707106781,0.000000000,-0.636235234,0.771495125,0.000000000,1,0.095789608,5.488340
48.502356,1785227282.589464426,car4,car2,0.000000000,1.000000000,0.000000000,-0.091797942,0.995777655,0.000000000,1,0.091927361,5.267050
48.502356,1785227282.589464426,car4,car3,-1.000000000,0.000000000,0.000000000,-0.999967206,-0.008098611,0.000000000,1,0.008098700,0.464021
48.703971,1785227282.789425373,car1,car2,1.000000000,0.000000000,0.000000000,0.999900938,0.014075338,0.000000000,1,0.014075803,0.806484
48.703971,1785227282.789425373,car1,car3,0.000000000,-1.000000000,0.000000000,0.034334756,-0.999410388,0.000000000,1,0.034341506,1.967623
48.703971,1785227282.789425373,car1,car4,0.707106781,-0.707106781,0.000000000,0.636298973,-0.771442556,0.000000000,1,0.095706987,5.483606
48.703971,1785227282.789425373,car2,car1,-1.000000000,0.000000000,0.000000000,-0.999900938,-0.014075338,0.000000000,1,0.014075803,0.806484
48.703971,1785227282.789425373,car2,car4,0.000000000,-1.000000000,0.000000000,0.091976387,-0.995761188,0.000000000,1,0.092106565,5.277317
48.703971,1785227282.789425373,car3,car1,0.000000000,1.000000000,0.000000000,-0.034334756,0.999410388,0.000000000,1,0.034341506,1.967623
48.703971,1785227282.789425373,car3,car4,1.000000000,0.000000000,0.000000000,0.999975487,0.007001875,0.000000000,1,0.007001932,0.401181
48.703971,1785227282.789425373,car4,car1,-0.707106781,0.707106781,0.000000000,-0.636298973,0.771442556,0.000000000,1,0.095706987,5.483606
48.703971,1785227282.789425373,car4,car2,0.000000000,1.000000000,0.000000000,-0.091976387,0.995761188,0.000000000,1,0.092106565,5.277317
48.703971,1785227282.789425373,car4,car3,-1.000000000,0.000000000,0.000000000,-0.999975487,-0.007001875,0.000000000,1,0.007001932,0.401181
48.906252,1785227282.989394665,car1,car2,1.000000000,0.000000000,0.000000000,0.999899874,0.014150673,0.000000000,1,0.014151145,0.810801
48.906252,1785227282.989394665,car1,car3,0.000000000,-1.000000000,0.000000000,0.037173157,-0.999308839,0.000000000,1,0.037181723,2.130356
48.906252,1785227282.989394665,car1,car4,0.707106781,-0.707106781,0.000000000,0.636252912,-0.771480546,0.000000000,1,0.095766693,5.487027
48.906252,1785227282.989394665,car2,car1,-1.000000000,0.000000000,0.000000000,-0.999899874,-0.014150673,0.000000000,1,0.014151145,0.810801
48.906252,1785227282.989394665,car2,car4,0.000000000,-1.000000000,0.000000000,0.091765457,-0.995780649,0.000000000,1,0.091894739,5.265181
48.906252,1785227282.989394665,car3,car1,0.000000000,1.000000000,0.000000000,-0.037173157,0.999308839,0.000000000,1,0.037181723,2.130356
48.906252,1785227282.989394665,car3,car4,1.000000000,0.000000000,0.000000000,0.999914665,0.013063785,0.000000000,1,0.013064157,0.748521
48.906252,1785227282.989394665,car4,car1,-0.707106781,0.707106781,0.000000000,-0.636252912,0.771480546,0.000000000,1,0.095766693,5.487027
48.906252,1785227282.989394665,car4,car2,0.000000000,1.000000000,0.000000000,-0.091765457,0.995780649,0.000000000,1,0.091894739,5.265181
48.906252,1785227282.989394665,car4,car3,-1.000000000,0.000000000,0.000000000,-0.999914665,-0.013063785,0.000000000,1,0.013064157,0.748521
49.108887,1785227283.199660540,car1,car2,1.000000000,0.000000000,0.000000000,0.999901056,0.014066899,0.000000000,1,0.014067363,0.806001
49.108887,1785227283.199660540,car1,car3,0.000000000,-1.000000000,0.000000000,0.037370843,-0.999301466,0.000000000,1,0.037379547,2.141690
49.108887,1785227283.199660540,car1,car4,0.707106781,-0.707106781,0.000000000,0.636241604,-0.771489871,0.000000000,1,0.095781351,5.487867
49.108887,1785227283.199660540,car2,car1,-1.000000000,0.000000000,0.000000000,-0.999901056,-0.014066899,0.000000000,1,0.014067363,0.806001
49.108887,1785227283.199660540,car2,car4,0.000000000,-1.000000000,0.000000000,0.091776837,-0.995779600,0.000000000,1,0.091906167,5.265835
49.108887,1785227283.199660540,car3,car1,0.000000000,1.000000000,0.000000000,-0.037370843,0.999301466,0.000000000,1,0.037379547,2.141690
49.108887,1785227283.199660540,car3,car4,1.000000000,0.000000000,0.000000000,0.999897467,0.014319756,0.000000000,1,0.014320245,0.820490
49.108887,1785227283.199660540,car4,car1,-0.707106781,0.707106781,0.000000000,-0.636241604,0.771489871,0.000000000,1,0.095781351,5.487867
49.108887,1785227283.199660540,car4,car2,0.000000000,1.000000000,0.000000000,-0.091776837,0.995779600,0.000000000,1,0.091906167,5.265835
49.108887,1785227283.199660540,car4,car3,-1.000000000,0.000000000,0.000000000,-0.999897467,-0.014319756,0.000000000,1,0.014320245,0.820490
49.310553,1785227283.399411917,car1,car2,1.000000000,0.000000000,0.000000000,0.999900837,0.014082499,0.000000000,1,0.014082965,0.806894
49.310553,1785227283.399411917,car1,car3,0.000000000,-1.000000000,0.000000000,0.036797732,-0.999322734,0.000000000,1,0.036806042,2.108831
49.310553,1785227283.399411917,car1,car4,0.707106781,-0.707106781,0.000000000,0.636251446,-0.771481754,0.000000000,1,0.095768593,5.487136
49.310553,1785227283.399411917,car2,car1,-1.000000000,0.000000000,0.000000000,-0.999900837,-0.014082499,0.000000000,1,0.014082965,0.806894
49.310553,1785227283.399411917,car2,car4,0.000000000,-1.000000000,0.000000000,0.091791952,-0.995778207,0.000000000,1,0.091921346,5.266705
49.310553,1785227283.399411917,car3,car1,0.000000000,1.000000000,0.000000000,-0.036797732,0.999322734,0.000000000,1,0.036806042,2.108831
49.310553,1785227283.399411917,car3,car4,1.000000000,0.000000000,0.000000000,0.999920831,0.012583006,0.000000000,1,0.012583338,0.720972
49.310553,1785227283.399411917,car4,car1,-0.707106781,0.707106781,0.000000000,-0.636251446,0.771481754,0.000000000,1,0.095768593,5.487136
49.310553,1785227283.399411917,car4,car2,0.000000000,1.000000000,0.000000000,-0.091791952,0.995778207,0.000000000,1,0.091921346,5.266705
49.310553,1785227283.399411917,car4,car3,-1.000000000,0.000000000,0.000000000,-0.999920831,-0.012583006,0.000000000,1,0.012583338,0.720972
49.512701,1785227283.599366903,car1,car2,1.000000000,0.000000000,0.000000000,0.999901224,0.014054941,0.000000000,1,0.014055404,0.805315
49.512701,1785227283.599366903,car1,car3,0.000000000,-1.000000000,0.000000000,0.036743952,-0.999324713,0.000000000,1,0.036752225,2.105747
49.512701,1785227283.599366903,car1,car4,0.707106781,-0.707106781,0.000000000,0.636294054,-0.771446613,0.000000000,1,0.095713363,5.483972
49.512701,1785227283.599366903,car2,car1,-1.000000000,0.000000000,0.000000000,-0.999901224,-0.014054941,0.000000000,1,0.014055404,0.805315
49.512701,1785227283.599366903,car2,car4,0.000000000,-1.000000000,0.000000000,0.091865998,-0.995771379,0.000000000,1,0.091995707,5.270966
49.512701,1785227283.599366903,car3,car1,0.000000000,1.000000000,0.000000000,-0.036743952,0.999324713,0.000000000,1,0.036752225,2.105747
49.512701,1785227283.599366903,car3,car4,1.000000000,0.000000000,0.000000000,0.999844194,0.017651845,0.000000000,1,0.017652762,1.011429
49.512701,1785227283.599366903,car4,car1,-0.707106781,0.707106781,0.000000000,-0.636294054,0.771446613,0.000000000,1,0.095713363,5.483972
49.512701,1785227283.599366903,car4,car2,0.000000000,1.000000000,0.000000000,-0.091865998,0.995771379,0.000000000,1,0.091995707,5.270966
49.512701,1785227283.599366903,car4,car3,-1.000000000,0.000000000,0.000000000,-0.999844194,-0.017651845,0.000000000,1,0.017652762,1.011429
49.714669,1785227283.799401283,car1,car2,1.000000000,0.000000000,0.000000000,0.999900709,0.014091581,0.000000000,1,0.014092047,0.807415
49.714669,1785227283.799401283,car1,car3,0.000000000,-1.000000000,0.000000000,0.037199392,-0.999307863,0.000000000,1,0.037207977,2.131860
49.714669,1785227283.799401283,car1,car4,0.707106781,-0.707106781,0.000000000,0.636262409,-0.771472713,0.000000000,1,0.095754383,5.486322
49.714669,1785227283.799401283,car2,car1,-1.000000000,0.000000000,0.000000000,-0.999900709,-0.014091581,0.000000000,1,0.014092047,0.807415
49.714669,1785227283.799401283,car2,car4,0.000000000,-1.000000000,0.000000000,0.091774335,-0.995779831,0.000000000,1,0.091903655,5.265692
49.714669,1785227283.799401283,car3,car1,0.000000000,1.000000000,0.000000000,-0.037199392,0.999307863,0.000000000,1,0.037207977,2.131860
49.714669,1785227283.799401283,car3,car4,1.000000000,0.000000000,0.000000000,0.999858546,0.016819288,0.000000000,1,0.016820081,0.963720
49.714669,1785227283.799401283,car4,car1,-0.707106781,0.707106781,0.000000000,-0.636262409,0.771472713,0.000000000,1,0.095754383,5.486322
49.714669,1785227283.799401283,car4,car2,0.000000000,1.000000000,0.000000000,-0.091774335,0.995779831,0.000000000,1,0.091903655,5.265692
49.714669,1785227283.799401283,car4,car3,-1.000000000,0.000000000,0.000000000,-0.999858546,-0.016819288,0.000000000,1,0.016820081,0.963720
49.916721,1785227283.999420166,car1,car2,1.000000000,0.000000000,0.000000000,0.999901239,0.014053915,0.000000000,1,0.014054378,0.805257
49.916721,1785227283.999420166,car1,car3,0.000000000,-1.000000000,0.000000000,0.035765032,-0.999360227,0.000000000,1,0.035772661,2.049622
49.916721,1785227283.999420166,car1,car4,0.707106781,-0.707106781,0.000000000,0.636330013,-0.771416953,0.000000000,1,0.095666750,5.481301
49.916721,1785227283.999420166,car2,car1,-1.000000000,0.000000000,0.000000000,-0.999901239,-0.014053915,0.000000000,1,0.014054378,0.805257
49.916721,1785227283.999420166,car2,car4,0.000000000,-1.000000000,0.000000000,0.091892430,-0.995768940,0.000000000,1,0.092022251,5.272487
49.916721,1785227283.999420166,car3,car1,0.000000000,1.000000000,0.000000000,-0.035765032,0.999360227,0.000000000,1,0.035772661,2.049622
49.916721,1785227283.999420166,car3,car4,1.000000000,0.000000000,0.000000000,0.999866741,0.016324839,0.000000000,1,0.016325564,0.935386
49.916721,1785227283.999420166,car4,car1,-0.707106781,0.707106781,0.000000000,-0.636330013,0.771416953,0.000000000,1,0.095666750,5.481301
49.916721,1785227283.999420166,car4,car2,0.000000000,1.000000000,0.000000000,-0.091892430,0.995768940,0.000000000,1,0.092022251,5.272487
49.916721,1785227283.999420166,car4,car3,-1.000000000,0.000000000,0.000000000,-0.999866741,-0.016324839,0.000000000,1,0.016325564,0.935386
50.118744,1785227284.209380627,car1,car2,1.000000000,0.000000000,0.000000000,0.999902167,0.013987711,0.000000000,1,0.013988167,0.801463
50.118744,1785227284.209380627,car1,car3,0.000000000,-1.000000000,0.000000000,0.034222280,-0.999414246,0.000000000,1,0.034228963,1.961175
50.118744,1785227284.209380627,car1,car4,0.707106781,-0.707106781,0.000000000,0.636298008,-0.771443352,0.000000000,1,0.095708238,5.483678
50.118744,1785227284.209380627,car2,car1,-1.000000000,0.000000000,0.000000000,-0.999902167,-0.013987711,0.000000000,1,0.013988167,0.801463
50.118744,1785227284.209380627,car2,car4,0.000000000,-1.000000000,0.000000000,0.091852209,-0.995772651,0.000000000,1,0.091981858,5.270172
50.118744,1785227284.209380627,car3,car1,0.000000000,1.000000000,0.000000000,-0.034222280,0.999414246,0.000000000,1,0.034228963,1.961175
50.118744,1785227284.209380627,car3,car4,1.000000000,0.000000000,0.000000000,0.999802790,0.019859055,0.000000000,1,0.019860361,1.137915
50.118744,1785227284.209380627,car4,car1,-0.707106781,0.707106781,0.000000000,-0.636298008,0.771443352,0.000000000,1,0.095708238,5.483678
50.118744,1785227284.209380627,car4,car2,0.000000000,1.000000000,0.000000000,-0.091852209,0.995772651,0.000000000,1,0.091981858,5.270172
50.118744,1785227284.209380627,car4,car3,-1.000000000,0.000000000,0.000000000,-0.999802790,-0.019859055,0.000000000,1,0.019860361,1.137915
50.320665,1785227284.409470320,car1,car2,1.000000000,0.000000000,0.000000000,0.999903342,0.013903462,0.000000000,1,0.013903910,0.796635
50.320665,1785227284.409470320,car1,car3,0.000000000,-1.000000000,0.000000000,0.035655996,-0.999364123,0.000000000,1,0.035663555,2.043371
50.320665,1785227284.409470320,car1,car4,0.707106781,-0.707106781,0.000000000,0.636243332,-0.771488446,0.000000000,1,0.095779110,5.487739
50.320665,1785227284.409470320,car2,car1,-1.000000000,0.000000000,0.000000000,-0.999903342,-0.013903462,0.000000000,1,0.013903910,0.796635
50.320665,1785227284.409470320,car2,car4,0.000000000,-1.000000000,0.000000000,0.091787617,-0.995778607,0.000000000,1,0.091916993,5.266456
50.320665,1785227284.409470320,car3,car1,0.000000000,1.000000000,0.000000000,-0.035655996,0.999364123,0.000000000,1,0.035663555,2.043371
50.320665,1785227284.409470320,car3,car4,1.000000000,0.000000000,0.000000000,0.999905189,0.013769979,0.000000000,1,0.013770414,0.788987
50.320665,1785227284.409470320,car4,car1,-0.707106781,0.707106781,0.000000000,-0.636243332,0.771488446,0.000000000,1,0.095779110,5.487739
50.320665,1785227284.409470320,car4,car2,0.000000000,1.000000000,0.000000000,-0.091787617,0.995778607,0.000000000,1,0.091916993,5.266456
50.320665,1785227284.409470320,car4,car3,-1.000000000,0.000000000,0.000000000,-0.999905189,-0.013769979,0.000000000,1,0.013770414,0.788987
50.522333,1785227284.609382629,car1,car2,1.000000000,0.000000000,0.000000000,0.999901983,0.014000868,0.000000000,1,0.014001326,0.802217
50.522333,1785227284.609382629,car1,car3,0.000000000,-1.000000000,0.000000000,0.035065782,-0.999385006,0.000000000,1,0.035072972,2.009533
50.522333,1785227284.609382629,car1,car4,0.707106781,-0.707106781,0.000000000,0.636307919,-0.771435177,0.000000000,1,0.095695390,5.482942
50.522333,1785227284.609382629,car2,car1,-1.000000000,0.000000000,0.000000000,-0.999901983,-0.014000868,0.000000000,1,0.014001326,0.802217
50.522333,1785227284.609382629,car2,car4,0.000000000,-1.000000000,0.000000000,0.091800024,-0.995777463,0.000000000,1,0.091929452,5.267170
50.522333,1785227284.609382629,car3,car1,0.000000000,1.000000000,0.000000000,-0.035065782,0.999385006,0.000000000,1,0.035072972,2.009533
50.522333,1785227284.609382629,car3,car4,1.000000000,0.000000000,0.000000000,0.999960975,0.008834482,0.000000000,1,0.008834597,0.506185
50.522333,1785227284.609382629,car4,car1,-0.707106781,0.707106781,0.000000000,-0.636307919,0.771435177,0.000000000,1,0.095695390,5.482942
50.522333,1785227284.609382629,car4,car2,0.000000000,1.000000000,0.000000000,-0.091800024,0.995777463,0.000000000,1,0.091929452,5.267170
50.522333,1785227284.609382629,car4,car3,-1.000000000,0.000000000,0.000000000,-0.999960975,-0.008834482,0.000000000,1,0.008834597,0.506185
50.724243,1785227284.809557438,car1,car2,1.000000000,0.000000000,0.000000000,0.999902497,0.013964085,0.000000000,1,0.013964539,0.800109
50.724243,1785227284.809557438,car1,car3,0.000000000,-1.000000000,0.000000000,0.033812176,-0.999428205,0.000000000,1,0.033818622,1.937664
50.724243,1785227284.809557438,car1,car4,0.707106781,-0.707106781,0.000000000,0.636295233,-0.771445640,0.000000000,1,0.095711835,5.483884
50.724243,1785227284.809557438,car2,car1,-1.000000000,0.000000000,0.000000000,-0.999902497,-0.013964085,0.000000000,1,0.013964539,0.800109
50.724243,1785227284.809557438,car2,car4,0.000000000,-1.000000000,0.000000000,0.091796484,-0.995777789,0.000000000,1,0.091925897,5.266966
50.724243,1785227284.809557438,car3,car1,0.000000000,1.000000000,0.000000000,-0.033812176,0.999428205,0.000000000,1,0.033818622,1.937664
50.724243,1785227284.809557438,car3,car4,1.000000000,0.000000000,0.000000000,0.999928376,0.011968414,0.000000000,1,0.011968700,0.685756
50.724243,1785227284.809557438,car4,car1,-0.707106781,0.707106781,0.000000000,-0.636295233,0.771445640,0.000000000,1,0.095711835,5.483884
50.724243,1785227284.809557438,car4,car2,0.000000000,1.000000000,0.000000000,-0.091796484,0.995777789,0.000000000,1,0.091925897,5.266966
50.724243,1785227284.809557438,car4,car3,-1.000000000,0.000000000,0.000000000,-0.999928376,-0.011968414,0.000000000,1,0.011968700,0.685756
50.926424,1785227285.009558201,car1,car2,1.000000000,0.000000000,0.000000000,0.999902345,0.013974970,0.000000000,1,0.013975425,0.800733
50.926424,1785227285.009558201,car1,car3,0.000000000,-1.000000000,0.000000000,0.034324942,-0.999410726,0.000000000,1,0.034331686,1.967061
50.926424,1785227285.009558201,car1,car4,0.707106781,-0.707106781,0.000000000,0.636328532,-0.771418174,0.000000000,1,0.095668670,5.481411
50.926424,1785227285.009558201,car2,car1,-1.000000000,0.000000000,0.000000000,-0.999902345,-0.013974970,0.000000000,1,0.013975425,0.800733
50.926424,1785227285.009558201,car2,car4,0.000000000,-1.000000000,0.000000000,0.091849536,-0.995772897,0.000000000,1,0.091979174,5.270018
50.926424,1785227285.009558201,car3,car1,0.000000000,1.000000000,0.000000000,-0.034324942,0.999410726,0.000000000,1,0.034331686,1.967061
50.926424,1785227285.009558201,car3,car4,1.000000000,0.000000000,0.000000000,0.999957874,0.009178837,0.000000000,1,0.009178965,0.525916
50.926424,1785227285.009558201,car4,car1,-0.707106781,0.707106781,0.000000000,-0.636328532,0.771418174,0.000000000,1,0.095668670,5.481411
50.926424,1785227285.009558201,car4,car2,0.000000000,1.000000000,0.000000000,-0.091849536,0.995772897,0.000000000,1,0.091979174,5.270018
50.926424,1785227285.009558201,car4,car3,-1.000000000,0.000000000,0.000000000,-0.999957874,-0.009178837,0.000000000,1,0.009178965,0.525916
51.129637,1785227285.219441175,car1,car2,1.000000000,0.000000000,0.000000000,0.999901612,0.014027313,0.000000000,1,0.014027773,0.803732
51.129637,1785227285.219441175,car1,car3,0.000000000,-1.000000000,0.000000000,0.033891698,-0.999425511,0.000000000,1,0.033898189,1.942223
51.129637,1785227285.219441175,car1,car4,0.707106781,-0.707106781,0.000000000,0.636253723,-0.771479876,0.000000000,1,0.095765641,5.486967
51.129637,1785227285.219441175,car2,car1,-1.000000000,0.000000000,0.000000000,-0.999901612,-0.014027313,0.000000000,1,0.014027773,0.803732
51.129637,1785227285.219441175,car2,car4,0.000000000,-1.000000000,0.000000000,0.091678822,-0.995788629,0.000000000,1,0.091807737,5.260196
51.129637,1785227285.219441175,car3,car1,0.000000000,1.000000000,0.000000000,-0.033891698,0.999425511,0.000000000,1,0.033898189,1.942223
51.129637,1785227285.219441175,car3,car4,1.000000000,0.000000000,0.000000000,0.999995086,0.003134892,0.000000000,1,0.003134897,0.179616
51.129637,1785227285.219441175,car4,car1,-0.707106781,0.707106781,0.000000000,-0.636253723,0.771479876,0.000000000,1,0.095765641,5.486967
51.129637,1785227285.219441175,car4,car2,0.000000000,1.000000000,0.000000000,-0.091678822,0.995788629,0.000000000,1,0.091807737,5.260196
51.129637,1785227285.219441175,car4,car3,-1.000000000,0.000000000,0.000000000,-0.999995086,-0.003134892,0.000000000,1,0.003134897,0.179616
51.331344,1785227285.419426918,car1,car2,1.000000000,0.000000000,0.000000000,0.999904175,0.013843413,0.000000000,1,0.013843856,0.793194
51.331344,1785227285.419426918,car1,car3,0.000000000,-1.000000000,0.000000000,0.032466603,-0.999472821,0.000000000,1,0.032472309,1.860526
51.331344,1785227285.419426918,car1,car4,0.707106781,-0.707106781,0.000000000,0.636321914,-0.771423633,0.000000000,1,0.095677249,5.481903
51.331344,1785227285.419426918,car2,car1,-1.000000000,0.000000000,0.000000000,-0.999904175,-0.013843413,0.000000000,1,0.013843856,0.793194
51.331344,1785227285.419426918,car2,car4,0.000000000,-1.000000000,0.000000000,0.091895205,-0.995768684,0.000000000,1,0.092025038,5.272646
51.331344,1785227285.419426918,car3,car1,0.000000000,1.000000000,0.000000000,-0.032466603,0.999472821,0.000000000,1,0.032472309,1.860526
51.331344,1785227285.419426918,car3,car4,1.000000000,0.000000000,0.000000000,0.999997942,0.002028830,0.000000000,1,0.002028831,0.116243
51.331344,1785227285.419426918,car4,car1,-0.707106781,0.707106781,0.000000000,-0.636321914,0.771423633,0.000000000,1,0.095677249,5.481903
51.331344,1785227285.419426918,car4,car2,0.000000000,1.000000000,0.000000000,-0.091895205,0.995768684,0.000000000,1,0.092025038,5.272646
51.331344,1785227285.419426918,car4,car3,-1.000000000,0.000000000,0.000000000,-0.999997942,-0.002028830,0.000000000,1,0.002028831,0.116243
51.533086,1785227285.619418621,car1,car2,1.000000000,0.000000000,0.000000000,0.999903265,0.013909004,0.000000000,1,0.013909453,0.796953
51.533086,1785227285.619418621,car1,car3,0.000000000,-1.000000000,0.000000000,0.033849850,-0.999426930,0.000000000,1,0.033856317,1.939824
51.533086,1785227285.619418621,car1,car4,0.707106781,-0.707106781,0.000000000,0.636283275,-0.771455504,0.000000000,1,0.095727336,5.484772
51.533086,1785227285.619418621,car2,car1,-1.000000000,0.000000000,0.000000000,-0.999903265,-0.013909004,0.000000000,1,0.013909453,0.796953
51.533086,1785227285.619418621,car2,car4,0.000000000,-1.000000000,0.000000000,0.091828253,-0.995774860,0.000000000,1,0.091957801,5.268794
51.533086,1785227285.619418621,car3,car1,0.000000000,1.000000000,0.000000000,-0.033849850,0.999426930,0.000000000,1,0.033856317,1.939824
51.533086,1785227285.619418621,car3,car4,1.000000000,0.000000000,0.000000000,0.999999594,-0.000900838,0.000000000,1,0.000900838,0.051614
51.533086,1785227285.619418621,car4,car1,-0.707106781,0.707106781,0.000000000,-0.636283275,0.771455504,0.000000000,1,0.095727336,5.484772
51.533086,1785227285.619418621,car4,car2,0.000000000,1.000000000,0.000000000,-0.091828253,0.995774860,0.000000000,1,0.091957801,5.268794
51.533086,1785227285.619418621,car4,car3,-1.000000000,0.000000000,0.000000000,-0.999999594,0.000900838,0.000000000,1,0.000900838,0.051614
51.734920,1785227285.819420815,car1,car2,1.000000000,0.000000000,0.000000000,0.999902885,0.013936269,0.000000000,1,0.013936721,0.798515
51.734920,1785227285.819420815,car1,car3,0.000000000,-1.000000000,0.000000000,0.031523192,-0.999503021,0.000000000,1,0.031528415,1.806445
51.734920,1785227285.819420815,car1,car4,0.707106781,-0.707106781,0.000000000,0.636260861,-0.771473990,0.000000000,1,0.095756389,5.486437
51.734920,1785227285.819420815,car2,car1,-1.000000000,0.000000000,0.000000000,-0.999902885,-0.013936269,0.000000000,1,0.013936721,0.798515
51.734920,1785227285.819420815,car2,car4,0.000000000,-1.000000000,0.000000000,0.091682093,-0.995788328,0.000000000,1,0.091811022,5.260384
51.734920,1785227285.819420815,car3,car1,0.000000000,1.000000000,0.000000000,-0.031523192,0.999503021,0.000000000,1,0.031528415,1.806445
51.734920,1785227285.819420815,car3,car4,1.000000000,0.000000000,0.000000000,0.999993028,0.003734057,0.000000000,1,0.003734065,0.213946
51.734920,1785227285.819420815,car4,car1,-0.707106781,0.707106781,0.000000000,-0.636260861,0.771473990,0.000000000,1,0.095756389,5.486437
51.734920,1785227285.819420815,car4,car2,0.000000000,1.000000000,0.000000000,-0.091682093,0.995788328,0.000000000,1,0.091811022,5.260384
51.734920,1785227285.819420815,car4,car3,-1.000000000,0.000000000,0.000000000,-0.999993028,-0.003734057,0.000000000,1,0.003734065,0.213946
51.936694,1785227286.019476175,car1,car2,1.000000000,0.000000000,0.000000000,0.999903728,0.013875692,0.000000000,1,0.013876137,0.795044
51.936694,1785227286.019476175,car1,car3,0.000000000,-1.000000000,0.000000000,0.033105978,-0.999451847,0.000000000,1,0.033112028,1.897179
51.936694,1785227286.019476175,car1,car4,0.707106781,-0.707106781,0.000000000,0.636292727,-0.771447708,0.000000000,1,0.095715083,5.484070
51.936694,1785227286.019476175,car2,car1,-1.000000000,0.000000000,0.000000000,-0.999903728,-0.013875692,0.000000000,1,0.013876137,0.795044
51.936694,1785227286.019476175,car2,car4,0.000000000,-1.000000000,0.000000000,0.091768924,-0.995780329,0.000000000,1,0.091898220,5.265380
51.936694,1785227286.019476175,car3,car1,0.000000000,1.000000000,0.000000000,-0.033105978,0.999451847,0.000000000,1,0.033112028,1.897179
51.936694,1785227286.019476175,car3,car4,1.000000000,0.000000000,0.000000000,0.999990192,0.004429002,0.000000000,1,0.004429016,0.253764
51.936694,1785227286.019476175,car4,car1,-0.707106781,0.707106781,0.000000000,-0.636292727,0.771447708,0.000000000,1,0.095715083,5.484070
51.936694,1785227286.019476175,car4,car2,0.000000000,1.000000000,0.000000000,-0.091768924,0.995780329,0.000000000,1,0.091898220,5.265380
51.936694,1785227286.019476175,car4,car3,-1.000000000,0.000000000,0.000000000,-0.999990192,-0.004429002,0.000000000,1,0.004429016,0.253764
52.138682,1785227286.229345083,car1,car2,1.000000000,0.000000000,0.000000000,0.999904078,0.013850437,0.000000000,1,0.013850879,0.793597
52.138682,1785227286.229345083,car1,car3,0.000000000,-1.000000000,0.000000000,0.034434390,-0.999406961,0.000000000,1,0.034441199,1.973335
52.138682,1785227286.229345083,car1,car4,0.707106781,-0.707106781,0.000000000,0.636303767,-0.771438602,0.000000000,1,0.095700773,5.483250
52.138682,1785227286.229345083,car2,car1,-1.000000000,0.000000000,0.000000000,-0.999904078,-0.013850437,0.000000000,1,0.013850879,0.793597
52.138682,1785227286.229345083,car2,car4,0.000000000,-1.000000000,0.000000000,0.091762421,-0.995780929,0.000000000,1,0.091891690,5.265006
52.138682,1785227286.229345083,car3,car1,0.000000000,1.000000000,0.000000000,-0.034434390,0.999406961,0.000000000,1,0.034441199,1.973335
52.138682,1785227286.229345083,car3,car4,1.000000000,0.000000000,0.000000000,0.999996381,0.002690285,0.000000000,1,0.002690289,0.154142
52.138682,1785227286.229345083,car4,car1,-0.707106781,0.707106781,0.000000000,-0.636303767,0.771438602,0.000000000,1,0.095700773,5.483250
52.138682,1785227286.229345083,car4,car2,0.000000000,1.000000000,0.000000000,-0.091762421,0.995780929,0.000000000,1,0.091891690,5.265006
52.138682,1785227286.229345083,car4,car3,-1.000000000,0.000000000,0.000000000,-0.999996381,-0.002690285,0.000000000,1,0.002690289,0.154142
52.340186,1785227286.419445753,car1,car2,1.000000000,0.000000000,0.000000000,0.999904478,0.013821567,0.000000000,1,0.013822007,0.791943
52.340186,1785227286.419445753,car1,car3,0.000000000,-1.000000000,0.000000000,0.035178121,-0.999381058,0.000000000,1,0.035185380,2.015974
52.340186,1785227286.419445753,car1,car4,0.707106781,-0.707106781,0.000000000,0.636312303,-0.771431561,0.000000000,1,0.095689708,5.482616
52.340186,1785227286.419445753,car2,car1,-1.000000000,0.000000000,0.000000000,-0.999904478,-0.013821567,0.000000000,1,0.013822007,0.791943
52.340186,1785227286.419445753,car2,car4,0.000000000,-1.000000000,0.000000000,0.091648349,-0.995791434,0.000000000,1,0.091777135,5.258443
52.340186,1785227286.419445753,car3,car1,0.000000000,1.000000000,0.000000000,-0.035178121,0.999381058,0.000000000,1,0.035185380,2.015974
52.340186,1785227286.419445753,car3,car4,1.000000000,0.000000000,0.000000000,0.999967201,0.008099161,0.000000000,1,0.008099250,0.464053
52.340186,1785227286.419445753,car4,car1,-0.707106781,0.707106781,0.000000000,-0.636312303,0.771431561,0.000000000,1,0.095689708,5.482616
52.340186,1785227286.419445753,car4,car2,0.000000000,1.000000000,0.000000000,-0.091648349,0.995791434,0.000000000,1,0.091777135,5.258443
52.340186,1785227286.419445753,car4,car3,-1.000000000,0.000000000,0.000000000,-0.999967201,-0.008099161,0.000000000,1,0.008099250,0.464053
52.542529,1785227286.629581690,car1,car2,1.000000000,0.000000000,0.000000000,0.999906420,0.013680340,0.000000000,1,0.013680767,0.783850
52.542529,1785227286.629581690,car1,car3,0.000000000,-1.000000000,0.000000000,0.034397153,-0.999408243,0.000000000,1,0.034403940,1.971201
52.542529,1785227286.629581690,car1,car4,0.707106781,-0.707106781,0.000000000,0.636281459,-0.771457001,0.000000000,1,0.095729690,5.484907
52.542529,1785227286.629581690,car2,car1,-1.000000000,0.000000000,0.000000000,-0.999906420,-0.013680340,0.000000000,1,0.013680767,0.783850
52.542529,1785227286.629581690,car2,car4,0.000000000,-1.000000000,0.000000000,0.091473153,-0.995807543,0.000000000,1,0.091601200,5.248362
52.542529,1785227286.629581690,car3,car1,0.000000000,1.000000000,0.000000000,-0.034397153,0.999408243,0.000000000,1,0.034403940,1.971201
52.542529,1785227286.629581690,car3,car4,1.000000000,0.000000000,0.000000000,0.999979451,0.006410712,0.000000000,1,0.006410756,0.367309
52.542529,1785227286.629581690,car4,car1,-0.707106781,0.707106781,0.000000000,-0.636281459,0.771457001,0.000000000,1,0.095729690,5.484907
52.542529,1785227286.629581690,car4,car2,0.000000000,1.000000000,0.000000000,-0.091473153,0.995807543,0.000000000,1,0.091601200,5.248362
52.542529,1785227286.629581690,car4,car3,-1.000000000,0.000000000,0.000000000,-0.999979451,-0.006410712,0.000000000,1,0.006410756,0.367309
52.744047,1785227286.829395771,car1,car2,1.000000000,0.000000000,0.000000000,0.999904080,0.013850279,0.000000000,1,0.013850722,0.793588
52.744047,1785227286.829395771,car1,car3,0.000000000,-1.000000000,0.000000000,0.033600377,-0.999435348,0.000000000,1,0.033606702,1.925522
52.744047,1785227286.829395771,car1,car4,0.707106781,-0.707106781,0.000000000,0.636282489,-0.771456152,0.000000000,1,0.095728355,5.484831
52.744047,1785227286.829395771,car2,car1,-1.000000000,0.000000000,0.000000000,-0.999904080,-0.013850279,0.000000000,1,0.013850722,0.793588
52.744047,1785227286.829395771,car2,car4,0.000000000,-1.000000000,0.000000000,0.091136399,-0.995838419,0.000000000,1,0.091263034,5.228987
52.744047,1785227286.829395771,car3,car1,0.000000000,1.000000000,0.000000000,-0.033600377,0.999435348,0.000000000,1,0.033606702,1.925522
52.744047,1785227286.829395771,car3,car4,1.000000000,0.000000000,0.000000000,0.999991107,0.004217256,0.000000000,1,0.004217268,0.241632
52.744047,1785227286.829395771,car4,car1,-0.707106781,0.707106781,0.000000000,-0.636282489,0.771456152,0.000000000,1,0.095728355,5.484831
52.744047,1785227286.829395771,car4,car2,0.000000000,1.000000000,0.000000000,-0.091136399,0.995838419,0.000000000,1,0.091263034,5.228987
52.744047,1785227286.829395771,car4,car3,-1.000000000,0.000000000,0.000000000,-0.999991107,-0.004217256,0.000000000,1,0.004217268,0.241632
52.945964,1785227287.029407740,car1,car2,1.000000000,0.000000000,0.000000000,0.999901746,0.014017805,0.000000000,1,0.014018264,0.803187
52.945964,1785227287.029407740,car1,car3,0.000000000,-1.000000000,0.000000000,0.035609148,-0.999365793,0.000000000,1,0.035616678,2.040685
52.945964,1785227287.029407740,car1,car4,0.707106781,-0.707106781,0.000000000,0.636319342,-0.771425755,0.000000000,1,0.095680583,5.482094
52.945964,1785227287.029407740,car2,car1,-1.000000000,0.000000000,0.000000000,-0.999901746,-0.014017805,0.000000000,1,0.014018264,0.803187
52.945964,1785227287.029407740,car2,car4,0.000000000,-1.000000000,0.000000000,0.091197573,-0.995832819,0.000000000,1,0.091324464,5.232506
52.945964,1785227287.029407740,car3,car1,0.000000000,1.000000000,0.000000000,-0.035609148,0.999365793,0.000000000,1,0.035616678,2.040685
52.945964,1785227287.029407740,car3,car4,1.000000000,0.000000000,0.000000000,0.999939820,0.010970732,0.000000000,1,0.010970952,0.628589
52.945964,1785227287.029407740,car4,car1,-0.707106781,0.707106781,0.000000000,-0.636319342,0.771425755,0.000000000,1,0.095680583,5.482094
52.945964,1785227287.029407740,car4,car2,0.000000000,1.000000000,0.000000000,-0.091197573,0.995832819,0.000000000,1,0.091324464,5.232506
52.945964,1785227287.029407740,car4,car3,-1.000000000,0.000000000,0.000000000,-0.999939820,-0.010970732,0.000000000,1,0.010970952,0.628589
53.148308,1785227287.239394188,car1,car2,1.000000000,0.000000000,0.000000000,0.999899903,0.014148637,0.000000000,1,0.014149109,0.810684
53.148308,1785227287.239394188,car1,car3,0.000000000,-1.000000000,0.000000000,0.035700705,-0.999362527,0.000000000,1,0.035708293,2.045934
53.148308,1785227287.239394188,car1,car4,0.707106781,-0.707106781,0.000000000,0.636305308,-0.771437330,0.000000000,1,0.095698775,5.483136
53.148308,1785227287.239394188,car2,car1,-1.000000000,0.000000000,0.000000000,-0.999899903,-0.014148637,0.000000000,1,0.014149109,0.810684
53.148308,1785227287.239394188,car2,car4,0.000000000,-1.000000000,0.000000000,0.090909836,-0.995859127,0.000000000,1,0.091035527,5.215951
53.148308,1785227287.239394188,car3,car1,0.000000000,1.000000000,0.000000000,-0.035700705,0.999362527,0.000000000,1,0.035708293,2.045934
53.148308,1785227287.239394188,car3,car4,1.000000000,0.000000000,0.000000000,0.999979382,0.006421551,0.000000000,1,0.006421595,0.367930
53.148308,1785227287.239394188,car4,car1,-0.707106781,0.707106781,0.000000000,-0.636305308,0.771437330,0.000000000,1,0.095698775,5.483136
53.148308,1785227287.239394188,car4,car2,0.000000000,1.000000000,0.000000000,-0.090909836,0.995859127,0.000000000,1,0.091035527,5.215951
53.148308,1785227287.239394188,car4,car3,-1.000000000,0.000000000,0.000000000,-0.999979382,-0.006421551,0.000000000,1,0.006421595,0.367930
53.349892,1785227287.439452648,car1,car2,1.000000000,0.000000000,0.000000000,0.999906117,0.013702449,0.000000000,1,0.013702877,0.785117
53.349892,1785227287.439452648,car1,car3,0.000000000,-1.000000000,0.000000000,0.033756014,-0.999430103,0.000000000,1,0.033762428,1.934445
53.349892,1785227287.439452648,car1,car4,0.707106781,-0.707106781,0.000000000,0.636290607,-0.771449457,0.000000000,1,0.095717832,5.484228
53.349892,1785227287.439452648,car2,car1,-1.000000000,0.000000000,0.000000000,-0.999906117,-0.013702449,0.000000000,1,0.013702877,0.785117
53.349892,1785227287.439452648,car2,car4,0.000000000,-1.000000000,0.000000000,0.090971060,-0.995853537,0.000000000,1,0.091097005,5.219474
53.349892,1785227287.439452648,car3,car1,0.000000000,1.000000000,0.000000000,-0.033756014,0.999430103,0.000000000,1,0.033762428,1.934445
53.349892,1785227287.439452648,car3,car4,1.000000000,0.000000000,0.000000000,0.999976332,0.006880038,0.000000000,1,0.006880092,0.394200
53.349892,1785227287.439452648,car4,car1,-0.707106781,0.707106781,0.000000000,-0.636290607,0.771449457,0.000000000,1,0.095717832,5.484228
53.349892,1785227287.439452648,car4,car2,0.000000000,1.000000000,0.000000000,-0.090971060,0.995853537,0.000000000,1,0.091097005,5.219474
53.349892,1785227287.439452648,car4,car3,-1.000000000,0.000000000,0.000000000,-0.999976332,-0.006880038,0.000000000,1,0.006880092,0.394200
53.551687,1785227287.639425516,car1,car2,1.000000000,0.000000000,0.000000000,0.999901914,0.014005778,0.000000000,1,0.014006236,0.802498
53.551687,1785227287.639425516,car1,car3,0.000000000,-1.000000000,0.000000000,0.035055427,-0.999385370,0.000000000,1,0.035062611,2.008940
53.551687,1785227287.639425516,car1,car4,0.707106781,-0.707106781,0.000000000,0.636346609,-0.771403263,0.000000000,1,0.095645236,5.480068
53.551687,1785227287.639425516,car2,car1,-1.000000000,0.000000000,0.000000000,-0.999901914,-0.014005778,0.000000000,1,0.014006236,0.802498
53.551687,1785227287.639425516,car2,car4,0.000000000,-1.000000000,0.000000000,0.090881064,-0.995861754,0.000000000,1,0.091006635,5.214296
53.551687,1785227287.639425516,car3,car1,0.000000000,1.000000000,0.000000000,-0.035055427,0.999385370,0.000000000,1,0.035062611,2.008940
53.551687,1785227287.639425516,car3,car4,1.000000000,0.000000000,0.000000000,0.999933100,0.011566969,0.000000000,1,0.011567227,0.662753
53.551687,1785227287.639425516,car4,car1,-0.707106781,0.707106781,0.000000000,-0.636346609,0.771403263,0.000000000,1,0.095645236,5.480068
53.551687,1785227287.639425516,car4,car2,0.000000000,1.000000000,0.000000000,-0.090881064,0.995861754,0.000000000,1,0.091006635,5.214296
53.551687,1785227287.639425516,car4,car3,-1.000000000,0.000000000,0.000000000,-0.999933100,-0.011566969,0.000000000,1,0.011567227,0.662753
53.753721,1785227287.839415073,car1,car2,1.000000000,0.000000000,0.000000000,0.999905468,0.013749732,0.000000000,1,0.013750165,0.787826
53.753721,1785227287.839415073,car1,car3,0.000000000,-1.000000000,0.000000000,0.036474153,-0.999334597,0.000000000,1,0.036482245,2.090279
53.753721,1785227287.839415073,car1,car4,0.707106781,-0.707106781,0.000000000,0.636264007,-0.771471395,0.000000000,1,0.095752311,5.486203
53.753721,1785227287.839415073,car2,car1,-1.000000000,0.000000000,0.000000000,-0.999905468,-0.013749732,0.000000000,1,0.013750165,0.787826
53.753721,1785227287.839415073,car2,car4,0.000000000,-1.000000000,0.000000000,0.090615362,-0.995885965,0.000000000,1,0.090739832,5.199009
53.753721,1785227287.839415073,car3,car1,0.000000000,1.000000000,0.000000000,-0.036474153,0.999334597,0.000000000,1,0.036482245,2.090279
53.753721,1785227287.839415073,car3,car4,1.000000000,0.000000000,0.000000000,0.999965454,0.008312035,0.000000000,1,0.008312131,0.476250
53.753721,1785227287.839415073,car4,car1,-0.707106781,0.707106781,0.000000000,-0.636264007,0.771471395,0.000000000,1,0.095752311,5.486203
53.753721,1785227287.839415073,car4,car2,0.000000000,1.000000000,0.000000000,-0.090615362,0.995885965,0.000000000,1,0.090739832,5.199009
53.753721,1785227287.839415073,car4,car3,-1.000000000,0.000000000,0.000000000,-0.999965454,-0.008312035,0.000000000,1,0.008312131,0.476250
53.955608,1785227288.039429903,car1,car2,1.000000000,0.000000000,0.000000000,0.999908331,0.013539935,0.000000000,1,0.013540348,0.775805
53.955608,1785227288.039429903,car1,car3,0.000000000,-1.000000000,0.000000000,0.036415934,-0.999336720,0.000000000,1,0.036423987,2.086941
53.955608,1785227288.039429903,car1,car4,0.707106781,-0.707106781,0.000000000,0.636279981,-0.771458220,0.000000000,1,0.095731605,5.485017
53.955608,1785227288.039429903,car2,car1,-1.000000000,0.000000000,0.000000000,-0.999908331,-0.013539935,0.000000000,1,0.013540348,0.775805
53.955608,1785227288.039429903,car2,car4,0.000000000,-1.000000000,0.000000000,0.090760879,-0.995872714,0.000000000,1,0.090885951,5.207381
53.955608,1785227288.039429903,car3,car1,0.000000000,1.000000000,0.000000000,-0.036415934,0.999336720,0.000000000,1,0.036423987,2.086941
53.955608,1785227288.039429903,car3,car4,1.000000000,0.000000000,0.000000000,0.999989647,0.004550452,0.000000000,1,0.004550468,0.260723
53.955608,1785227288.039429903,car4,car1,-0.707106781,0.707106781,0.000000000,-0.636279981,0.771458220,0.000000000,1,0.095731605,5.485017
53.955608,1785227288.039429903,car4,car2,0.000000000,1.000000000,0.000000000,-0.090760879,0.995872714,0.000000000,1,0.090885951,5.207381
53.955608,1785227288.039429903,car4,car3,-1.000000000,0.000000000,0.000000000,-0.999989647,-0.004550452,0.000000000,1,0.004550468,0.260723
54.157354,1785227288.219389915,car1,car2,1.000000000,0.000000000,0.000000000,0.999908384,0.013535981,0.000000000,1,0.013536394,0.775578
54.157354,1785227288.219389915,car1,car3,0.000000000,-1.000000000,0.000000000,0.039520572,-0.999218757,0.000000000,1,0.039530867,2.264952
54.157354,1785227288.219389915,car1,car4,0.707106781,-0.707106781,0.000000000,0.636267448,-0.771468557,0.000000000,1,0.095747851,5.485948
54.157354,1785227288.219389915,car2,car1,-1.000000000,0.000000000,0.000000000,-0.999908384,-0.013535981,0.000000000,1,0.013536394,0.775578
54.157354,1785227288.219389915,car2,car4,0.000000000,-1.000000000,0.000000000,0.090736859,-0.995874903,0.000000000,1,0.090861831,5.205999
54.157354,1785227288.219389915,car3,car1,0.000000000,1.000000000,0.000000000,-0.039520572,0.999218757,0.000000000,1,0.039530867,2.264952
54.157354,1785227288.219389915,car3,car4,1.000000000,0.000000000,0.000000000,0.999948019,0.010196021,0.000000000,1,0.010196197,0.584199
54.157354,1785227288.219389915,car4,car1,-0.707106781,0.707106781,0.000000000,-0.636267448,0.771468557,0.000000000,1,0.095747851,5.485948
54.157354,1785227288.219389915,car4,car2,0.000000000,1.000000000,0.000000000,-0.090736859,0.995874903,0.000000000,1,0.090861831,5.205999
54.157354,1785227288.219389915,car4,car3,-1.000000000,0.000000000,0.000000000,-0.999948019,-0.010196021,0.000000000,1,0.010196197,0.584199
54.359509,1785227288.449391127,car1,car2,1.000000000,0.000000000,0.000000000,0.999907896,0.013572047,0.000000000,1,0.013572464,0.777645
54.359509,1785227288.449391127,car1,car3,0.000000000,-1.000000000,0.000000000,0.039886693,-0.999204209,0.000000000,1,0.039897277,2.285946
54.359509,1785227288.449391127,car1,car4,0.707106781,-0.707106781,0.000000000,0.636314174,-0.771430018,0.000000000,1,0.095687282,5.482477
54.359509,1785227288.449391127,car2,car1,-1.000000000,0.000000000,0.000000000,-0.999907896,-0.013572047,0.000000000,1,0.013572464,0.777645
54.359509,1785227288.449391127,car2,car4,0.000000000,-1.000000000,0.000000000,0.090824884,-0.995866879,0.000000000,1,0.090950221,5.211064
54.359509,1785227288.449391127,car3,car1,0.000000000,1.000000000,0.000000000,-0.039886693,0.999204209,0.000000000,1,0.039897277,2.285946
54.359509,1785227288.449391127,car3,car4,1.000000000,0.000000000,0.000000000,0.999937901,0.011144286,0.000000000,1,0.011144517,0.638534
54.359509,1785227288.449391127,car4,car1,-0.707106781,0.707106781,0.000000000,-0.636314174,0.771430018,0.000000000,1,0.095687282,5.482477
54.359509,1785227288.449391127,car4,car2,0.000000000,1.000000000,0.000000000,-0.090824884,0.995866879,0.000000000,1,0.090950221,5.211064
54.359509,1785227288.449391127,car4,car3,-1.000000000,0.000000000,0.000000000,-0.999937901,-0.011144286,0.000000000,1,0.011144517,0.638534
54.561437,1785227288.649473429,car1,car2,1.000000000,0.000000000,0.000000000,0.999908840,0.013502260,0.000000000,1,0.013502670,0.773646
54.561437,1785227288.649473429,car1,car3,0.000000000,-1.000000000,0.000000000,0.037667651,-0.999290322,0.000000000,1,0.037676565,2.158708
54.561437,1785227288.649473429,car1,car4,0.707106781,-0.707106781,0.000000000,0.636329533,-0.771417348,0.000000000,1,0.095667372,5.481337
54.561437,1785227288.649473429,car2,car1,-1.000000000,0.000000000,0.000000000,-0.999908840,-0.013502260,0.000000000,1,0.013502670,0.773646
54.561437,1785227288.649473429,car2,car4,0.000000000,-1.000000000,0.000000000,0.090760387,-0.995872759,0.000000000,1,0.090885457,5.207353
54.561437,1785227288.649473429,car3,car1,0.000000000,1.000000000,0.000000000,-0.037667651,0.999290322,0.000000000,1,0.037676565,2.158708
54.561437,1785227288.649473429,car3,car4,1.000000000,0.000000000,0.000000000,0.999943916,0.010590800,0.000000000,1,0.010590998,0.606820
54.561437,1785227288.649473429,car4,car1,-0.707106781,0.707106781,0.000000000,-0.636329533,0.771417348,0.000000000,1,0.095667372,5.481337
54.561437,1785227288.649473429,car4,car2,0.000000000,1.000000000,0.000000000,-0.090760387,0.995872759,0.000000000,1,0.090885457,5.207353
54.561437,1785227288.649473429,car4,car3,-1.000000000,0.000000000,0.000000000,-0.999943916,-0.010590800,0.000000000,1,0.010590998,0.606820
54.763318,1785227288.849468946,car1,car2,1.000000000,0.000000000,0.000000000,0.999909983,0.013417348,0.000000000,1,0.013417751,0.768780
54.763318,1785227288.849468946,car1,car3,0.000000000,-1.000000000,0.000000000,0.037995378,-0.999277915,0.000000000,1,0.038004526,2.177499
54.763318,1785227288.849468946,car1,car4,0.707106781,-0.707106781,0.000000000,0.636277308,-0.771460425,0.000000000,1,0.095735070,5.485215
54.763318,1785227288.849468946,car2,car1,-1.000000000,0.000000000,0.000000000,-0.999909983,-0.013417348,0.000000000,1,0.013417751,0.768780
54.763318,1785227288.849468946,car2,car4,0.000000000,-1.000000000,0.000000000,0.090705457,-0.995877764,0.000000000,1,0.090830299,5.204193
54.763318,1785227288.849468946,car3,car1,0.000000000,1.000000000,0.000000000,-0.037995378,0.999277915,0.000000000,1,0.038004526,2.177499
54.763318,1785227288.849468946,car3,car4,1.000000000,0.000000000,0.000000000,0.999863603,0.016515938,0.000000000,1,0.016516689,0.946337
54.763318,1785227288.849468946,car4,car1,-0.707106781,0.707106781,0.000000000,-0.636277308,0.771460425,0.000000000,1,0.095735070,5.485215
54.763318,1785227288.849468946,car4,car2,0.000000000,1.000000000,0.000000000,-0.090705457,0.995877764,0.000000000,1,0.090830299,5.204193
54.763318,1785227288.849468946,car4,car3,-1.000000000,0.000000000,0.000000000,-0.999863603,-0.016515938,0.000000000,1,0.016516689,0.946337
54.965311,1785227289.049528360,car1,car2,1.000000000,0.000000000,0.000000000,0.999909866,0.013426087,0.000000000,1,0.013426491,0.769281
54.965311,1785227289.049528360,car1,car3,0.000000000,-1.000000000,0.000000000,0.037715919,-0.999288502,0.000000000,1,0.037724866,2.161476
54.965311,1785227289.049528360,car1,car4,0.707106781,-0.707106781,0.000000000,0.636261562,-0.771473411,0.000000000,1,0.095755480,5.486385
54.965311,1785227289.049528360,car2,car1,-1.000000000,0.000000000,0.000000000,-0.999909866,-0.013426087,0.000000000,1,0.013426491,0.769281
54.965311,1785227289.049528360,car2,car4,0.000000000,-1.000000000,0.000000000,0.090597683,-0.995887574,0.000000000,1,0.090722079,5.197992
54.965311,1785227289.049528360,car3,car1,0.000000000,1.000000000,0.000000000,-0.037715919,0.999288502,0.000000000,1,0.037724866,2.161476
54.965311,1785227289.049528360,car3,car4,1.000000000,0.000000000,0.000000000,0.999866988,0.016309687,0.000000000,1,0.016310410,0.934518
54.965311,1785227289.049528360,car4,car1,-0.707106781,0.707106781,0.000000000,-0.636261562,0.771473411,0.000000000,1,0.095755480,5.486385
54.965311,1785227289.049528360,car4,car2,0.000000000,1.000000000,0.000000000,-0.090597683,0.995887574,0.000000000,1,0.090722079,5.197992
54.965311,1785227289.049528360,car4,car3,-1.000000000,0.000000000,0.000000000,-0.999866988,-0.016309687,0.000000000,1,0.016310410,0.934518
55.167374,1785227289.249547482,car1,car2,1.000000000,0.000000000,0.000000000,0.999909752,0.013434611,0.000000000,1,0.013435015,0.769770
55.167374,1785227289.249547482,car1,car3,0.000000000,-1.000000000,0.000000000,0.037275379,-0.999305032,0.000000000,1,0.037284017,2.136217
55.167374,1785227289.249547482,car1,car4,0.707106781,-0.707106781,0.000000000,0.636307010,-0.771435927,0.000000000,1,0.095696569,5.483010
55.167374,1785227289.249547482,car2,car1,-1.000000000,0.000000000,0.000000000,-0.999909752,-0.013434611,0.000000000,1,0.013435015,0.769770
55.167374,1785227289.249547482,car2,car4,0.000000000,-1.000000000,0.000000000,0.090687185,-0.995879428,0.000000000,1,0.090811951,5.203142
55.167374,1785227289.249547482,car3,car1,0.000000000,1.000000000,0.000000000,-0.037275379,0.999305032,0.000000000,1,0.037284017,2.136217
55.167374,1785227289.249547482,car3,car4,1.000000000,0.000000000,0.000000000,0.999897937,0.014286907,0.000000000,1,0.014287393,0.818607
55.167374,1785227289.249547482,car4,car1,-0.707106781,0.707106781,0.000000000,-0.636307010,0.771435927,0.000000000,1,0.095696569,5.483010
55.167374,1785227289.249547482,car4,car2,0.000000000,1.000000000,0.000000000,-0.090687185,0.995879428,0.000000000,1,0.090811951,5.203142
55.167374,1785227289.249547482,car4,car3,-1.000000000,0.000000000,0.000000000,-0.999897937,-0.014286907,0.000000000,1,0.014287393,0.818607
55.369903,1785227289.459448099,car1,car2,1.000000000,0.000000000,0.000000000,0.999910597,0.013371522,0.000000000,1,0.013371921,0.766155
55.369903,1785227289.459448099,car1,car3,0.000000000,-1.000000000,0.000000000,0.037919955,-0.999280780,0.000000000,1,0.037929049,2.173174
55.369903,1785227289.459448099,car1,car4,0.707106781,-0.707106781,0.000000000,0.636281631,-0.771456860,0.000000000,1,0.095729467,5.484894
55.369903,1785227289.459448099,car2,car1,-1.000000000,0.000000000,0.000000000,-0.999910597,-0.013371522,0.000000000,1,0.013371921,0.766155
55.369903,1785227289.459448099,car2,car4,0.000000000,-1.000000000,0.000000000,0.090570458,-0.995890050,0.000000000,1,0.090694742,5.196426
55.369903,1785227289.459448099,car3,car1,0.000000000,1.000000000,0.000000000,-0.037919955,0.999280780,0.000000000,1,0.037929049,2.173174
55.369903,1785227289.459448099,car3,car4,1.000000000,0.000000000,0.000000000,0.999812347,0.019371888,0.000000000,1,0.019373100,1.109997
55.369903,1785227289.459448099,car4,car1,-0.707106781,0.707106781,0.000000000,-0.636281631,0.771456860,0.000000000,1,0.095729467,5.484894
55.369903,1785227289.459448099,car4,car2,0.000000000,1.000000000,0.000000000,-0.090570458,0.995890050,0.000000000,1,0.090694742,5.196426
55.369903,1785227289.459448099,car4,car3,-1.000000000,0.000000000,0.000000000,-0.999812347,-0.019371888,0.000000000,1,0.019373100,1.109997
55.571692,1785227289.659413576,car1,car2,1.000000000,0.000000000,0.000000000,0.999908544,0.013524179,0.000000000,1,0.013524591,0.774902
55.571692,1785227289.659413576,car1,car3,0.000000000,-1.000000000,0.000000000,0.038222138,-0.999269267,0.000000000,1,0.038231451,2.190501
55.571692,1785227289.659413576,car1,car4,0.707106781,-0.707106781,0.000000000,0.636260514,-0.771474276,0.000000000,1,0.095756839,5.486463
55.571692,1785227289.659413576,car2,car1,-1.000000000,0.000000000,0.000000000,-0.999908544,-0.013524179,0.000000000,1,0.013524591,0.774902
55.571692,1785227289.659413576,car2,car4,0.000000000,-1.000000000,0.000000000,0.090477366,-0.995898512,0.000000000,1,0.090601267,5.191070
55.571692,1785227289.659413576,car3,car1,0.000000000,1.000000000,0.000000000,-0.038222138,0.999269267,0.000000000,1,0.038231451,2.190501
55.571692,1785227289.659413576,car3,car4,1.000000000,0.000000000,0.000000000,0.999834456,0.018195056,0.000000000,1,0.018196060,1.042557
55.571692,1785227289.659413576,car4,car1,-0.707106781,0.707106781,0.000000000,-0.636260514,0.771474276,0.000000000,1,0.095756839,5.486463
55.571692,1785227289.659413576,car4,car2,0.000000000,1.000000000,0.000000000,-0.090477366,0.995898512,0.000000000,1,0.090601267,5.191070
55.571692,1785227289.659413576,car4,car3,-1.000000000,0.000000000,0.000000000,-0.999834456,-0.018195056,0.000000000,1,0.018196060,1.042557
55.773485,1785227289.859383821,car1,car2,1.000000000,0.000000000,0.000000000,0.999909773,0.013433037,0.000000000,1,0.013433441,0.769679
55.773485,1785227289.859383821,car1,car3,0.000000000,-1.000000000,0.000000000,0.039105152,-0.999235101,0.000000000,1,0.039115126,2.241132
55.773485,1785227289.859383821,car1,car4,0.707106781,-0.707106781,0.000000000,0.636235824,-0.771494638,0.000000000,1,0.095788843,5.488296
55.773485,1785227289.859383821,car2,car1,-1.000000000,0.000000000,0.000000000,-0.999909773,-0.013433037,0.000000000,1,0.013433441,0.769679
55.773485,1785227289.859383821,car2,car4,0.000000000,-1.000000000,0.000000000,0.090525900,-0.995894101,0.000000000,1,0.090650001,5.193862
55.773485,1785227289.859383821,car3,car1,0.000000000,1.000000000,0.000000000,-0.039105152,0.999235101,0.000000000,1,0.039115126,2.241132
55.773485,1785227289.859383821,car3,car4,1.000000000,0.000000000,0.000000000,0.999861032,0.016670820,0.000000000,1,0.016671592,0.955212
55.773485,1785227289.859383821,car4,car1,-0.707106781,0.707106781,0.000000000,-0.636235824,0.771494638,0.000000000,1,0.095788843,5.488296
55.773485,1785227289.859383821,car4,car2,0.000000000,1.000000000,0.000000000,-0.090525900,0.995894101,0.000000000,1,0.090650001,5.193862
55.773485,1785227289.859383821,car4,car3,-1.000000000,0.000000000,0.000000000,-0.999861032,-0.016670820,0.000000000,1,0.016671592,0.955212
55.975475,1785227290.049400091,car1,car2,1.000000000,0.000000000,0.000000000,0.999908093,0.013557497,0.000000000,1,0.013557913,0.776811
55.975475,1785227290.049400091,car1,car3,0.000000000,-1.000000000,0.000000000,0.039291019,-0.999227810,0.000000000,1,0.039301136,2.251789
55.975475,1785227290.049400091,car1,car4,0.707106781,-0.707106781,0.000000000,0.636277549,-0.771460226,0.000000000,1,0.095734758,5.485198
55.975475,1785227290.049400091,car2,car1,-1.000000000,0.000000000,0.000000000,-0.999908093,-0.013557497,0.000000000,1,0.013557913,0.776811
55.975475,1785227290.049400091,car2,car4,0.000000000,-1.000000000,0.000000000,0.090571888,-0.995889920,0.000000000,1,0.090696178,5.196508
55.975475,1785227290.049400091,car3,car1,0.000000000,1.000000000,0.000000000,-0.039291019,0.999227810,0.000000000,1,0.039301136,2.251789
55.975475,1785227290.049400091,car3,car4,1.000000000,0.000000000,0.000000000,0.999811309,0.019425431,0.000000000,1,0.019426653,1.113065
55.975475,1785227290.049400091,car4,car1,-0.707106781,0.707106781,0.000000000,-0.636277549,0.771460226,0.000000000,1,0.095734758,5.485198
55.975475,1785227290.049400091,car4,car2,0.000000000,1.000000000,0.000000000,-0.090571888,0.995889920,0.000000000,1,0.090696178,5.196508
55.975475,1785227290.049400091,car4,car3,-1.000000000,0.000000000,0.000000000,-0.999811309,-0.019425431,0.000000000,1,0.019426653,1.113065
56.178796,1785227290.269337416,car1,car2,1.000000000,0.000000000,0.000000000,0.999908549,0.013523787,0.000000000,1,0.013524199,0.774880
56.178796,1785227290.269337416,car1,car3,0.000000000,-1.000000000,0.000000000,0.038888875,-0.999243542,0.000000000,1,0.038898684,2.228730
56.178796,1785227290.269337416,car1,car4,0.707106781,-0.707106781,0.000000000,0.636307301,-0.771435687,0.000000000,1,0.095696192,5.482988
56.178796,1785227290.269337416,car2,car1,-1.000000000,0.000000000,0.000000000,-0.999908549,-0.013523787,0.000000000,1,0.013524199,0.774880
56.178796,1785227290.269337416,car2,car4,0.000000000,-1.000000000,0.000000000,0.090582780,-0.995888930,0.000000000,1,0.090707116,5.197135
56.178796,1785227290.269337416,car3,car1,0.000000000,1.000000000,0.000000000,-0.038888875,0.999243542,0.000000000,1,0.038898684,2.228730
56.178796,1785227290.269337416,car3,car4,1.000000000,0.000000000,0.000000000,0.999811022,0.019440148,0.000000000,1,0.019441373,1.113909
56.178796,1785227290.269337416,car4,car1,-0.707106781,0.707106781,0.000000000,-0.636307301,0.771435687,0.000000000,1,0.095696192,5.482988
56.178796,1785227290.269337416,car4,car2,0.000000000,1.000000000,0.000000000,-0.090582780,0.995888930,0.000000000,1,0.090707116,5.197135
56.178796,1785227290.269337416,car4,car3,-1.000000000,0.000000000,0.000000000,-0.999811022,-0.019440148,0.000000000,1,0.019441373,1.113909
56.380700,1785227290.469771862,car1,car2,1.000000000,0.000000000,0.000000000,0.999908687,0.013513630,0.000000000,1,0.013514042,0.774298
56.380700,1785227290.469771862,car1,car3,0.000000000,-1.000000000,0.000000000,0.040136877,-0.999194191,0.000000000,1,0.040147662,2.300292
56.380700,1785227290.469771862,car1,car4,0.707106781,-0.707106781,0.000000000,0.636281938,-0.771456607,0.000000000,1,0.095729069,5.484872
56.380700,1785227290.469771862,car2,car1,-1.000000000,0.000000000,0.000000000,-0.999908687,-0.013513630,0.000000000,1,0.013514042,0.774298
56.380700,1785227290.469771862,car2,car4,0.000000000,-1.000000000,0.000000000,0.090584286,-0.995888793,0.000000000,1,0.090708627,5.197222
56.380700,1785227290.469771862,car3,car1,0.000000000,1.000000000,0.000000000,-0.040136877,0.999194191,0.000000000,1,0.040147662,2.300292
56.380700,1785227290.469771862,car3,car4,1.000000000,0.000000000,0.000000000,0.999878579,0.015582938,0.000000000,1,0.015583569,0.892873
56.380700,1785227290.469771862,car4,car1,-0.707106781,0.707106781,0.000000000,-0.636281938,0.771456607,0.000000000,1,0.095729069,5.484872
56.380700,1785227290.469771862,car4,car2,0.000000000,1.000000000,0.000000000,-0.090584286,0.995888793,0.000000000,1,0.090708627,5.197222
56.380700,1785227290.469771862,car4,car3,-1.000000000,0.000000000,0.000000000,-0.999878579,-0.015582938,0.000000000,1,0.015583569,0.892873
56.582730,1785227290.659465790,car1,car2,1.000000000,0.000000000,0.000000000,0.999908303,0.013541970,0.000000000,1,0.013542384,0.775921
56.582730,1785227290.659465790,car1,car3,0.000000000,-1.000000000,0.000000000,0.041784341,-0.999126653,0.000000000,1,0.041796509,2.394764
56.582730,1785227290.659465790,car1,car4,0.707106781,-0.707106781,0.000000000,0.636270543,-0.771466004,0.000000000,1,0.095743839,5.485718
56.582730,1785227290.659465790,car2,car1,-1.000000000,0.000000000,0.000000000,-0.999908303,-0.013541970,0.000000000,1,0.013542384,0.775921
56.582730,1785227290.659465790,car2,car4,0.000000000,-1.000000000,0.000000000,0.090406024,-0.995904991,0.000000000,1,0.090529631,5.186966
56.582730,1785227290.659465790,car3,car1,0.000000000,1.000000000,0.000000000,-0.041784341,0.999126653,0.000000000,1,0.041796509,2.394764
56.582730,1785227290.659465790,car3,car4,1.000000000,0.000000000,0.000000000,0.999817439,0.019107291,0.000000000,1,0.019108454,1.094834
56.582730,1785227290.659465790,car4,car1,-0.707106781,0.707106781,0.000000000,-0.636270543,0.771466004,0.000000000,1,0.095743839,5.485718
56.582730,1785227290.659465790,car4,car2,0.000000000,1.000000000,0.000000000,-0.090406024,0.995904991,0.000000000,1,0.090529631,5.186966
56.582730,1785227290.659465790,car4,car3,-1.000000000,0.000000000,0.000000000,-0.999817439,-0.019107291,0.000000000,1,0.019108454,1.094834
56.784798,1785227290.869453669,car1,car2,1.000000000,0.000000000,0.000000000,0.999908739,0.013509748,0.000000000,1,0.013510159,0.774075
56.784798,1785227290.869453669,car1,car3,0.000000000,-1.000000000,0.000000000,0.042394041,-0.999100969,0.000000000,1,0.042406750,2.429728
56.784798,1785227290.869453669,car1,car4,0.707106781,-0.707106781,0.000000000,0.636275712,-0.771461741,0.000000000,1,0.095737139,5.485334
56.784798,1785227290.869453669,car2,car1,-1.000000000,0.000000000,0.000000000,-0.999908739,-0.013509748,0.000000000,1,0.013510159,0.774075
56.784798,1785227290.869453669,car2,car4,0.000000000,-1.000000000,0.000000000,0.090543028,-0.995892544,0.000000000,1,0.090667199,5.194848
56.784798,1785227290.869453669,car3,car1,0.000000000,1.000000000,0.000000000,-0.042394041,0.999100969,0.000000000,1,0.042406750,2.429728
56.784798,1785227290.869453669,car3,car4,1.000000000,0.000000000,0.000000000,0.999810109,0.019487056,0.000000000,1,0.019488289,1.116597
56.784798,1785227290.869453669,car4,car1,-0.707106781,0.707106781,0.000000000,-0.636275712,0.771461741,0.000000000,1,0.095737139,5.485334
56.784798,1785227290.869453669,car4,car2,0.000000000,1.000000000,0.000000000,-0.090543028,0.995892544,0.000000000,1,0.090667199,5.194848
56.784798,1785227290.869453669,car4,car3,-1.000000000,0.000000000,0.000000000,-0.999810109,-0.019487056,0.000000000,1,0.019488289,1.116597
56.986747,1785227291.069395065,car1,car2,1.000000000,0.000000000,0.000000000,0.999908666,0.013515147,0.000000000,1,0.013515559,0.774384
56.986747,1785227291.069395065,car1,car3,0.000000000,-1.000000000,0.000000000,0.042996797,-0.999075210,0.000000000,1,0.043010056,2.464295
56.986747,1785227291.069395065,car1,car4,0.707106781,-0.707106781,0.000000000,0.636223960,-0.771504422,0.000000000,1,0.095804220,5.489177
56.986747,1785227291.069395065,car2,car1,-1.000000000,0.000000000,0.000000000,-0.999908666,-0.013515147,0.000000000,1,0.013515559,0.774384
56.986747,1785227291.069395065,car2,car4,0.000000000,-1.000000000,0.000000000,0.090444663,-0.995901483,0.000000000,1,0.090568428,5.189189
56.986747,1785227291.069395065,car3,car1,0.000000000,1.000000000,0.000000000,-0.042996797,0.999075210,0.000000000,1,0.043010056,2.464295
56.986747,1785227291.069395065,car3,car4,1.000000000,0.000000000,0.000000000,0.999868195,0.016235508,0.000000000,1,0.016236221,0.930267
56.986747,1785227291.069395065,car4,car1,-0.707106781,0.707106781,0.000000000,-0.636223960,0.771504422,0.000000000,1,0.095804220,5.489177
56.986747,1785227291.069395065,car4,car2,0.000000000,1.000000000,0.000000000,-0.090444663,0.995901483,0.000000000,1,0.090568428,5.189189
56.986747,1785227291.069395065,car4,car3,-1.000000000,0.000000000,0.000000000,-0.999868195,-0.016235508,0.000000000,1,0.016236221,0.930267
