time_s,mocap_time_s,vehicle_id,x_m,y_m,z_m,yaw_rad,target_vx_mps,target_vy_mps,target_vz_mps,measured_vx_mps,measured_vy_mps,measured_vz_mps,target_heading_rad,target_speed_mps,measured_speed_mps,speed_command_mps,angle_command,front_left_command,front_right_command,rear_left_command,rear_right_command,command_sent
0.000000,1785227234.089550018,car1,-1.147959,0.918185,0.106596,-1.472522,0.171802,0.169140,0.000000,-0.256293,-0.022752,-0.209149,-1.472522,0.241090,0.000000,0.000000,0.000000,-100.000000,35.000000,35.000000,-100.000000,1
0.000000,1785227234.089550018,car2,0.772300,0.687551,0.086008,-0.614429,0.156636,0.179913,0.000000,-0.150074,0.077885,0.118674,-0.614429,0.238544,0.000000,0.000000,0.000000,-71.012496,87.191840,87.191840,-71.012496,1
0.000000,1785227234.089550018,car3,-0.403273,-0.181111,0.124790,-2.125080,-0.188600,-0.100589,0.000000,-1.414205,-0.110209,-0.648251,-2.125080,0.213748,0.000000,0.000000,0.000000,97.404845,35.000000,35.000000,97.404845,1
0.000000,1785227234.089550018,car4,1.477157,-0.059008,0.081534,1.069698,-0.140900,-0.203792,0.000000,-0.229247,-0.152202,-0.895618,1.069698,0.247758,0.000000,0.000000,0.000000,-90.700397,-73.582005,-73.582005,-90.700397,1
0.201784,1785227234.289482832,car1,-1.149409,0.920174,0.106628,-1.502130,0.172355,0.168248,0.000000,0.384619,0.465387,0.472049,-1.472522,0.240860,0.000000,0.000000,0.000000,-100.000000,35.000000,35.000000,-96.571471,1
0.201784,1785227234.289482832,car2,0.773998,0.689107,0.085933,-0.660053,0.157454,0.178776,0.000000,1.473707,0.608389,0.466909,-0.614429,0.238228,0.000000,0.000000,0.000000,-77.376617,87.219882,81.136795,-71.293529,1
0.201784,1785227234.289482832,car3,-0.405854,-0.187259,0.125638,-2.049062,-0.188727,-0.099180,0.000000,-4.423198,-8.846497,0.159389,-2.125080,0.213200,0.000000,0.000000,0.000000,100.000000,35.000000,35.000000,90.254646,1
0.201784,1785227234.289482832,car4,1.474627,-0.063986,0.082231,1.062687,-0.141745,-0.203102,0.000000,-2.432307,-5.692052,-0.970469,1.069698,0.247673,0.000000,0.000000,0.000000,-90.943608,-73.326954,-74.261791,-90.008771,1
0.403383,1785227234.489376307,car1,-1.151048,0.933177,0.106888,-1.318163,0.177314,0.159405,0.000000,-1.061481,2.353427,-0.414499,-1.472522,0.238432,0.000000,0.000000,0.000000,-82.480415,35.000000,37.561562,-100.000000,1
0.403383,1785227234.489376307,car2,0.796877,0.708403,0.086005,-0.732125,0.166001,0.163712,0.000000,4.181816,6.323544,-1.549687,-0.614429,0.233148,0.000000,0.000000,0.000000,-80.744628,90.098590,74.405795,-65.051834,1
0.403383,1785227234.489376307,car3,-0.434460,-0.229647,0.124551,-2.020155,-0.187554,-0.090857,0.000000,-8.334181,-14.960217,0.400436,-2.125080,0.208402,0.000000,0.000000,0.000000,100.000000,35.000000,35.000000,86.623508,1
0.403383,1785227234.489376307,car4,1.442732,-0.121765,0.081995,1.141272,-0.152630,-0.193120,0.000000,-17.645093,-33.788975,0.988049,1.069698,0.246153,0.000000,0.000000,0.000000,-90.817895,-62.576159,-53.394054,-100.000000,1
0.605179,1785227234.689372540,car1,-1.156909,0.946052,0.106594,-1.114067,0.180932,0.151007,0.000000,-0.457250,1.031994,0.100882,-1.472522,0.235668,0.000000,0.000000,0.000000,-59.770413,35.000000,68.724057,-100.000000,1
0.605179,1785227234.689372540,car2,0.825375,0.737448,0.085997,-0.734881,0.171247,0.145187,0.000000,6.743229,7.207593,-0.353696,-0.614429,0.224510,0.000000,0.000000,0.000000,-72.308334,92.109871,76.049682,-56.248145,1
0.605179,1785227234.689372540,car3,-0.461384,-0.283950,0.123815,-2.047513,-0.185696,-0.081475,0.000000,-8.068384,-16.123008,-0.348019,-2.125080,0.202784,0.000000,0.000000,0.000000,100.000000,35.000000,35.000000,89.682396,1
0.605179,1785227234.689372540,car4,1.414177,-0.184165,0.082383,1.246626,-0.161277,-0.182393,0.000000,-13.215818,-24.552866,2.824047,1.069698,0.243470,0.000000,0.000000,0.000000,-80.032332,-46.516683,-35.000000,-100.000000,1
0.807104,1785227234.889439344,car1,-1.163463,0.967572,0.106728,-1.163882,0.184339,0.140424,0.000000,-0.455724,1.208910,-0.315524,-1.472522,0.231732,0.000000,0.000000,0.000000,-63.964236,35.000000,67.307637,-100.000000,1
0.807104,1785227234.889439344,car2,0.860729,0.761601,0.085574,-0.833649,0.170328,0.127476,0.000000,6.550714,3.472931,0.186655,-0.614429,0.212748,0.000000,0.000000,0.000000,-78.510331,91.916196,62.686906,-49.281041,1
0.807104,1785227234.889439344,car3,-0.492021,-0.326578,0.124514,-2.183094,-0.182034,-0.075425,0.000000,-7.433398,-10.772057,-0.171369,-2.125080,0.197041,0.000000,0.000000,0.000000,86.785492,35.000000,35.000000,94.520601,1
0.807104,1785227234.889439344,car4,1.386981,-0.247557,0.082346,1.253446,-0.167934,-0.169616,0.000000,-7.125132,-17.770082,-0.407996,1.069698,0.238687,0.000000,0.000000,0.000000,-79.407287,-40.255736,-35.000000,-100.000000,1
1.010609,1785227235.099478960,car1,-1.182047,0.993634,0.106831,-1.263768,0.186597,0.128666,0.000000,-4.344357,6.329841,-1.520469,-1.472522,0.226657,0.000000,0.000000,0.000000,-74.288452,35.000000,59.198287,-100.000000,1
1.010609,1785227235.099478960,car2,0.897433,0.781337,0.085354,-0.733878,0.163492,0.112280,0.000000,13.958720,18.202250,2.186541,-0.614429,0.198334,0.000000,0.000000,0.000000,-56.853345,87.657424,71.730976,-40.926897,1
1.010609,1785227235.099478960,car3,-0.530092,-0.378221,0.124712,-2.182400,-0.177894,-0.067412,0.000000,-27.571205,-47.360885,5.640183,-2.125080,0.190239,0.000000,0.000000,0.000000,84.270580,35.000000,35.000000,91.913247,1
1.010609,1785227235.099478960,car4,1.362046,-0.308467,0.082319,1.305002,-0.169744,-0.157765,0.000000,-17.989422,-59.813049,3.024129,1.069698,0.231739,0.000000,0.000000,0.000000,-74.298837,-35.000000,-35.000000,-100.000000,1
1.212310,1785227235.299366236,car1,-1.187680,1.021776,0.107224,-1.345716,0.187079,0.114720,0.000000,0.191885,0.867076,0.195927,-1.472522,0.219452,0.000000,0.000000,0.000000,-83.281994,37.089813,53.807819,-100.000000,1
1.212310,1785227235.299366236,car2,0.925449,0.804341,0.085194,-0.774169,0.153201,0.100524,0.000000,3.891044,3.769767,-0.345242,-0.614429,0.183237,0.000000,0.000000,0.000000,-57.222729,83.396604,62.098061,-35.924186,1
1.212310,1785227235.299366236,car3,-0.568217,-0.428811,0.123551,-2.219822,-0.171722,-0.057565,0.000000,-5.746624,-10.693652,1.271985,-2.125080,0.181114,0.000000,0.000000,0.000000,77.572100,35.000000,35.000000,90.204314,1
1.212310,1785227235.299366236,car4,1.340965,-0.366118,0.083193,1.373105,-0.168149,-0.146088,0.000000,-7.014514,-14.320990,0.404620,1.069698,0.222746,0.000000,0.000000,0.000000,-67.474479,-35.000000,35.000000,-100.000000,1
1.414039,1785227235.499332905,car1,-1.189538,1.052397,0.107815,-1.368969,0.185437,0.099556,0.000000,-0.222458,5.347322,1.080750,-1.472522,0.210472,0.000000,0.000000,0.000000,-80.427272,40.185670,53.992703,-94.234305,1
1.414039,1785227235.499332905,car2,0.958269,0.822973,0.085286,-0.699924,0.139446,0.091610,0.000000,18.287172,11.788160,-0.240858,-0.614429,0.166846,0.000000,0.000000,0.000000,-43.115567,74.881937,63.482680,-35.000000,1
1.414039,1785227235.499332905,car3,-0.602297,-0.482827,0.125111,-2.141347,-0.164647,-0.044267,0.000000,-31.061284,-40.685017,-2.831147,-2.125080,0.170494,0.000000,0.000000,0.000000,79.195416,35.000000,35.000000,81.364240,1
1.414039,1785227235.499332905,car4,1.319019,-0.410590,0.083159,1.151633,-0.161552,-0.137090,0.000000,-22.502072,-31.058708,1.121594,1.069698,0.211879,0.000000,0.000000,0.000000,-88.785614,-38.529792,-35.000000,-99.710333,1
1.616118,1785227235.699389219,car1,-1.192590,1.085646,0.107378,-1.374876,0.182523,0.083930,0.000000,-0.261132,1.126932,0.168273,-1.472522,0.200896,0.000000,0.000000,0.000000,-74.211443,43.016002,56.035348,-87.230789,1
1.616118,1785227235.699389219,car2,0.985907,0.843699,0.085533,-0.732879,0.121364,0.083984,0.000000,3.502476,2.456157,-0.502117,-0.614429,0.147589,0.000000,0.000000,0.000000,-44.429056,67.107821,51.314543,-35.000000,1
1.616118,1785227235.699389219,car3,-0.629946,-0.522705,0.123901,-2.416412,-0.157704,-0.036680,0.000000,-3.718762,-3.218619,0.612644,-2.125080,0.161913,0.000000,0.000000,0.000000,53.744843,41.156052,35.000000,92.589020,1
1.616118,1785227235.699389219,car4,1.286841,-0.453160,0.082798,1.088012,-0.151004,-0.125139,0.000000,-6.948787,-8.621756,1.098998,1.069698,0.196117,0.000000,0.000000,0.000000,-84.308688,-36.317517,-35.000000,-86.750640,1
1.819054,1785227235.909393787,car1,-1.203389,1.118926,0.107525,-1.278662,0.177266,0.066043,0.000000,-0.614483,1.491547,-0.124298,-1.472522,0.189169,0.000000,0.000000,0.000000,-54.065519,45.937077,71.785030,-79.913471,1
1.819054,1785227235.909393787,car2,1.018197,0.859184,0.085398,-0.916994,0.099010,0.078719,0.000000,5.260871,1.771762,0.097703,-0.614429,0.126490,0.000000,0.000000,0.000000,-63.082923,61.572094,35.000000,-35.000000,1
1.819054,1785227235.909393787,car3,-0.671824,-0.551151,0.123628,-2.531587,-0.149229,-0.034960,0.000000,-9.807697,-7.662369,0.127563,-2.125080,0.153270,0.000000,0.000000,0.000000,39.291985,55.603046,35.000000,93.492882,1
1.819054,1785227235.909393787,car4,1.254578,-0.504610,0.083009,1.212975,-0.135557,-0.107460,0.000000,-7.585645,-16.548428,-0.588580,1.069698,0.172984,0.000000,0.000000,0.000000,-69.603414,-35.000000,-35.000000,-88.707064,1
2.020814,1785227236.109396935,car1,-1.209267,1.154326,0.107566,-1.242631,0.167537,0.044013,0.000000,-0.236033,0.852226,-0.066190,-1.472522,0.173222,0.000000,0.000000,0.000000,-38.156444,46.379366,77.031492,-68.808570,1
2.020814,1785227236.109396935,car2,1.046504,0.872263,0.084926,-0.896038,0.078121,0.077600,0.000000,2.112648,1.052392,-0.027902,-0.614429,0.110113,0.000000,0.000000,0.000000,-59.197502,51.336467,35.000000,-35.000000,1
2.020814,1785227236.109396935,car3,-0.717093,-0.594714,0.124374,-2.425780,-0.138220,-0.029556,0.000000,-4.513720,-3.637803,-0.214798,-2.125080,0.141344,0.000000,0.000000,0.000000,43.984329,38.476183,-35.000000,84.077571,1
2.020814,1785227236.109396935,car4,1.227548,-0.560573,0.083187,1.259240,-0.116328,-0.090576,0.000000,-1.821003,-4.842383,-0.097671,1.069698,0.147432,0.000000,0.000000,0.000000,-55.642838,-35.000000,-35.000000,-80.915129,1
2.222804,1785227236.309488773,car1,-1.199405,1.190201,0.108004,-1.327319,0.153431,0.020632,0.000000,23.943164,29.367008,12.734628,-1.472522,0.154812,0.000000,0.000000,0.000000,-35.957844,47.268241,66.628643,-55.318247,1
2.222804,1785227236.309488773,car2,1.050083,0.890021,0.084589,-0.952616,0.068297,0.079924,0.000000,13.376331,14.163498,-0.425524,-0.614429,0.105131,0.000000,0.000000,0.000000,-65.055594,48.021495,35.000000,-35.000000,1
2.222804,1785227236.309488773,car3,-0.754666,-0.630462,0.120653,-1.704642,-0.125390,-0.024074,0.000000,-37.512564,-21.790799,-7.318095,-2.125080,0.127680,0.000000,0.000000,0.000000,81.911698,-54.850439,35.000000,35.000000,1
2.222804,1785227236.309488773,car4,1.207263,-0.606870,0.082867,1.151973,-0.103092,-0.074999,0.000000,-23.171151,-41.243145,-4.575519,1.069698,0.127486,0.000000,0.000000,0.000000,-52.555960,-35.000000,-35.000000,-63.525926,1
2.424555,1785227236.509500742,car1,-1.187034,1.219135,0.107620,-1.359438,0.146385,0.006692,0.000000,3.094111,3.397588,0.684508,-1.472522,0.146538,0.000000,0.000000,0.000000,-35.000000,48.693777,63.771544,-47.660355,1
2.424555,1785227236.509500742,car2,1.067883,0.910375,0.084589,-0.856587,0.051825,0.079615,0.000000,8.847639,10.104888,0.605075,-0.614429,0.094997,0.000000,0.000000,0.000000,-55.317490,37.843138,35.000000,-35.000000,1
2.424555,1785227236.509500742,car3,-0.749262,-0.630404,0.126275,-2.298687,-0.122178,-0.031440,0.000000,7.726428,-0.117323,6.719542,-2.125080,0.126158,0.000000,0.000000,0.000000,46.778100,35.000000,-35.000000,69.925671,1
2.424555,1785227236.509500742,car4,1.180883,-0.639342,0.082390,0.961132,-0.083043,-0.053774,0.000000,-27.008962,-24.974843,-0.326054,1.069698,0.098933,0.000000,0.000000,0.000000,-50.213409,-35.000000,-35.000000,-35.737982,1
2.627018,1785227236.709481239,car1,-1.164794,1.246757,0.107061,-1.320407,0.132896,-0.011790,0.000000,0.657030,0.657181,0.095239,-1.472522,0.133418,0.000000,0.000000,0.000000,-35.000000,46.586191,66.868195,-37.300813,1
2.627018,1785227236.709481239,car2,1.082514,0.928112,0.084110,-0.889883,0.037646,0.080936,0.000000,1.633510,1.344209,-0.079803,-0.614429,0.089263,0.000000,0.000000,0.000000,-58.160044,35.000000,-35.000000,-35.000000,1
2.627018,1785227236.709481239,car3,-0.757219,-0.634183,0.125086,-1.981794,-0.114242,-0.036368,0.000000,-1.386273,-1.068563,0.235337,-2.125080,0.119891,0.000000,0.000000,0.000000,65.945810,-35.000000,35.000000,46.840959,1
2.627018,1785227236.709481239,car4,1.156282,-0.674733,0.081447,1.140334,-0.061529,-0.031072,0.000000,-3.862881,-6.155006,0.844240,1.069698,0.068930,0.000000,0.000000,0.000000,-35.000000,-35.000000,35.000000,-36.996868,1
2.829913,1785227236.919455051,car1,-1.147739,1.272087,0.107551,-1.225226,0.116730,-0.028048,0.000000,2.503287,3.191422,0.480632,-1.472522,0.120052,0.000000,0.000000,0.000000,35.000000,38.933130,71.905934,-35.000000,1
2.829913,1785227236.919455051,car2,1.072733,0.951691,0.084243,-0.681677,0.034614,0.082012,0.000000,-6.571526,12.903487,-2.806749,-0.614429,0.089017,0.000000,0.000000,0.000000,-41.246744,35.000000,35.000000,-35.000000,1
2.829913,1785227236.919455051,car3,-0.777926,-0.657380,0.122756,-2.099023,-0.103820,-0.033455,0.000000,-20.973083,-16.265900,-3.766812,-2.125080,0.109077,0.000000,0.000000,0.000000,53.079973,35.000000,35.000000,49.605657,1
2.829913,1785227236.919455051,car4,1.138963,-0.704049,0.081123,1.093195,-0.051271,-0.019033,0.000000,-9.698735,-16.750470,-5.109747,1.069698,0.054690,0.000000,0.000000,0.000000,-35.000000,-35.000000,35.000000,-35.000000,1
3.031853,1785227237.119413137,car1,-1.125872,1.293895,0.107351,-1.397503,0.097763,-0.043215,0.000000,0.687171,0.635366,-0.015444,-1.472522,0.106889,0.000000,0.000000,0.000000,-35.000000,44.422857,54.425291,-35.000000,1
3.031853,1785227237.119413137,car2,1.071117,0.970497,0.084650,-0.684824,0.030721,0.083283,0.000000,-0.051672,1.968553,-0.042218,-0.614429,0.088769,0.000000,0.000000,0.000000,-42.300622,35.000000,35.000000,-35.000000,1
3.031853,1785227237.119413137,car3,-0.804892,-0.681575,0.127006,-2.443828,-0.090531,-0.026176,0.000000,-6.878278,-3.449544,0.463639,-2.125080,0.094239,0.000000,0.000000,0.000000,35.000000,37.277087,-35.000000,62.682791,1
3.031853,1785227237.119413137,car4,1.125836,-0.720530,0.080747,1.029431,-0.040955,-0.013227,0.000000,-2.755672,-3.260560,-0.487679,1.069698,0.043038,0.000000,0.000000,0.000000,-35.000000,35.000000,-35.000000,-35.000000,1
3.233770,1785227237.319345713,car1,-1.096356,1.308349,0.106917,-1.461124,0.076810,-0.057528,0.000000,1.591975,1.075800,0.020639,-1.472522,0.095965,0.000000,0.000000,0.000000,-35.000000,44.453944,45.973672,-35.000000,1
3.233770,1785227237.319345713,car2,1.075524,0.983124,0.084736,-0.947887,0.024829,0.084382,0.000000,1.043814,1.090374,-0.040262,-0.614429,0.087959,0.000000,0.000000,0.000000,-63.378206,35.000000,-35.000000,-35.000000,1
3.233770,1785227237.319345713,car3,-0.828309,-0.702673,0.126853,-2.030198,-0.076091,-0.020656,0.000000,-2.355224,-3.089278,-0.811539,-2.125080,0.078845,0.000000,0.000000,0.000000,43.424345,-35.000000,35.000000,35.000000,1
3.233770,1785227237.319345713,car4,1.112197,-0.737974,0.081144,1.197634,-0.027994,-0.006103,0.000000,-1.183517,-2.223356,0.006930,1.069698,0.028651,0.000000,0.000000,0.000000,-35.000000,-35.000000,35.000000,-35.000000,1
3.435760,1785227237.519382238,car1,-1.079509,1.321221,0.106915,-1.435099,0.064914,-0.063926,0.000000,3.923424,1.860514,-0.233886,-1.472522,0.091106,0.000000,0.000000,0.000000,35.000000,40.101491,45.091120,35.000000,1
3.435760,1785227237.519382238,car2,1.069356,1.000529,0.084229,-0.848601,0.025282,0.084143,0.000000,-8.276211,10.950622,3.297219,-0.614429,0.087859,0.000000,0.000000,0.000000,-55.950108,35.000000,-35.000000,-35.000000,1
3.435760,1785227237.519382238,car3,-0.841424,-0.710961,0.127703,-2.362888,-0.067666,-0.018062,0.000000,-13.632717,-12.409592,-3.806864,-2.125080,0.070035,0.000000,0.000000,0.000000,35.000000,35.000000,-35.000000,47.694058,1
3.435760,1785227237.519382238,car4,1.108167,-0.744874,0.081079,1.043043,-0.024841,-0.002317,0.000000,-2.584376,2.763368,-1.184538,1.069698,0.024948,0.000000,0.000000,0.000000,-35.000000,35.000000,35.000000,-35.000000,1
3.638866,1785227237.729420185,car1,-1.041524,1.327535,0.106872,-1.579326,0.042245,-0.071357,0.000000,7.762701,0.673120,1.418507,-1.472522,0.082925,0.000000,0.000000,0.000000,35.000000,45.069186,35.000000,35.000000,1
3.638866,1785227237.729420185,car2,1.054046,1.023281,0.084455,-0.538988,0.027852,0.082213,0.000000,-12.918623,16.340481,0.851995,-0.614429,0.086803,0.000000,0.000000,0.000000,-35.000000,35.000000,35.000000,-39.411831,1
3.638866,1785227237.729420185,car3,-0.871104,-0.725131,0.124819,-2.118715,-0.048885,-0.011002,0.000000,-27.870982,-15.546801,-5.843669,-2.125080,0.050108,0.000000,0.000000,0.000000,35.000000,-35.000000,35.000000,35.000000,1
3.638866,1785227237.729420185,car4,1.103315,-0.748319,0.081059,1.120316,-0.023342,-0.000463,0.000000,-4.999781,6.542708,2.173921,1.069698,0.023346,0.000000,0.000000,0.000000,-35.000000,35.000000,35.000000,-35.000000,1
3.840859,1785227237.929443836,car1,-1.003005,1.328488,0.106629,-1.590054,0.025941,-0.074742,0.000000,5.487519,-0.115700,0.959059,-1.472522,0.079115,0.000000,0.000000,0.000000,35.000000,41.703323,35.000000,35.000000,1
3.840859,1785227237.929443836,car2,1.052393,1.038470,0.084228,-0.617496,0.028001,0.080196,0.000000,1.809867,5.531722,-1.116398,-0.614429,0.084944,0.000000,0.000000,0.000000,-35.271868,35.000000,35.000000,-35.000000,1
3.840859,1785227237.929443836,car3,-0.881585,-0.740999,0.127510,-2.041598,-0.034854,-0.002972,0.000000,-10.237916,-2.967837,-2.391179,-2.125080,0.034980,0.000000,0.000000,0.000000,35.000000,-35.000000,35.000000,35.000000,1
3.840859,1785227237.929443836,car4,1.104271,-0.744087,0.081208,1.077208,-0.020888,-0.003118,0.000000,-0.081119,0.700519,-0.327990,1.069698,0.021120,0.000000,0.000000,0.000000,-35.000000,35.000000,35.000000,-35.000000,1
4.042922,1785227238.119587183,car1,-0.965404,1.330246,0.106200,-1.589855,0.005815,-0.079602,0.000000,3.956944,0.108266,0.647357,-1.472522,0.079815,0.000000,0.000000,0.000000,35.000000,36.758410,35.000000,35.000000,1
4.042922,1785227238.119587183,car2,1.058974,1.045856,0.084135,-0.886634,0.025719,0.079826,0.000000,2.067607,0.512138,0.359101,-0.614429,0.083867,0.000000,0.000000,0.000000,-56.809964,35.000000,-35.000000,-35.000000,1
4.042922,1785227238.119587183,car3,-0.902708,-0.756921,0.125421,-2.217213,-0.018004,0.003642,0.000000,-3.135660,-2.312429,0.326364,-2.125080,0.018369,0.000000,0.000000,0.000000,35.000000,35.000000,-35.000000,35.000000,1
4.042922,1785227238.119587183,car4,1.104149,-0.742906,0.080905,1.052953,-0.014726,-0.004199,0.000000,-0.180272,-0.212793,-0.122734,1.069698,0.015313,0.000000,0.000000,0.000000,-35.000000,35.000000,-35.000000,-35.000000,1
4.244976,1785227238.329416275,car1,-0.920553,1.331349,0.106614,-1.710917,-0.014781,-0.084121,0.000000,2.866793,0.676779,-0.656465,-1.472522,0.085409,0.000000,0.000000,0.000000,35.000000,43.384073,35.000000,45.308967,1
4.244976,1785227238.329416275,car2,1.056785,1.056585,0.084124,-0.883314,0.025356,0.079054,0.000000,-0.621261,2.930652,0.440094,-0.614429,0.083021,0.000000,0.000000,0.000000,-56.182181,35.000000,-35.000000,-35.000000,1
4.244976,1785227238.329416275,car3,-0.913631,-0.757494,0.125741,-2.085361,0.000000,0.000000,0.000000,1.150538,-2.261483,1.314429,-2.125080,0.000000,0.000000,0.000000,0.000000,35.000000,-35.000000,35.000000,-35.000000,1
4.244976,1785227238.329416275,car4,1.101910,-0.748550,0.081003,1.020855,0.000000,0.000000,0.000000,1.084643,-1.718661,0.586007,1.069698,0.000000,0.000000,0.000000,0.000000,-35.000000,35.000000,-35.000000,35.000000,1
4.447010,1785227238.529434919,car1,-0.884281,1.328132,0.105654,-1.674488,-0.025214,-0.082760,0.000000,17.838186,-2.250687,1.462080,-1.472522,0.086516,0.000000,0.000000,0.000000,35.000000,36.268649,35.000000,47.277063,1
4.447010,1785227238.529434919,car2,1.046338,1.074739,0.084876,-0.637253,0.028558,0.075271,0.000000,-6.702401,12.742699,-0.696717,-0.614429,0.080506,0.000000,0.000000,0.000000,-35.000000,35.000000,35.000000,-35.000000,1
4.447010,1785227238.529434919,car3,-0.907792,-0.758936,0.127838,-1.919419,0.000000,0.000000,0.000000,-1.833711,3.250342,-0.356363,-2.125080,0.000000,0.000000,0.000000,0.000000,35.000000,-35.000000,35.000000,-35.000000,1
4.447010,1785227238.529434919,car4,1.105548,-0.749774,0.080914,1.117119,0.000000,0.000000,0.000000,2.977445,-1.435554,-1.155618,1.069698,0.000000,0.000000,0.000000,0.000000,35.000000,-35.000000,35.000000,-35.000000,1
4.649160,1785227238.729433537,car1,-0.841893,1.325568,0.106922,-1.617568,-0.040517,-0.082090,0.000000,9.247187,-1.098365,2.153245,-1.472522,0.091544,0.000000,0.000000,0.000000,35.000000,35.000000,35.000000,49.845902,1
4.649160,1785227238.729433537,car2,1.043080,1.090274,0.084963,-0.623078,0.029142,0.072015,0.000000,-0.155422,8.560425,-0.181254,-0.614429,0.077688,0.000000,0.000000,0.000000,-35.000000,35.000000,35.000000,-35.000000,1
4.649160,1785227238.729433537,car3,-0.909465,-0.755017,0.126545,-2.594239,0.019424,0.000578,0.000000,6.349427,4.548342,2.829760,-2.125080,0.019433,0.000000,0.000000,0.000000,-40.111348,35.000000,-35.000000,35.000000,1
4.649160,1785227238.729433537,car4,1.107395,-0.750945,0.080776,1.055896,0.000000,0.000000,0.000000,4.154277,-0.921373,-1.434686,1.069698,0.000000,0.000000,0.000000,0.000000,-35.000000,35.000000,-35.000000,35.000000,1
4.850942,1785227238.939446449,car1,-0.792725,1.322576,0.105213,-1.656526,-0.056147,-0.081301,0.000000,2.788129,-0.039244,0.098174,-1.472522,0.098804,0.000000,0.000000,0.000000,35.000000,35.000000,35.000000,57.196721,1
4.850942,1785227238.939446449,car2,1.047059,1.104050,0.084553,-0.816177,0.027825,0.068828,0.000000,1.432934,2.069620,-0.366324,-0.614429,0.074240,0.000000,0.000000,0.000000,-46.284073,35.000000,-35.000000,-35.000000,1
4.850942,1785227238.939446449,car3,-0.904129,-0.757370,0.127930,-2.010734,0.031865,0.000145,0.000000,20.644946,0.572959,13.627912,-2.125080,0.031865,0.000000,0.000000,0.000000,-35.000000,-35.000000,35.000000,-35.000000,1
4.850942,1785227238.939446449,car4,1.110029,-0.751118,0.081110,1.038545,0.000000,0.000000,0.000000,1.388686,-0.947206,-0.158887,1.069698,0.000000,0.000000,0.000000,0.000000,-35.000000,35.000000,-35.000000,35.000000,1
5.052675,1785227239.129620790,car1,-0.754882,1.318067,0.104765,-1.486095,-0.065165,-0.078304,0.000000,2.088347,-0.191504,-0.063302,-1.472522,0.101872,0.000000,0.000000,0.000000,47.116900,35.000000,-35.000000,48.926654,1
5.052675,1785227239.129620790,car2,1.047851,1.117409,0.084931,-0.885621,0.028658,0.064949,0.000000,-0.558386,1.490674,0.306554,-0.614429,0.070991,0.000000,0.000000,0.000000,-49.894701,35.000000,-35.000000,-35.000000,1
5.052675,1785227239.129620790,car3,-0.893107,-0.748766,0.127627,-2.105633,0.039610,-0.002303,0.000000,-0.731678,1.122689,-0.219737,-2.125080,0.039677,0.000000,0.000000,0.000000,-35.000000,35.000000,35.000000,-35.000000,1
5.052675,1785227239.129620790,car4,1.116719,-0.747597,0.081049,1.195151,-0.000236,0.018632,0.000000,1.265789,0.908148,0.102865,1.069698,0.018634,0.000000,0.000000,0.000000,35.000000,-35.000000,35.000000,-35.000000,1
5.254333,1785227239.339412928,car1,-0.718659,1.315706,0.104061,-1.303121,-0.071230,-0.075142,0.000000,3.117875,-0.704274,-0.161686,-1.472522,0.103538,0.000000,0.000000,0.000000,58.691334,-35.000000,-35.000000,36.104639,1
5.254333,1785227239.339412928,car2,1.037226,1.134372,0.085114,-0.695074,0.032696,0.060920,0.000000,-2.110280,4.741423,-0.044830,-0.614429,0.069139,0.000000,0.000000,0.000000,-35.000000,35.000000,35.000000,-35.000000,1
5.254333,1785227239.339412928,car3,-0.873441,-0.742115,0.128343,-2.425131,0.044398,-0.002718,0.000000,5.425943,-2.338129,-0.157982,-2.125080,0.044481,0.000000,0.000000,0.000000,-40.971199,35.000000,-35.000000,-35.000000,1
5.254333,1785227239.339412928,car4,1.122494,-0.740024,0.081201,1.008421,-0.002658,0.020097,0.000000,5.838469,5.728964,0.197371,1.069698,0.020272,0.000000,0.000000,0.000000,-35.000000,35.000000,35.000000,35.000000,1
5.456441,1785227239.539417982,car1,-0.699676,1.307958,0.104096,-1.565172,-0.069104,-0.068182,0.000000,1.124273,-1.073797,0.017460,-1.472522,0.097078,0.000000,0.000000,0.000000,39.582813,35.000000,-35.000000,51.936166,1
5.456441,1785227239.539417982,car2,1.034888,1.147107,0.085222,-0.684421,0.035790,0.055482,0.000000,-3.764759,5.499643,1.443250,-0.614429,0.066024,0.000000,0.000000,0.000000,-35.000000,35.000000,35.000000,-35.000000,1
5.456441,1785227239.539417982,car3,-0.855177,-0.734563,0.124665,-2.025877,0.044890,0.001066,0.000000,20.207520,13.138129,0.241668,-2.125080,0.044902,0.000000,0.000000,0.000000,-35.000000,-35.000000,35.000000,-35.000000,1
5.456441,1785227239.539417982,car4,1.133294,-0.719531,0.081152,1.185212,-0.009098,0.014030,0.000000,6.227990,16.460216,4.939642,1.069698,0.016721,0.000000,0.000000,0.000000,35.000000,35.000000,35.000000,-35.000000,1
5.660502,1785227239.749355555,car1,-0.682997,1.302565,0.103855,-1.604397,-0.065547,-0.062575,0.000000,15.939939,-4.257716,0.347653,-1.472522,0.090621,0.000000,0.000000,0.000000,35.000000,35.000000,-35.000000,51.508428,1
5.660502,1785227239.749355555,car2,1.041128,1.160407,0.084869,-0.858269,0.034675,0.049765,0.000000,13.830284,15.371687,1.403612,-0.614429,0.060654,0.000000,0.000000,0.000000,-40.843292,35.000000,-35.000000,-35.000000,1
5.660502,1785227239.749355555,car3,-0.829154,-0.721685,0.125588,-1.987790,0.042632,0.001984,0.000000,23.053265,23.080445,-3.506929,-2.125080,0.042678,0.000000,0.000000,0.000000,-35.000000,-35.000000,35.000000,-35.000000,1
5.660502,1785227239.749355555,car4,1.138791,-0.704905,0.081301,0.922811,-0.009752,0.012756,0.000000,0.267208,14.623216,-1.082226,1.069698,0.016056,0.000000,0.000000,0.000000,-35.000000,35.000000,-35.000000,35.000000,1
5.862299,1785227239.949345112,car1,-0.658895,1.298048,0.103170,-1.407966,-0.068924,-0.057978,0.000000,2.259795,-0.661323,0.131685,-1.472522,0.090067,0.000000,0.000000,0.000000,45.453595,-35.000000,-35.000000,36.846219,1
5.862299,1785227239.949345112,car2,1.040134,1.176115,0.085055,-0.881597,0.034869,0.043837,0.000000,-5.769954,7.992842,0.795509,-0.614429,0.056014,0.000000,0.000000,0.000000,-39.959474,35.000000,-35.000000,-35.000000,1
5.862299,1785227239.949345112,car3,-0.810915,-0.700474,0.123837,-2.127570,0.044876,-0.004879,0.000000,20.246843,15.102830,0.783880,-2.125080,0.045141,0.000000,0.000000,0.000000,-35.000000,35.000000,35.000000,-35.000000,1
5.862299,1785227239.949345112,car4,1.142015,-0.705297,0.080885,1.105784,-0.008658,0.020984,0.000000,-0.700074,4.023060,0.719786,1.069698,0.022700,0.000000,0.000000,0.000000,35.000000,35.000000,35.000000,-35.000000,1
6.063949,1785227240.149529219,car1,-0.648978,1.287353,0.103003,-1.544905,-0.063060,-0.050274,0.000000,0.717668,-1.323037,-0.293062,-1.472522,0.080647,0.000000,0.000000,0.000000,35.000000,-35.000000,-35.000000,42.480257,1
6.063949,1785227240.149529219,car2,1.031922,1.191517,0.085026,-0.768765,0.036306,0.035628,0.000000,2.390453,4.330735,-2.642138,-0.614429,0.050867,0.000000,0.000000,0.000000,-35.000000,35.000000,35.000000,-35.000000,1
6.063949,1785227240.149529219,car3,-0.783523,-0.701195,0.123492,-2.111555,0.040061,-0.002162,0.000000,20.119712,4.411111,2.615601,-2.125080,0.040119,0.000000,0.000000,0.000000,-35.000000,35.000000,35.000000,-35.000000,1
6.063949,1785227240.149529219,car4,1.142210,-0.699420,0.081217,0.932977,-0.011806,0.018139,0.000000,0.864261,3.851558,2.352383,1.069698,0.021643,0.000000,0.000000,0.000000,-35.000000,35.000000,35.000000,35.000000,1
6.265768,1785227240.349398851,car1,-0.639960,1.276999,0.103080,-1.649598,-0.056917,-0.045529,0.000000,1.521515,-0.845846,0.011465,-1.472522,0.072886,0.000000,0.000000,0.000000,35.000000,35.000000,-35.000000,46.146552,1
6.265768,1785227240.349398851,car2,1.038007,1.194759,0.085150,-0.935762,0.035779,0.030981,0.000000,2.065279,0.342975,0.139915,-0.614429,0.047328,0.000000,0.000000,0.000000,-38.388558,35.910482,-35.000000,35.000000,1
6.265768,1785227240.349398851,car3,-0.757551,-0.703499,0.124494,-2.028046,0.035249,0.000743,0.000000,-2.882751,-3.938616,-8.563906,-2.125080,0.035257,0.000000,0.000000,0.000000,-35.000000,-35.000000,35.000000,-35.000000,1
6.265768,1785227240.349398851,car4,1.147881,-0.694429,0.081102,1.025127,-0.013058,0.014751,0.000000,2.037012,1.746705,-2.397500,1.069698,0.019700,0.000000,0.000000,0.000000,-35.000000,35.000000,35.000000,-35.000000,1
6.467845,1785227240.549431086,car1,-0.617148,1.273889,0.102484,-1.439783,-0.060762,-0.046195,0.000000,3.933940,0.087179,-1.176803,-1.472522,0.076328,0.000000,0.000000,0.000000,36.895149,-35.000000,-35.000000,35.000000,1
6.467845,1785227240.549431086,car2,1.038751,1.195742,0.085265,-0.859804,0.035404,0.029892,0.000000,-3.118873,-2.711897,0.699064,-0.614429,0.046336,0.000000,0.000000,0.000000,-35.000000,35.000000,-35.000000,35.000000,1
6.467845,1785227240.549431086,car3,-0.739263,-0.690753,0.122972,-2.136765,0.036875,-0.003379,0.000000,8.120923,8.902637,-0.913070,-2.125080,0.037029,0.000000,0.000000,0.000000,-35.000000,35.000000,35.000000,-35.000000,1
6.467845,1785227240.549431086,car4,1.147736,-0.694197,0.080954,1.025266,-0.010174,0.020819,0.000000,4.373439,1.018551,-2.090083,1.069698,0.023172,0.000000,0.000000,0.000000,-35.000000,35.000000,35.000000,35.000000,1
6.669869,1785227240.759352446,car1,-0.604691,1.271732,0.102465,-1.398383,-0.057061,-0.047502,0.000000,0.331726,-0.088245,0.047518,-1.472522,0.074245,0.000000,0.000000,0.000000,38.733311,-35.000000,-35.000000,35.000000,1
6.669869,1785227240.759352446,car2,1.038227,1.194957,0.084969,-0.840224,0.035452,0.029630,0.000000,0.192760,0.086384,-0.040426,-0.614429,0.046204,0.000000,0.000000,0.000000,-35.000000,35.000000,35.000000,35.000000,1
6.669869,1785227240.759352446,car3,-0.709403,-0.682164,0.125874,-2.367407,0.031868,-0.004832,0.000000,2.702482,0.197336,0.164350,-2.125080,0.032232,0.000000,0.000000,0.000000,-35.000000,35.000000,-35.000000,35.000000,1
6.669869,1785227240.759352446,car4,1.147263,-0.691883,0.081002,0.991108,-0.009047,0.023779,0.000000,-1.078321,-0.028995,-0.128631,1.069698,0.025442,0.000000,0.000000,0.000000,-35.000000,35.000000,35.000000,35.000000,1
6.871517,1785227240.959394932,car1,-0.604845,1.268410,0.102634,-1.508148,-0.052145,-0.045456,0.000000,-0.013852,-0.074096,0.002838,-1.472522,0.069176,0.000000,0.000000,0.000000,35.000000,-35.000000,-35.000000,35.000000,1
6.871517,1785227240.959394932,car2,1.041152,1.196654,0.084958,-0.888136,0.035065,0.027773,0.000000,0.015970,0.160121,-0.045124,-0.614429,0.044731,0.000000,0.000000,0.000000,-35.000000,35.000000,-35.000000,35.000000,1
6.871517,1785227240.959394932,car3,-0.695853,-0.677772,0.124590,-1.870604,0.027855,-0.004871,0.000000,0.520386,0.732159,-0.879292,-2.125080,0.028278,0.000000,0.000000,0.000000,35.000000,-35.000000,35.000000,-35.000000,1
6.871517,1785227240.959394932,car4,1.149319,-0.688790,0.081217,1.059314,-0.009846,0.023408,0.000000,0.283994,0.588969,-0.238761,1.069698,0.025395,0.000000,0.000000,0.000000,-35.000000,35.000000,35.000000,-35.000000,1
7.073174,1785227241.149339676,car1,-0.603859,1.264031,0.102451,-1.625788,-0.049990,-0.045415,0.000000,0.395577,-0.140125,0.032699,-1.472522,0.067539,0.000000,0.000000,0.000000,35.000000,35.000000,-35.000000,42.055381,1
7.073174,1785227241.149339676,car2,1.037930,1.193046,0.085271,-0.776175,0.035528,0.027615,0.000000,1.106588,-2.398783,0.255060,-0.614429,0.044998,0.000000,0.000000,0.000000,-35.000000,35.000000,35.000000,-35.000000,1
7.073174,1785227241.149339676,car3,-0.687295,-0.669808,0.125117,-2.009057,0.025674,-0.007408,0.000000,0.867746,3.594078,1.167136,-2.125080,0.026721,0.000000,0.000000,0.000000,-35.000000,-35.000000,35.000000,-35.000000,1
7.073174,1785227241.149339676,car4,1.147465,-0.689140,0.081231,0.997601,-0.010385,0.025980,0.000000,0.180427,0.879249,-0.134774,1.069698,0.027978,0.000000,0.000000,0.000000,-35.000000,35.000000,35.000000,35.000000,1
7.276062,1785227241.359366655,car1,-0.594751,1.263383,0.102387,-1.568568,-0.052156,-0.044803,0.000000,2.561921,-0.504784,-0.340694,-1.472522,0.068758,0.000000,0.000000,0.000000,35.000000,35.000000,-35.000000,38.717396,1
7.276062,1785227241.359366655,car2,1.042561,1.195397,0.085199,-0.918227,0.034610,0.026523,0.000000,2.046623,3.012068,-0.290083,-0.614429,0.043604,0.000000,0.000000,0.000000,-35.000000,35.000000,-35.000000,35.000000,1
7.276062,1785227241.359366655,car3,-0.683426,-0.669539,0.123333,-2.503908,0.027291,-0.007244,0.000000,0.121627,-0.721227,-0.483146,-2.125080,0.028236,0.000000,0.000000,0.000000,-38.482626,35.000000,-35.000000,35.000000,1
7.276062,1785227241.359366655,car4,1.149421,-0.687915,0.081363,1.049750,-0.008805,0.026356,0.000000,-0.151901,-0.008770,0.094708,1.069698,0.027788,0.000000,0.000000,0.000000,-35.000000,35.000000,35.000000,35.000000,1
7.478595,1785227241.569374561,car1,-0.576971,1.259888,0.101942,-1.493028,-0.056088,-0.045715,0.000000,0.692118,-0.531573,0.209872,-1.472522,0.072358,0.000000,0.000000,0.000000,35.000000,-35.000000,-35.000000,35.000000,1
7.478595,1785227241.569374561,car2,1.040338,1.193472,0.085404,-0.805670,0.035316,0.026331,0.000000,-0.814748,-0.570904,0.006992,-0.614429,0.044052,0.000000,0.000000,0.000000,-35.000000,35.000000,35.000000,35.000000,1
7.478595,1785227241.569374561,car3,-0.672963,-0.673279,0.123998,-1.819695,0.029536,-0.006267,0.000000,3.864758,-3.104442,-4.164545,-2.125080,0.030194,0.000000,0.000000,0.000000,35.000000,-35.000000,35.000000,-35.000000,1
7.478595,1785227241.569374561,car4,1.149444,-0.687926,0.081222,1.047247,-0.007601,0.026639,0.000000,0.255474,-0.395833,-0.403253,1.069698,0.027702,0.000000,0.000000,0.000000,-35.000000,35.000000,35.000000,35.000000,1
7.680670,1785227241.759349823,car1,-0.572246,1.254593,0.101936,-1.657309,-0.055593,-0.044426,0.000000,0.146084,-1.238248,-0.648116,-1.472522,0.071164,0.000000,0.000000,0.000000,35.000000,35.000000,-35.000000,45.855855,1
7.680670,1785227241.759349823,car2,1.042541,1.192110,0.085363,-0.862474,0.034565,0.024871,0.000000,1.367100,3.702174,-1.440389,-0.614429,0.042583,0.000000,0.000000,0.000000,-35.000000,35.000000,-35.000000,35.000000,1
7.680670,1785227241.759349823,car3,-0.666301,-0.668913,0.123690,-2.016921,0.029062,-0.007662,0.000000,12.190545,8.091068,4.938285,-2.125080,0.030055,0.000000,0.000000,0.000000,-35.000000,35.000000,35.000000,-35.000000,1
7.680670,1785227241.759349823,car4,1.149443,-0.687883,0.081426,1.050700,-0.006904,0.028144,0.000000,0.556151,-0.871692,1.267533,1.069698,0.028978,0.000000,0.000000,0.000000,-35.000000,35.000000,35.000000,35.000000,1
7.882346,1785227241.969367981,car1,-0.560479,1.251734,0.101752,-1.574092,-0.057316,-0.044057,0.000000,2.876324,-0.218895,-0.682295,-1.472522,0.072292,0.000000,0.000000,0.000000,35.000000,35.000000,-35.000000,40.576670,1
7.882346,1785227241.969367981,car2,1.041928,1.193100,0.085144,-0.816406,0.034675,0.023655,0.000000,-2.714067,-0.003505,0.410854,-0.614429,0.041976,0.000000,0.000000,0.000000,-35.000000,35.000000,35.000000,35.000000,1
7.882346,1785227241.969367981,car3,-0.656385,-0.666264,0.122717,-2.410440,0.029688,-0.008655,0.000000,8.932988,8.855220,-4.905873,-2.125080,0.030924,0.000000,0.000000,0.000000,-35.000000,35.000000,-35.000000,35.000000,1
7.882346,1785227241.969367981,car4,1.149513,-0.687948,0.081325,1.045196,-0.005820,0.030018,0.000000,-0.355447,-2.927007,0.391882,1.069698,0.030577,0.000000,0.000000,0.000000,-35.000000,35.000000,35.000000,35.000000,1
8.084077,1785227242.169374943,car1,-0.541813,1.247119,0.101385,-1.434934,-0.059494,-0.044425,0.000000,0.868839,-0.456396,0.104987,-1.472522,0.074251,0.000000,0.000000,0.000000,36.145967,-35.000000,-35.000000,35.000000,1
8.084077,1785227242.169374943,car2,1.042370,1.189926,0.085405,-0.769352,0.035689,0.023480,0.000000,0.666920,-0.383638,0.041435,-0.614429,0.042720,0.000000,0.000000,0.000000,-35.000000,35.000000,35.000000,-35.000000,1
8.084077,1785227242.169374943,car3,-0.641402,-0.665220,0.123080,-1.850445,0.030923,-0.008022,0.000000,11.076739,1.843950,0.338730,-2.125080,0.031946,0.000000,0.000000,0.000000,35.000000,-35.000000,35.000000,-35.000000,1
8.084077,1785227242.169374943,car4,1.152911,-0.684492,0.081375,0.982968,-0.005764,0.030007,0.000000,5.077547,5.562123,0.598990,1.069698,0.030556,0.000000,0.000000,0.000000,-35.000000,35.000000,35.000000,35.000000,1
8.285879,1785227242.369416475,car1,-0.539195,1.242206,0.101348,-1.549639,-0.055260,-0.041476,0.000000,0.054513,-0.295679,0.117821,-1.472522,0.069093,0.000000,0.000000,0.000000,35.000000,-35.000000,-35.000000,37.282045,1
8.285879,1785227242.369416475,car2,1.046022,1.191101,0.085235,-0.890968,0.035957,0.021250,0.000000,2.792091,-2.349504,-0.158703,-0.614429,0.041767,0.000000,0.000000,0.000000,-35.000000,35.000000,-35.000000,35.000000,1
8.285879,1785227242.369416475,car3,-0.629099,-0.662135,0.123729,-2.138151,0.028083,-0.006994,0.000000,3.082261,2.005729,0.415336,-2.125080,0.028940,0.000000,0.000000,0.000000,-35.000000,35.000000,35.000000,-35.000000,1
8.285879,1785227242.369416475,car4,1.157614,-0.679082,0.081098,1.006993,-0.007736,0.028030,0.000000,1.590505,2.846946,0.107702,1.069698,0.029078,0.000000,0.000000,0.000000,-35.000000,35.000000,35.000000,35.000000,1
8.488646,1785227242.579927206,car1,-0.536694,1.239951,0.101362,-1.575996,-0.052003,-0.039965,0.000000,1.530063,-0.005344,-0.213615,-1.472522,0.065586,0.000000,0.000000,0.000000,35.000000,35.000000,-35.000000,37.574900,1
8.488646,1785227242.579927206,car2,1.043988,1.189546,0.085358,-0.781158,0.039046,0.021410,0.000000,1.873367,-3.489318,0.790368,-0.614429,0.044531,0.000000,0.000000,0.000000,-35.000000,35.000000,35.000000,35.000000,1
8.488646,1785227242.579927206,car3,-0.621801,-0.660955,0.122364,-2.406115,0.026688,-0.004310,0.000000,-13.010692,3.174816,-17.279439,-2.125080,0.027034,0.000000,0.000000,0.000000,-35.000000,35.000000,-35.000000,35.000000,1
8.488646,1785227242.579927206,car4,1.164945,-0.670267,0.081559,1.063086,-0.012962,0.023517,0.000000,8.016062,5.254340,0.168289,1.069698,0.026853,0.000000,0.000000,0.000000,-35.000000,35.000000,35.000000,-35.000000,1
8.694852,1785227242.779447794,car1,-0.525776,1.237657,0.100958,-1.546025,-0.052570,-0.041560,0.000000,0.002466,-0.473440,-0.162538,-1.472522,0.067014,0.000000,0.000000,0.000000,35.000000,35.000000,-35.000000,36.176373,1
8.694852,1785227242.779447794,car2,1.050565,1.184812,0.085269,-0.775820,0.037048,0.022127,0.000000,0.798821,0.112015,-0.065953,-0.614429,0.043153,0.000000,0.000000,0.000000,-35.000000,35.000000,35.000000,35.000000,1
8.694852,1785227242.779447794,car3,-0.609865,-0.660534,0.122645,-1.806340,0.026420,-0.003228,0.000000,14.045228,5.387756,-2.897216,-2.125080,0.026616,0.000000,0.000000,0.000000,35.000000,-35.000000,35.000000,-35.000000,1
8.694852,1785227242.779447794,car4,1.164394,-0.666641,0.081386,1.004609,-0.010023,0.023408,0.000000,4.392593,2.113904,-2.610549,1.069698,0.025464,0.000000,0.000000,0.000000,-35.000000,35.000000,35.000000,35.000000,1
8.896761,1785227242.979561567,car1,-0.524758,1.235371,0.101147,-1.587401,-0.048066,-0.040182,0.000000,1.021650,0.142354,-0.154827,-1.472522,0.062649,0.000000,0.000000,0.000000,35.000000,35.000000,-35.000000,37.114049,1
8.896761,1785227242.979561567,car2,1.055258,1.182057,0.085206,-0.774268,0.037931,0.022359,0.000000,0.482405,0.389126,0.042932,-0.614429,0.044031,0.000000,0.000000,0.000000,-35.000000,35.000000,35.000000,35.000000,1
8.896761,1785227242.979561567,car3,-0.600894,-0.656226,0.123346,-2.166369,0.024036,-0.000890,0.000000,0.877853,2.201668,-1.403813,-2.125080,0.024053,0.000000,0.000000,0.000000,-35.000000,35.000000,-35.000000,-35.000000,1
8.896761,1785227242.979561567,car4,1.171049,-0.655997,0.081976,1.107295,-0.013291,0.019298,0.000000,6.388107,5.564960,-5.597124,1.069698,0.023432,0.000000,0.000000,0.000000,-35.000000,35.000000,35.000000,-35.000000,1
9.098958,1785227243.189373970,car1,-0.513270,1.235172,0.100759,-1.484909,-0.049037,-0.039506,0.000000,0.472961,-0.133426,-0.021336,-1.472522,0.062971,0.000000,0.000000,0.000000,35.000000,-35.000000,-35.000000,35.000000,1
9.098958,1785227243.189373970,car2,1.059022,1.182227,0.085228,-0.824733,0.038294,0.022362,0.000000,0.390038,-0.418322,0.026381,-0.614429,0.044345,0.000000,0.000000,0.000000,-35.000000,35.000000,35.000000,35.000000,1
9.098958,1785227243.189373970,car3,-0.594459,-0.653582,0.123477,-2.487746,0.025631,0.002509,0.000000,1.078590,0.809438,0.195176,-2.125080,0.025753,0.000000,0.000000,0.000000,-36.000621,35.000000,-35.000000,35.000000,1
9.098958,1785227243.189373970,car4,1.175155,-0.642892,0.082365,1.081419,-0.014277,0.015220,0.000000,-0.034528,0.733942,0.186311,1.069698,0.020869,0.000000,0.000000,0.000000,-35.000000,35.000000,35.000000,-35.000000,1
9.300677,1785227243.389454365,car1,-0.513301,1.231541,0.100802,-1.612130,-0.044120,-0.038817,0.000000,0.087701,-0.236841,-0.066150,-1.472522,0.058765,0.000000,0.000000,0.000000,35.000000,35.000000,-35.000000,37.002099,1
9.300677,1785227243.389454365,car2,1.064500,1.178343,0.085509,-0.789901,0.036962,0.022230,0.000000,0.560179,-0.234472,0.459133,-0.614429,0.043132,0.000000,0.000000,0.000000,-35.000000,35.000000,35.000000,35.000000,1
9.300677,1785227243.389454365,car3,-0.582498,-0.653611,0.123882,-1.848735,0.021874,0.005244,0.000000,0.572018,0.631973,-2.145990,-2.125080,0.022493,0.000000,0.000000,0.000000,35.000000,-35.000000,35.000000,-35.000000,1
9.300677,1785227243.389454365,car4,1.175744,-0.635834,0.082507,1.041523,-0.014282,0.011821,0.000000,0.033112,0.553604,-0.016384,1.069698,0.018539,0.000000,0.000000,0.000000,-35.000000,35.000000,35.000000,-35.000000,1
9.502496,1785227243.589432240,car1,-0.504764,1.231057,0.100733,-1.571883,-0.045860,-0.039608,0.000000,0.463705,0.037975,-0.040678,-1.472522,0.060596,0.000000,0.000000,0.000000,35.000000,35.000000,-35.000000,35.115369,1
9.502496,1785227243.589432240,car2,1.065719,1.177377,0.085489,-0.803854,0.036727,0.022474,0.000000,0.171533,0.106354,-0.127957,-0.614429,0.043058,0.000000,0.000000,0.000000,-35.000000,35.000000,35.000000,35.000000,1
9.502496,1785227243.589432240,car3,-0.576761,-0.644128,0.123342,-2.252098,0.022916,0.002713,0.000000,2.855873,4.058519,1.148926,-2.125080,0.023076,0.000000,0.000000,0.000000,-35.000000,35.000000,-35.000000,-35.000000,1
9.502496,1785227243.589432240,car4,1.175981,-0.633601,0.082557,1.033807,-0.013259,0.014959,0.000000,-1.510351,0.801705,0.151913,1.069698,0.019989,0.000000,0.000000,0.000000,-35.000000,35.000000,35.000000,-35.000000,1
9.704250,1785227243.789403915,car1,-0.497445,1.230289,0.100775,-1.502022,-0.044778,-0.040268,0.000000,0.169347,-0.038784,0.047976,-1.472522,0.060221,0.000000,0.000000,0.000000,35.000000,-35.000000,-35.000000,35.000000,1
9.704250,1785227243.789403915,car2,1.066391,1.177135,0.085452,-0.801855,0.036632,0.022352,0.000000,-0.007941,0.019737,-0.015564,-0.614429,0.042913,0.000000,0.000000,0.000000,-35.000000,35.000000,35.000000,35.000000,1
9.704250,1785227243.789403915,car3,-0.563275,-0.638765,0.123001,-2.231183,0.021050,0.001258,0.000000,0.552350,-0.143798,0.034443,-2.125080,0.021087,0.000000,0.000000,0.000000,-35.000000,35.000000,-35.000000,-35.000000,1
9.704250,1785227243.789403915,car4,1.176324,-0.632953,0.082172,1.017683,-0.012393,0.017198,0.000000,-0.188122,0.176873,0.197395,1.069698,0.021198,0.000000,0.000000,0.000000,-35.000000,35.000000,35.000000,-35.000000,1
9.906126,1785227243.989494324,car1,-0.498431,1.228360,0.100650,-1.566238,-0.039762,-0.039897,0.000000,0.315006,0.055826,0.376086,-1.472522,0.056328,0.000000,0.000000,0.000000,35.000000,35.000000,-35.000000,35.000000,1
9.906126,1785227243.989494324,car2,1.067880,1.176316,0.085353,-0.782749,0.036148,0.021851,0.000000,-0.204201,0.050966,-0.275039,-0.614429,0.042239,0.000000,0.000000,0.000000,-35.000000,35.000000,35.000000,35.000000,1
9.906126,1785227243.989494324,car3,-0.549040,-0.630902,0.123054,-1.806699,0.016296,-0.001085,0.000000,4.994982,9.014537,-1.471007,-2.125080,0.016332,0.000000,0.000000,0.000000,35.000000,-35.000000,35.000000,-35.000000,1
9.906126,1785227243.989494324,car4,1.176320,-0.632750,0.082252,1.026152,-0.012326,0.019562,0.000000,1.264502,-0.072885,-1.069387,1.069698,0.023122,0.000000,0.000000,0.000000,-35.000000,35.000000,35.000000,-35.000000,1
10.108726,1785227244.199382782,car1,-0.492783,1.228129,0.100687,-1.511298,-0.039677,-0.040083,0.000000,0.273602,-0.030118,-0.003996,-1.472522,0.056400,0.000000,0.000000,0.000000,35.000000,35.000000,-35.000000,35.000000,1
10.108726,1785227244.199382782,car2,1.069309,1.174683,0.085571,-0.787012,0.036543,0.022473,0.000000,0.026593,-0.156724,-0.018413,-0.614429,0.042900,0.000000,0.000000,0.000000,-35.000000,35.000000,35.000000,35.000000,1
10.108726,1785227244.199382782,car3,-0.544222,-0.622551,0.124084,-2.361523,0.016638,-0.001374,0.000000,2.491310,1.770026,-0.348773,-2.125080,0.016694,0.000000,0.000000,0.000000,-35.000000,35.000000,-35.000000,35.000000,1
10.108726,1785227244.199382782,car4,1.178318,-0.625171,0.082346,0.994654,-0.013161,0.019406,0.000000,1.895915,0.523415,-1.144548,1.069698,0.023448,0.000000,0.000000,0.000000,-35.000000,35.000000,35.000000,35.000000,1
10.310888,1785227244.399320126,car1,-0.489173,1.228531,0.100963,-1.522613,-0.037463,-0.040018,0.000000,0.139835,-0.064273,0.092184,-1.472522,0.054817,0.000000,0.000000,0.000000,35.000000,35.000000,-35.000000,35.000000,1
10.310888,1785227244.399320126,car2,1.070558,1.173980,0.085699,-0.781814,0.037677,0.023048,0.000000,0.230811,0.052786,0.115366,-0.614429,0.044167,0.000000,0.000000,0.000000,-35.000000,35.000000,35.000000,35.000000,1
10.310888,1785227244.399320126,car3,-0.535877,-0.622215,0.123787,-2.206844,0.015111,0.000668,0.000000,1.602242,-0.270248,-0.092826,-2.125080,0.015126,0.000000,0.000000,0.000000,-35.000000,35.000000,-35.000000,-35.000000,1
10.310888,1785227244.399320126,car4,1.182600,-0.619206,0.082736,1.049776,-0.015084,0.016672,0.000000,0.483453,0.608502,-0.123733,1.069698,0.022483,0.000000,0.000000,0.000000,-35.000000,35.000000,35.000000,-35.000000,1
10.512557,1785227244.599345922,car1,-0.488574,1.228459,0.100766,-1.516479,-0.034581,-0.040248,0.000000,0.050614,0.003020,-0.148967,-1.472522,0.053063,0.000000,0.000000,0.000000,35.000000,35.000000,-35.000000,35.000000,1
10.512557,1785227244.599345922,car2,1.070669,1.174032,0.085599,-0.785533,0.037067,0.022937,0.000000,-0.019899,0.201422,-0.132114,-0.614429,0.043590,0.000000,0.000000,0.000000,-35.000000,35.000000,35.000000,35.000000,1
10.512557,1785227244.599345922,car3,-0.525703,-0.618804,0.122986,-1.801059,0.000000,0.000000,0.000000,4.113673,8.776506,-4.172777,-2.125080,0.000000,0.000000,0.000000,0.000000,35.000000,-35.000000,35.000000,-35.000000,1
10.512557,1785227244.599345922,car4,1.180720,-0.617438,0.082784,0.984385,-0.014351,0.017410,0.000000,-0.387099,0.654429,0.117666,1.069698,0.022562,0.000000,0.000000,0.000000,-35.000000,35.000000,35.000000,35.000000,1
10.714570,1785227244.799378395,car1,-0.488562,1.228421,0.100676,-1.514498,-0.032426,-0.039592,0.000000,0.315833,0.106699,0.187114,-1.472522,0.051176,0.000000,0.000000,0.000000,35.000000,35.000000,-35.000000,35.000000,1
10.714570,1785227244.799378395,car2,1.071049,1.173613,0.085669,-0.790436,0.038126,0.023199,0.000000,-0.242331,-0.333834,0.721540,-0.614429,0.044629,0.000000,0.000000,0.000000,-35.000000,35.000000,35.000000,35.000000,1
10.714570,1785227244.799378395,car3,-0.522043,-0.612092,0.122195,-2.427716,0.000000,0.000000,0.000000,2.947584,0.439570,-1.805750,-2.125080,0.000000,0.000000,0.000000,0.000000,-35.000000,35.000000,-35.000000,35.000000,1
10.714570,1785227244.799378395,car4,1.184013,-0.612387,0.082950,0.976272,-0.016509,0.016961,0.000000,2.511604,2.734857,-1.385383,1.069698,0.023669,0.000000,0.000000,0.000000,-35.000000,35.000000,35.000000,35.000000,1
10.916281,1785227244.999490261,car1,-0.488553,1.228454,0.100887,-1.512008,-0.030565,-0.038965,0.000000,-0.312700,-0.322546,0.431774,-1.472522,0.049522,0.000000,0.000000,0.000000,35.000000,35.000000,-35.000000,35.000000,1
10.916281,1785227244.999490261,car2,1.071282,1.173712,0.085507,-0.799453,0.038843,0.023257,0.000000,1.008729,-0.084088,-0.432643,-0.614429,0.045273,0.000000,0.000000,0.000000,-35.000000,35.000000,35.000000,35.000000,1
10.916281,1785227244.999490261,car3,-0.518681,-0.611884,0.122254,-2.282211,0.000000,0.000000,0.000000,5.492115,-4.465320,1.873703,-2.125080,0.000000,0.000000,0.000000,0.000000,-35.000000,35.000000,-35.000000,35.000000,1
10.916281,1785227244.999490261,car4,1.186207,-0.608175,0.082909,0.952616,-0.018066,0.014783,0.000000,5.858546,12.547248,0.715849,1.069698,0.023343,0.000000,0.000000,0.000000,-35.000000,35.000000,35.000000,35.000000,1
11.119053,1785227245.209450722,car1,-0.488454,1.228556,0.100774,-1.515609,-0.028021,-0.038574,0.000000,0.002679,0.046749,0.063224,-1.472522,0.047677,0.000000,0.000000,0.000000,35.000000,35.000000,-35.000000,35.000000,1
11.119053,1785227245.209450722,car2,1.071398,1.173399,0.085580,-0.806239,0.040050,0.023560,0.000000,0.258542,0.056399,-0.165011,-0.614429,0.046466,0.000000,0.000000,0.000000,-35.000000,35.000000,35.000000,35.000000,1
11.119053,1785227245.209450722,car3,-0.512955,-0.613043,0.122666,-1.990741,0.000000,0.000000,0.000000,-0.014036,1.510739,0.551574,-2.125080,0.000000,0.000000,0.000000,0.000000,35.000000,-35.000000,35.000000,-35.000000,1
11.119053,1785227245.209450722,car4,1.189853,-0.605736,0.082604,1.006317,-0.020062,0.012707,0.000000,1.108014,-0.451045,-0.598527,1.069698,0.023748,0.000000,0.000000,0.000000,-35.000000,35.000000,35.000000,-35.000000,1
11.320724,1785227245.409511089,car1,-0.488485,1.228612,0.100638,-1.511687,-0.026470,-0.039054,0.000000,-0.036017,0.135088,-0.042585,-1.472522,0.047179,0.000000,0.000000,0.000000,35.000000,35.000000,35.000000,35.000000,1
11.320724,1785227245.409511089,car2,1.071305,1.173451,0.085629,-0.806679,0.038997,0.023433,0.000000,-1.024340,-0.331125,1.344893,-0.614429,0.045496,0.000000,0.000000,0.000000,-35.000000,35.000000,35.000000,35.000000,1
11.320724,1785227245.409511089,car3,-0.506556,-0.610656,0.123329,-2.381175,0.000000,0.000000,0.000000,6.198035,-0.215958,1.876251,-2.125080,0.000000,0.000000,0.000000,0.000000,-35.000000,35.000000,-35.000000,35.000000,1
11.320724,1785227245.409511089,car4,1.186531,-0.606152,0.082772,0.968765,-0.018481,0.014251,0.000000,-0.502169,-2.321670,1.193232,1.069698,0.023337,0.000000,0.000000,0.000000,-35.000000,35.000000,35.000000,-35.000000,1
11.522434,1785227245.609400511,car1,-0.485534,1.229084,0.100578,-1.521712,-0.027105,-0.039573,0.000000,0.052536,0.009629,0.014864,-1.472522,0.047966,0.000000,0.000000,0.000000,35.000000,35.000000,-35.000000,35.000000,1
11.522434,1785227245.609400511,car2,1.071495,1.173298,0.085616,-0.812554,0.039309,0.023741,0.000000,0.037295,-0.074401,-0.041325,-0.614429,0.045922,0.000000,0.000000,0.000000,-35.000000,35.000000,35.000000,35.000000,1
11.522434,1785227245.609400511,car3,-0.504580,-0.613169,0.122558,-1.871258,0.000000,0.000000,0.000000,0.345683,-0.145409,0.084794,-2.125080,0.000000,0.000000,0.000000,0.000000,35.000000,-35.000000,35.000000,-35.000000,1
11.522434,1785227245.609400511,car4,1.187631,-0.606254,0.082926,1.012418,-0.018455,0.013629,0.000000,-0.035620,-0.043476,0.052453,1.069698,0.022943,0.000000,0.000000,0.000000,-35.000000,35.000000,35.000000,-35.000000,1
11.724198,1785227245.809358597,car1,-0.481162,1.229401,0.100834,-1.491393,-0.029400,-0.040534,0.000000,0.562508,0.246788,0.038838,-1.472522,0.050073,0.000000,0.000000,0.000000,35.000000,35.000000,35.000000,35.000000,1
11.724198,1785227245.809358597,car2,1.071547,1.173327,0.085604,-0.813908,0.038691,0.023833,0.000000,-0.396475,-0.412219,0.448714,-0.614429,0.045442,0.000000,0.000000,0.000000,-35.000000,35.000000,35.000000,35.000000,1
11.724198,1785227245.809358597,car3,-0.504140,-0.612163,0.121684,-2.243366,0.000000,0.000000,0.000000,7.007722,0.194524,5.507591,-2.125080,0.000000,0.000000,0.000000,0.000000,-35.000000,35.000000,-35.000000,35.000000,1
11.724198,1785227245.809358597,car4,1.185831,-0.607624,0.082808,1.010563,-0.016757,0.015427,0.000000,-1.009266,0.289431,-1.413233,1.069698,0.022778,0.000000,0.000000,0.000000,-35.000000,35.000000,35.000000,-35.000000,1
11.926228,1785227245.999473810,car1,-0.468490,1.230767,0.100352,-1.535125,-0.034335,-0.042274,0.000000,3.003563,0.225574,-0.139661,-1.472522,0.054461,0.000000,0.000000,0.000000,35.000000,35.000000,-35.000000,35.000000,1
11.926228,1785227245.999473810,car2,1.071501,1.173477,0.085457,-0.814916,0.038605,0.024456,0.000000,-0.138031,0.691795,-0.098411,-0.614429,0.045699,0.000000,0.000000,0.000000,-35.000000,35.000000,35.000000,35.000000,1
11.926228,1785227245.999473810,car3,-0.502020,-0.613782,0.121975,-2.262580,0.000000,0.000000,0.000000,-6.014164,-4.711799,2.025723,-2.125080,0.000000,0.000000,0.000000,0.000000,-35.000000,35.000000,-35.000000,35.000000,1
11.926228,1785227245.999473810,car4,1.185202,-0.604464,0.082685,0.920000,-0.014998,0.015077,0.000000,3.019750,2.757269,-0.178614,1.069698,0.021266,0.000000,0.000000,0.000000,-35.000000,35.000000,-35.000000,35.000000,1
12.128489,1785227246.219556808,car1,-0.454067,1.231374,0.100559,-1.554143,-0.039547,-0.044146,0.000000,1.017878,-0.111911,0.369583,-1.472522,0.059269,0.000000,0.000000,0.000000,35.000000,35.000000,-35.000000,35.000000,1
12.128489,1785227246.219556808,car2,1.071487,1.173431,0.085529,-0.815878,0.039657,0.025037,0.000000,-0.127468,-0.040962,-0.007119,-0.614429,0.046900,0.000000,0.000000,0.000000,-35.000000,35.000000,35.000000,35.000000,1
12.128489,1785227246.219556808,car3,-0.497637,-0.613792,0.121956,-1.992568,0.000000,0.000000,0.000000,-0.565769,-0.093729,-0.280541,-2.125080,0.000000,0.000000,0.000000,0.000000,35.000000,-35.000000,35.000000,-35.000000,1
12.128489,1785227246.219556808,car4,1.188607,-0.608393,0.082831,1.105466,-0.013934,0.018028,0.000000,0.469650,-1.198555,0.104740,1.069698,0.022785,0.000000,0.000000,0.000000,-35.000000,35.000000,35.000000,-35.000000,1
12.330338,1785227246.419363022,car1,-0.442810,1.233381,0.099971,-1.579940,-0.043238,-0.046396,0.000000,0.474751,-0.051265,0.037311,-1.472522,0.063420,0.000000,0.000000,0.000000,35.000000,35.000000,-35.000000,37.028204,1
12.330338,1785227246.419363022,car2,1.071514,1.173296,0.085579,-0.815309,0.038946,0.025936,0.000000,-0.098257,0.121800,0.129820,-0.614429,0.046792,0.000000,0.000000,0.000000,-35.000000,35.000000,35.000000,35.000000,1
12.330338,1785227246.419363022,car3,-0.492240,-0.612595,0.121889,-2.418585,0.016023,0.001953,0.000000,1.430506,0.039365,0.123245,-2.125080,0.016142,0.000000,0.000000,0.000000,-35.000000,35.000000,-35.000000,35.000000,1
12.330338,1785227246.419363022,car4,1.186058,-0.605923,0.082449,0.975060,-0.011224,0.019180,0.000000,0.580492,0.481789,-0.911723,1.069698,0.022222,0.000000,0.000000,0.000000,-35.000000,35.000000,35.000000,35.000000,1
12.531827,1785227246.619333267,car1,-0.432989,1.233835,0.099845,-1.610885,-0.045024,-0.047034,0.000000,0.310885,0.031601,0.062395,-1.472522,0.065111,0.000000,0.000000,0.000000,35.000000,35.000000,-35.000000,39.859011,1
12.531827,1785227246.619333267,car2,1.071587,1.173351,0.085544,-0.811580,0.039988,0.026366,0.000000,-0.066308,-0.073588,0.110531,-0.614429,0.047898,0.000000,0.000000,0.000000,-35.000000,35.000000,35.000000,35.000000,1
12.531827,1785227246.619333267,car3,-0.486434,-0.617018,0.122339,-1.812899,0.017237,0.004696,0.000000,1.086875,-0.269650,0.092680,-2.125080,0.017865,0.000000,0.000000,0.000000,35.000000,-35.000000,35.000000,-35.000000,1
12.531827,1785227246.619333267,car4,1.189069,-0.602484,0.082413,0.995748,-0.011643,0.016707,0.000000,0.461933,0.349302,-0.312278,1.069698,0.020363,0.000000,0.000000,0.000000,-35.000000,35.000000,35.000000,35.000000,1
12.734267,1785227246.819417238,car1,-0.421158,1.233799,0.099998,-1.672980,-0.048214,-0.048157,0.000000,1.837436,-0.175659,-0.145024,-1.472522,0.068145,0.000000,0.000000,0.000000,35.000000,35.000000,-35.000000,45.321985,1
12.734267,1785227246.819417238,car2,1.071511,1.173425,0.085558,-0.815425,0.040172,0.026531,0.000000,-0.249405,-0.807752,0.504865,-0.614429,0.048143,0.000000,0.000000,0.000000,-35.000000,35.000000,35.000000,35.000000,1
12.734267,1785227246.819417238,car3,-0.480090,-0.616064,0.122703,-2.087296,0.019013,0.004468,0.000000,9.066499,8.452307,-0.525040,-2.125080,0.019531,0.000000,0.000000,0.000000,-35.000000,-35.000000,35.000000,-35.000000,1
12.734267,1785227246.819417238,car4,1.189498,-0.601913,0.082291,1.002370,-0.010244,0.018021,0.000000,3.353134,-1.738190,-2.395220,1.069698,0.020729,0.000000,0.000000,0.000000,-35.000000,35.000000,35.000000,35.000000,1
12.936044,1785227247.019393921,car1,-0.410501,1.232658,0.099748,-1.680044,-0.048934,-0.048924,0.000000,2.639364,-0.518108,-0.209383,-1.472522,0.069196,0.000000,0.000000,0.000000,35.000000,35.000000,-35.000000,46.260208,1
12.936044,1785227247.019393921,car2,1.071615,1.173513,0.085510,-0.815138,0.040052,0.026203,0.000000,-0.159423,0.659049,0.379198,-0.614429,0.047861,0.000000,0.000000,0.000000,-35.000000,35.000000,35.000000,35.000000,1
12.936044,1785227247.019393921,car3,-0.467199,-0.609836,0.121546,-2.346204,0.018399,0.002286,0.000000,13.593091,8.486652,-3.060450,-2.125080,0.018540,0.000000,0.000000,0.000000,-35.000000,35.000000,-35.000000,35.000000,1
12.936044,1785227247.019393921,car4,1.189304,-0.601946,0.082448,1.008648,-0.008715,0.021353,0.000000,-1.885011,-2.317096,0.439252,1.069698,0.023063,0.000000,0.000000,0.000000,-35.000000,35.000000,35.000000,35.000000,1
13.138395,1785227247.229456186,car1,-0.392250,1.228632,0.098991,-1.536149,-0.052602,-0.048941,0.000000,2.252928,-0.962936,-0.206923,-1.472522,0.071849,0.000000,0.000000,0.000000,35.000000,35.000000,-35.000000,38.027021,1
13.138395,1785227247.229456186,car2,1.071561,1.173621,0.085387,-0.814448,0.040036,0.024851,0.000000,0.795002,0.636519,-0.428575,-0.614429,0.047122,0.000000,0.000000,0.000000,-35.000000,35.000000,35.000000,35.000000,1
13.138395,1785227247.229456186,car3,-0.454340,-0.607702,0.122539,-1.839858,0.020212,0.001424,0.000000,11.855139,10.427587,-1.801089,-2.125080,0.020262,0.000000,0.000000,0.000000,35.000000,-35.000000,35.000000,-35.000000,1
13.138395,1785227247.229456186,car4,1.189484,-0.601914,0.082364,1.008964,-0.006629,0.023704,0.000000,-0.267991,-0.509906,1.421401,1.069698,0.024614,0.000000,0.000000,0.000000,-35.000000,35.000000,35.000000,35.000000,1
13.340977,1785227247.429542780,car1,-0.370844,1.225499,0.098909,-1.345580,-0.060202,-0.049408,0.000000,1.376700,-0.624796,-0.124241,-1.472522,0.077881,0.000000,0.000000,0.000000,43.273404,-35.000000,-35.000000,35.000000,1
13.340977,1785227247.429542780,car2,1.071555,1.173595,0.085497,-0.814959,0.039924,0.023909,0.000000,0.140886,0.329072,-0.324283,-0.614429,0.046535,0.000000,0.000000,0.000000,-35.000000,35.000000,35.000000,35.000000,1
13.340977,1785227247.429542780,car3,-0.448847,-0.598744,0.121451,-2.300747,0.025516,-0.002240,0.000000,10.373880,9.367933,0.595896,-2.125080,0.025615,0.000000,0.000000,0.000000,-35.000000,35.000000,-35.000000,-35.000000,1
13.340977,1785227247.429542780,car4,1.189308,-0.601892,0.082602,1.009766,-0.003712,0.029031,0.000000,-2.415019,0.875014,3.535720,1.069698,0.029267,0.000000,0.000000,0.000000,-35.000000,35.000000,35.000000,35.000000,1
13.542845,1785227247.629487753,car1,-0.365083,1.216764,0.098277,-1.570363,-0.058451,-0.046033,0.000000,0.306625,-0.655889,-0.002646,-1.472522,0.074401,0.000000,0.000000,0.000000,35.000000,35.000000,-35.000000,41.349018,1
13.542845,1785227247.629487753,car2,1.071624,1.173609,0.085443,-0.813503,0.039732,0.020413,0.000000,0.232344,-0.603572,-0.235975,-0.614429,0.044669,0.000000,0.000000,0.000000,-35.000000,35.000000,35.000000,35.000000,1
13.542845,1785227247.629487753,car3,-0.438151,-0.597267,0.120252,-2.260884,0.024048,-0.002648,0.000000,-15.458877,-8.460939,-10.124207,-2.125080,0.024193,0.000000,0.000000,0.000000,-35.000000,35.000000,-35.000000,-35.000000,1
13.542845,1785227247.629487753,car4,1.189384,-0.601836,0.082401,1.011899,-0.003992,0.029352,0.000000,-0.304735,0.044040,-0.635247,1.069698,0.029622,0.000000,0.000000,0.000000,-35.000000,35.000000,35.000000,35.000000,1
13.744744,1785227247.829479218,car1,-0.356829,1.210703,0.098265,-1.676677,-0.056763,-0.044244,0.000000,2.224983,-0.352007,0.411255,-1.472522,0.071970,0.000000,0.000000,0.000000,35.000000,35.000000,-35.000000,47.531984,1
13.744744,1785227247.829479218,car2,1.071511,1.173618,0.085458,-0.816225,0.039697,0.018021,0.000000,-0.750317,0.015287,0.318683,-0.614429,0.043596,0.000000,0.000000,0.000000,-35.000000,35.000000,35.000000,35.000000,1
13.744744,1785227247.829479218,car3,-0.422760,-0.589431,0.121452,-1.820286,0.021851,-0.005412,0.000000,5.722264,14.589460,0.164053,-2.125080,0.022511,0.000000,0.000000,0.000000,35.000000,-35.000000,35.000000,-35.000000,1
13.744744,1785227247.829479218,car4,1.189515,-0.601854,0.082362,1.008454,-0.003582,0.032563,0.000000,4.006755,-1.413128,-0.827528,1.069698,0.032760,0.000000,0.000000,0.000000,-35.000000,35.000000,35.000000,35.000000,1
13.946497,1785227248.029546738,car1,-0.330414,1.205339,0.098012,-1.410682,-0.067631,-0.043758,0.000000,2.915715,-0.589777,0.229413,-1.472522,0.080553,0.000000,0.000000,0.000000,39.508696,-35.000000,-35.000000,35.000000,1
13.946497,1785227248.029546738,car2,1.071570,1.173417,0.085495,-0.813647,0.039526,0.016121,0.000000,-0.097105,-0.128831,-0.107084,-0.614429,0.042687,0.000000,0.000000,0.000000,-35.000000,35.000000,35.000000,35.000000,1
13.946497,1785227248.029546738,car3,-0.420862,-0.582574,0.120750,-2.461801,0.030031,-0.008683,0.000000,0.938542,1.573108,0.232722,-2.125080,0.031261,0.000000,0.000000,0.000000,-36.957546,35.000000,-35.000000,35.000000,1
13.946497,1785227248.029546738,car4,1.189273,-0.601892,0.082521,1.011525,0.000023,0.037537,0.000000,0.080507,-0.388924,0.088167,1.069698,0.037537,0.000000,0.000000,0.000000,35.000000,35.000000,35.000000,35.000000,1
14.148758,1785227248.239602566,car1,-0.317038,1.199579,0.097223,-1.532838,-0.070610,-0.041412,0.000000,2.209195,-1.878717,-0.639560,-1.472522,0.081858,0.000000,0.000000,0.000000,35.000000,-35.000000,-35.000000,40.965548,1
14.148758,1785227248.239602566,car2,1.071550,1.173479,0.085539,-0.817695,0.040736,0.013939,0.000000,-0.224113,-1.072319,0.591619,-0.614429,0.043055,0.000000,0.000000,0.000000,-35.000000,35.000000,35.000000,35.000000,1
14.148758,1785227248.239602566,car3,-0.415967,-0.587014,0.119909,-2.276608,0.032887,-0.006444,0.000000,-25.502936,-8.488384,-16.491619,-2.125080,0.033513,0.000000,0.000000,0.000000,-35.000000,35.000000,-35.000000,-35.000000,1
14.148758,1785227248.239602566,car4,1.193075,-0.599482,0.082876,0.927597,-0.000916,0.035163,0.000000,8.612343,8.860068,8.196526,1.069698,0.035175,0.000000,0.000000,0.000000,-35.000000,35.000000,35.000000,35.000000,1
14.350315,1785227248.439555407,car1,-0.316381,1.193226,0.096858,-1.712491,-0.063791,-0.038382,0.000000,0.133590,-0.096375,-0.039635,-1.472522,0.074447,0.000000,0.000000,0.000000,35.000000,35.000000,-35.000000,50.910313,1
14.350315,1785227248.439555407,car2,1.071529,1.173662,0.085443,-0.816359,0.041469,0.011265,0.000000,0.057091,-0.050553,-0.357373,-0.614429,0.042972,0.000000,0.000000,0.000000,-35.000000,35.000000,35.000000,35.000000,1
14.350315,1785227248.439555407,car3,-0.397497,-0.581937,0.121454,-1.740891,0.027204,-0.006236,0.000000,8.634496,12.161072,-2.497016,-2.125080,0.027910,0.000000,0.000000,0.000000,35.000000,-35.000000,35.415144,-35.000000,1
14.350315,1785227248.439555407,car4,1.195264,-0.595241,0.082922,0.891283,-0.003398,0.034246,0.000000,0.319153,-0.196259,0.401532,1.069698,0.034415,0.000000,0.000000,0.000000,-35.000000,35.000000,35.000000,35.000000,1
14.552149,1785227248.639674187,car1,-0.304699,1.190349,0.097366,-1.590533,-0.067257,-0.038011,0.000000,16.619802,-3.935000,1.639833,-1.472522,0.077255,0.000000,0.000000,0.000000,35.000000,-35.000000,-35.000000,43.142500,1
14.552149,1785227248.639674187,car2,1.071609,1.173402,0.085567,-0.817533,0.041477,0.010212,0.000000,-0.132100,-1.183552,0.186195,-0.614429,0.042716,0.000000,0.000000,0.000000,-35.000000,35.000000,35.000000,35.000000,1
14.552149,1785227248.639674187,car3,-0.392216,-0.572849,0.120978,-2.349188,0.029439,-0.009785,0.000000,16.208139,14.555727,-1.156820,-2.125080,0.031023,0.000000,0.000000,0.000000,-35.000000,35.000000,-35.000000,35.000000,1
14.552149,1785227248.639674187,car4,1.195402,-0.594977,0.083023,0.891124,-0.001934,0.038509,0.000000,3.127321,0.175754,-3.472651,1.069698,0.038557,0.000000,0.000000,0.000000,-35.000000,35.000000,35.000000,35.000000,1
14.753788,1785227248.839433670,car1,-0.288655,1.182276,0.096622,-1.519152,-0.069757,-0.035491,0.000000,0.752286,-0.294110,-0.419825,-1.472522,0.078266,0.000000,0.000000,0.000000,35.000000,-35.000000,-35.000000,37.554866,1
14.753788,1785227248.839433670,car2,1.071591,1.173415,0.085529,-0.816871,0.041471,0.006776,0.000000,-0.589377,-1.197438,0.015292,-0.614429,0.042021,0.000000,0.000000,0.000000,-35.000000,35.000000,35.000000,35.000000,1
14.753788,1785227248.839433670,car3,-0.379215,-0.568982,0.120534,-2.318165,0.030606,-0.011413,0.000000,6.108717,-0.115991,0.066891,-2.125080,0.032664,0.000000,0.000000,0.000000,-35.000000,35.000000,-35.000000,-35.000000,1
14.753788,1785227248.839433670,car4,1.195518,-0.594916,0.083085,0.890729,-0.000466,0.040989,0.000000,4.000954,3.340530,6.790852,1.069698,0.040991,0.000000,0.000000,0.000000,-35.000000,35.000000,35.000000,35.000000,1
14.955694,1785227249.039366961,car1,-0.282661,1.172732,0.096540,-1.698757,-0.067624,-0.031508,0.000000,0.501674,-0.838224,-0.034953,-1.472522,0.074604,0.000000,0.000000,0.000000,35.000000,35.000000,-35.000000,49.392494,1
14.955694,1785227249.039366961,car2,1.071656,1.173425,0.085476,-0.815455,0.041425,0.002597,0.000000,0.901682,-0.834802,-0.994219,-0.614429,0.041506,0.000000,0.000000,0.000000,-35.000000,35.000000,35.000000,35.000000,1
14.955694,1785227249.039366961,car3,-0.366493,-0.566526,0.121502,-1.719144,0.028507,-0.012235,0.000000,8.499824,6.410842,-0.060720,-2.125080,0.031022,0.000000,0.000000,0.000000,35.000000,-35.000000,39.692263,-35.000000,1
14.955694,1785227249.039366961,car4,1.195491,-0.594932,0.082926,0.893123,-0.000714,0.041779,0.000000,1.057651,0.392090,-1.207654,1.069698,0.041785,0.000000,0.000000,0.000000,-35.000000,35.000000,35.000000,35.000000,1
15.158311,1785227249.249487162,car1,-0.268951,1.166643,0.096334,-1.582764,-0.071269,-0.029488,0.000000,1.608628,-0.403692,-0.082433,-1.472522,0.077129,0.000000,0.000000,0.000000,35.000000,-35.000000,-35.000000,41.099548,1
15.158311,1785227249.249487162,car2,1.071628,1.173436,0.085453,-0.814520,0.041490,-0.000104,0.000000,-0.118998,0.025447,-0.228253,-0.614429,0.041490,0.000000,0.000000,0.000000,-35.000000,35.000000,35.000000,35.000000,1
15.158311,1785227249.249487162,car3,-0.359647,-0.564003,0.121165,-2.061816,0.030930,-0.013487,0.000000,-1.321967,0.449113,-0.519938,-2.125080,0.033743,0.000000,0.000000,0.000000,-35.000000,35.000000,35.000000,-35.000000,1
15.158311,1785227249.249487162,car4,1.195614,-0.594930,0.082863,0.891572,0.000664,0.043703,0.000000,0.242368,-1.108835,0.143893,1.069698,0.043708,0.000000,0.000000,0.000000,-35.000000,35.000000,35.000000,35.000000,1
15.360058,1785227249.449440241,car1,-0.252458,1.160102,0.096561,-1.502711,-0.076703,-0.027300,0.000000,-0.244124,0.285103,-0.195791,-1.472522,0.081416,0.000000,0.000000,0.000000,35.000000,-35.000000,-35.000000,35.479542,1
15.360058,1785227249.449440241,car2,1.071711,1.173441,0.085426,-0.818408,0.041420,-0.003096,0.000000,0.093778,0.094338,0.160924,-0.614429,0.041536,0.000000,0.000000,0.000000,-35.000000,35.000000,35.000000,35.000000,1
15.360058,1785227249.449440241,car3,-0.354765,-0.570939,0.121215,-2.349165,0.034938,-0.011320,0.000000,2.319704,-1.737614,1.010807,-2.125080,0.036726,0.000000,0.000000,0.000000,-35.000000,35.000000,-35.000000,-35.000000,1
15.360058,1785227249.449440241,car4,1.195357,-0.595007,0.082986,0.889819,0.002575,0.042442,0.000000,0.555253,0.284183,-0.170265,1.069698,0.042520,0.000000,0.000000,0.000000,-35.000000,35.000000,35.000000,35.000000,1
15.561803,1785227249.649420023,car1,-0.253229,1.156648,0.096352,-1.625883,-0.071459,-0.026042,0.000000,-0.100061,-0.090208,0.157902,-1.472522,0.076056,0.000000,0.000000,0.000000,35.000000,-35.000000,-35.000000,43.508760,1
15.561803,1785227249.649420023,car2,1.071770,1.173476,0.085356,-0.816325,0.041484,-0.004652,0.000000,0.101491,0.025870,-0.161290,-0.614429,0.041744,0.000000,0.000000,0.000000,-35.000000,35.000000,35.000000,35.000000,1
15.561803,1785227249.649420023,car3,-0.340167,-0.569963,0.122400,-2.021074,0.029813,-0.011228,0.000000,11.878206,3.002651,5.006485,-2.125080,0.031857,0.000000,0.000000,0.000000,-35.000000,35.000000,35.000000,-35.000000,1
15.561803,1785227249.649420023,car4,1.195514,-0.594982,0.082879,0.892318,0.001924,0.042463,0.000000,1.331882,-0.361298,-2.486752,1.069698,0.042506,0.000000,0.000000,0.000000,-35.000000,35.000000,35.000000,35.000000,1
15.763285,1785227249.849390984,car1,-0.252980,1.156617,0.096295,-1.633522,-0.067250,-0.026562,0.000000,-0.009932,-0.052411,0.018758,-1.472522,0.072306,0.000000,0.000000,0.000000,35.000000,-35.000000,-35.000000,42.792776,1
15.763285,1785227249.849390984,car2,1.071778,1.173492,0.085438,-0.820874,0.041458,-0.004678,0.000000,-0.041278,0.186692,0.233215,-0.614429,0.041721,0.000000,0.000000,0.000000,-35.000000,35.000000,35.000000,35.000000,1
15.763285,1785227249.849390984,car3,-0.326286,-0.564709,0.121625,-2.138979,0.025159,-0.012992,0.000000,1.234335,3.505948,-0.059603,-2.125080,0.028315,0.000000,0.000000,0.000000,-35.000000,35.000000,35.000000,-35.000000,1
15.763285,1785227249.849390984,car4,1.195448,-0.595058,0.082990,0.897731,0.002086,0.044628,0.000000,1.737230,0.266895,-1.495255,1.069698,0.044677,0.000000,0.000000,0.000000,-35.000000,35.000000,35.000000,35.000000,1
15.964850,1785227250.049419403,car1,-0.253053,1.156613,0.096340,-1.631382,-0.063187,-0.026952,0.000000,-0.741605,-0.407028,-0.256656,-1.472522,0.068695,0.000000,0.000000,0.000000,35.000000,35.000000,-35.000000,41.313234,1
15.964850,1785227250.049419403,car2,1.071757,1.173486,0.085383,-0.818274,0.041464,-0.004676,0.000000,-0.093280,0.668555,-0.097404,-0.614429,0.041727,0.000000,0.000000,0.000000,-35.000000,35.000000,35.000000,35.000000,1
15.964850,1785227250.049419403,car3,-0.313664,-0.559727,0.121460,-2.273496,0.020764,-0.014685,0.000000,17.962823,10.176588,-0.331387,-2.125080,0.025432,0.000000,0.000000,0.000000,-35.000000,35.000000,-35.000000,35.000000,1
15.964850,1785227250.049419403,car4,1.195435,-0.594930,0.083099,0.893085,0.002137,0.046568,0.000000,-0.708224,-2.223594,-1.172522,1.069698,0.046617,0.000000,0.000000,0.000000,-35.000000,35.000000,35.000000,35.000000,1
16.166682,1785227250.249371767,car1,-0.247950,1.156182,0.096223,-1.557233,-0.061479,-0.027383,0.000000,0.956260,-0.024890,0.034607,-1.472522,0.067301,0.000000,0.000000,0.000000,35.000000,-35.000000,-35.000000,35.111244,1
16.166682,1785227250.249371767,car2,1.071696,1.173649,0.085316,-0.820473,0.041485,-0.004971,0.000000,-0.559876,-0.269450,0.888932,-0.614429,0.041781,0.000000,0.000000,0.000000,-35.000000,35.000000,35.000000,35.000000,1
16.166682,1785227250.249371767,car3,-0.301209,-0.565900,0.121795,-1.821821,0.018267,-0.012153,0.000000,7.478237,-0.864034,-2.106657,-2.125080,0.021940,0.000000,0.000000,0.000000,35.000000,-35.000000,35.000000,-35.000000,1
16.166682,1785227250.249371767,car4,1.195425,-0.594874,0.082978,0.891190,0.002810,0.044787,0.000000,-1.362248,-0.356415,-0.151221,1.069698,0.044875,0.000000,0.000000,0.000000,-35.000000,35.000000,35.000000,35.000000,1
16.369418,1785227250.459410191,car1,-0.248425,1.155907,0.096069,-1.641558,-0.059422,-0.027306,0.000000,0.265645,-0.022747,-0.214733,-1.472522,0.065395,0.000000,0.000000,0.000000,35.000000,35.000000,-35.000000,40.862850,1
16.369418,1785227250.459410191,car2,1.071708,1.173701,0.085453,-0.819550,0.041542,-0.005107,0.000000,-0.087579,-1.529703,0.245998,-0.614429,0.041855,0.000000,0.000000,0.000000,-35.000000,35.000000,35.000000,35.000000,1
16.369418,1785227250.459410191,car3,-0.295630,-0.561624,0.121323,-2.287778,0.016140,-0.013820,0.000000,6.799590,9.831748,1.143035,-2.125080,0.021248,0.000000,0.000000,0.000000,-35.000000,35.000000,-35.000000,35.000000,1
16.369418,1785227250.459410191,car4,1.195612,-0.594947,0.082961,0.892368,0.002688,0.046418,0.000000,-4.173833,0.760773,4.668640,1.069698,0.046496,0.000000,0.000000,0.000000,-35.000000,35.000000,35.000000,35.000000,1
16.571180,1785227250.659511566,car1,-0.243883,1.155667,0.096156,-1.545369,-0.059903,-0.027708,0.000000,0.325725,-0.319420,0.045461,-1.472522,0.066000,0.000000,0.000000,0.000000,35.000000,-35.000000,-35.000000,35.000000,1
16.571180,1785227250.659511566,car2,1.071691,1.173621,0.085389,-0.821066,0.041525,-0.005210,0.000000,0.810084,-0.254134,-0.177114,-0.614429,0.041851,0.000000,0.000000,0.000000,-35.000000,35.000000,35.000000,35.000000,1
16.571180,1785227250.659511566,car3,-0.290557,-0.567992,0.121052,-2.310258,0.016004,-0.011329,0.000000,-1.278798,-4.049635,-0.362001,-2.125080,0.019607,0.000000,0.000000,0.000000,-35.000000,35.000000,-35.000000,35.000000,1
16.571180,1785227250.659511566,car4,1.195535,-0.595028,0.082936,0.894689,0.003363,0.044509,0.000000,0.222543,0.555170,-0.043559,1.069698,0.044636,0.000000,0.000000,0.000000,-35.000000,35.000000,35.000000,35.000000,1
16.773260,1785227250.859465122,car1,-0.244358,1.150785,0.095916,-1.684750,-0.057087,-0.025231,0.000000,0.044077,-0.232116,-0.049522,-1.472522,0.062414,0.000000,0.000000,0.000000,35.000000,35.000000,-35.000000,42.617185,1
16.773260,1785227250.859465122,car2,1.071633,1.173594,0.085489,-0.817070,0.041610,-0.007393,0.000000,-0.117669,0.016486,-0.019423,-0.614429,0.042262,0.000000,0.000000,0.000000,-35.000000,35.000000,35.000000,35.000000,1
16.773260,1785227250.859465122,car3,-0.284365,-0.576227,0.119927,-1.909385,0.013776,-0.007944,0.000000,2.392382,-0.220318,0.271320,-2.125080,0.015903,0.000000,0.000000,0.000000,35.000000,-35.000000,35.000000,-35.000000,1
16.773260,1785227250.859465122,car4,1.195552,-0.595056,0.082716,0.895823,0.002488,0.040825,0.000000,0.226368,0.050345,-0.417875,1.069698,0.040901,0.000000,0.000000,0.000000,-35.000000,35.000000,35.000000,35.000000,1
16.975014,1785227251.059496403,car1,-0.236580,1.150857,0.096308,-1.580140,-0.059969,-0.025969,0.000000,2.394444,-0.237259,-0.434590,-1.472522,0.065350,0.000000,0.000000,0.000000,35.000000,-35.000000,-35.000000,35.925013,1
16.975014,1785227251.059496403,car2,1.071556,1.173491,0.085562,-0.817770,0.041659,-0.007369,0.000000,0.470806,0.198155,0.417501,-0.614429,0.042306,0.000000,0.000000,0.000000,-35.000000,35.000000,35.000000,35.000000,1
16.975014,1785227251.059496403,car3,-0.281662,-0.575532,0.119858,-2.386988,0.015528,-0.008284,0.000000,-12.523379,7.851841,-7.630866,-2.125080,0.017599,0.000000,0.000000,0.000000,-35.000000,35.000000,-35.000000,35.000000,1
16.975014,1785227251.059496403,car4,1.195614,-0.594958,0.082929,0.892312,0.003740,0.041920,0.000000,-1.074006,-0.609664,1.633229,1.069698,0.042087,0.000000,0.000000,0.000000,-35.000000,35.000000,35.000000,35.000000,1
17.176777,1785227251.259418964,car1,-0.228297,1.144538,0.096029,-1.598562,-0.061690,-0.023287,0.000000,0.240519,-0.476129,-0.018715,-1.472522,0.065939,0.000000,0.000000,0.000000,35.000000,-35.000000,-35.000000,37.072780,1
17.176777,1785227251.259418964,car2,1.071717,1.173675,0.085355,-0.819583,0.041609,-0.010421,0.000000,0.203519,0.324619,-0.094990,-0.614429,0.042895,0.000000,0.000000,0.000000,-35.000000,35.000000,35.000000,35.000000,1
17.176777,1785227251.259418964,car3,-0.276516,-0.581849,0.119827,-2.374300,0.016670,-0.005788,0.000000,1.200405,-1.417889,-1.307540,-2.125080,0.017646,0.000000,0.000000,0.000000,-35.000000,35.000000,-35.000000,35.000000,1
17.176777,1785227251.259418964,car4,1.195305,-0.594923,0.083154,0.890042,0.004422,0.039827,0.000000,1.095709,0.429230,-1.688974,1.069698,0.040071,0.000000,0.000000,0.000000,-35.000000,35.000000,35.000000,35.000000,1
17.379003,1785227251.469453812,car1,-0.226262,1.137962,0.095777,-1.704488,-0.059436,-0.020103,0.000000,0.043209,-0.113650,-0.042364,-1.472522,0.062743,0.000000,0.000000,0.000000,35.000000,35.000000,-35.000000,43.488322,1
17.379003,1785227251.469453812,car2,1.071650,1.173559,0.085491,-0.816370,0.041831,-0.013374,0.000000,0.025454,-0.066352,-0.013518,-0.614429,0.043917,0.000000,0.000000,0.000000,-35.000000,35.000000,35.000000,35.000000,1
17.379003,1785227251.469453812,car3,-0.268695,-0.585712,0.119407,-1.756752,0.014720,-0.004122,0.000000,0.411308,-0.105564,-0.061951,-2.125080,0.015286,0.000000,0.000000,0.000000,35.000000,-35.000000,35.000000,-35.000000,1
17.379003,1785227251.469453812,car4,1.195513,-0.594898,0.082881,0.889477,0.003696,0.037886,0.000000,0.144452,-0.010323,-0.111803,1.069698,0.038066,0.000000,0.000000,0.000000,-35.000000,35.000000,35.000000,35.000000,1
17.580846,1785227251.669606686,car1,-0.214714,1.136003,0.095513,-1.571230,-0.063157,-0.019979,0.000000,2.124540,-0.591034,0.009338,-1.472522,0.066241,0.000000,0.000000,0.000000,35.000000,-35.000000,-35.000000,35.000000,1
17.580846,1785227251.669606686,car2,1.071685,1.173673,0.085425,-0.822138,0.041845,-0.014477,0.000000,-0.087442,0.558569,-0.082471,-0.614429,0.044279,0.000000,0.000000,0.000000,-35.000000,35.000000,35.000000,35.000000,1
17.580846,1785227251.669606686,car3,-0.263246,-0.582715,0.120351,-2.252737,0.016859,-0.005483,0.000000,3.499273,2.159766,0.979915,-2.125080,0.017728,0.000000,0.000000,0.000000,-35.000000,35.000000,-35.000000,35.000000,1
17.580846,1785227251.669606686,car4,1.195431,-0.594906,0.083055,0.891152,0.005473,0.040231,0.000000,-0.556974,0.229873,-0.148924,1.069698,0.040602,0.000000,0.000000,0.000000,-35.000000,35.000000,35.000000,35.000000,1
17.782510,1785227251.869480371,car1,-0.209794,1.132456,0.095465,-1.621936,-0.064028,-0.018554,0.000000,-0.001523,-0.078788,0.006485,-1.472522,0.066662,0.000000,0.000000,0.000000,35.000000,-35.000000,-35.000000,38.227087,1
17.782510,1785227251.869480371,car2,1.071666,1.173528,0.085481,-0.821847,0.041963,-0.016106,0.000000,0.001403,-0.001110,-0.022359,-0.614429,0.044947,0.000000,0.000000,0.000000,-35.000000,35.000000,35.000000,35.000000,1
17.782510,1785227251.869480371,car3,-0.259563,-0.583039,0.119283,-2.370272,0.017322,-0.005403,0.000000,-0.054409,-0.179436,-0.102900,-2.125080,0.018145,0.000000,0.000000,0.000000,-35.000000,35.000000,-35.000000,35.000000,1
17.782510,1785227251.869480371,car4,1.195497,-0.594943,0.082888,0.891846,0.005786,0.040346,0.000000,-0.094325,-0.013682,-0.093035,1.069698,0.040759,0.000000,0.000000,0.000000,-35.000000,35.000000,35.000000,35.000000,1
17.984491,1785227252.069588423,car1,-0.208725,1.127420,0.095353,-1.783510,-0.061713,-0.016104,0.000000,0.267038,-0.299998,-0.068959,-1.472522,0.063780,0.000000,0.000000,0.000000,35.000000,35.000000,-35.000000,49.296609,1
17.984491,1785227252.069588423,car2,1.071692,1.173483,0.085381,-0.818052,0.042018,-0.018430,0.000000,-0.595502,-0.307313,-0.298345,-0.614429,0.045882,0.000000,0.000000,0.000000,-35.000000,35.000000,35.000000,35.000000,1
17.984491,1785227252.069588423,car3,-0.252292,-0.590053,0.119046,-1.739184,0.015184,-0.002428,0.000000,10.494470,-6.610639,4.207384,-2.125080,0.015377,0.000000,0.000000,0.000000,35.000000,-35.000000,35.000000,-35.000000,1
17.984491,1785227252.069588423,car4,1.195272,-0.594987,0.083228,0.887722,0.005363,0.037254,0.000000,-1.420347,0.241994,1.791322,1.069698,0.037638,0.000000,0.000000,0.000000,-35.000000,35.000000,35.000000,35.000000,1
18.187258,1785227252.269418001,car1,-0.197410,1.125005,0.095871,-1.620609,-0.065801,-0.015632,0.000000,0.624248,-0.227323,0.087385,-1.472522,0.067633,0.000000,0.000000,0.000000,35.000000,-35.000000,-35.000000,37.815954,1
18.187258,1785227252.269418001,car2,1.071672,1.173494,0.085423,-0.815514,0.042176,-0.019732,0.000000,0.069784,0.002493,-0.013328,-0.614429,0.046563,0.000000,0.000000,0.000000,-35.000000,35.000000,35.000000,35.000000,1
18.187258,1785227252.269418001,car3,-0.248468,-0.586215,0.119892,-2.218793,0.017833,-0.004142,0.000000,0.568269,0.092474,0.045232,-2.125080,0.018308,0.000000,0.000000,0.000000,-35.000000,35.000000,-35.000000,-35.000000,1
18.187258,1785227252.269418001,car4,1.195472,-0.594917,0.082993,0.896019,0.006882,0.039794,0.000000,-0.139105,-0.039753,0.132325,1.069698,0.040384,0.000000,0.000000,0.000000,-35.000000,35.000000,35.000000,35.000000,1
18.389508,1785227252.479506493,car1,-0.179778,1.119145,0.095688,-1.538516,-0.072073,-0.013701,0.000000,0.411225,-0.420457,0.197155,-1.472522,0.073364,0.000000,0.000000,0.000000,35.000000,-35.000000,-35.000000,35.000000,1
18.389508,1785227252.479506493,car2,1.071730,1.173512,0.085389,-0.815846,0.042369,-0.022805,0.000000,0.333916,-0.723010,-0.401557,-0.614429,0.048116,0.000000,0.000000,0.000000,-35.000000,35.000000,35.000000,35.000000,1
18.389508,1785227252.479506493,car3,-0.242718,-0.588185,0.120126,-2.499579,0.022016,-0.003660,0.000000,-0.670579,-1.779604,1.120818,-2.125080,0.022318,0.000000,0.000000,0.000000,-35.485190,35.000000,-35.000000,35.000000,1
18.389508,1785227252.479506493,car4,1.195464,-0.595029,0.082877,0.893776,0.009191,0.040500,0.000000,-0.641819,-0.553798,0.825550,1.069698,0.041530,0.000000,0.000000,0.000000,-35.000000,35.000000,35.000000,35.000000,1
18.591257,1785227252.679501534,car1,-0.180053,1.111967,0.095567,-1.720140,-0.069575,-0.009861,0.000000,-0.059625,-1.339813,-0.241730,-1.472522,0.070271,0.000000,0.000000,0.000000,35.000000,35.000000,-35.000000,45.653606,1
18.591257,1785227252.679501534,car2,1.071707,1.173529,0.085378,-0.816312,0.042644,-0.026156,0.000000,-0.326819,-0.406692,-0.666269,-0.614429,0.050026,0.000000,0.000000,0.000000,-35.000000,35.000000,35.000000,35.000000,1
18.591257,1785227252.679501534,car3,-0.237241,-0.592420,0.121254,-1.889132,0.020064,-0.001731,0.000000,10.052189,-1.391076,3.260595,-2.125080,0.020138,0.000000,0.000000,0.000000,35.000000,-35.000000,35.000000,-35.000000,1
18.591257,1785227252.679501534,car4,1.195454,-0.594952,0.083105,0.893311,0.008099,0.038071,0.000000,-0.900515,0.097935,1.420954,1.069698,0.038923,0.000000,0.000000,0.000000,-35.000000,35.000000,35.000000,35.000000,1
18.792885,1785227252.879456043,car1,-0.177403,1.109069,0.095706,-1.734775,-0.068005,-0.008633,0.000000,1.077676,-0.206811,-0.035174,-1.472522,0.068550,0.000000,0.000000,0.000000,35.000000,35.000000,-35.000000,45.917369,1
18.792885,1785227252.879456043,car2,1.071646,1.173540,0.085499,-0.816056,0.042741,-0.027578,0.000000,-0.225130,0.242264,-0.229293,-0.614429,0.050866,0.000000,0.000000,0.000000,-35.000000,35.000000,35.000000,35.000000,1
18.792885,1785227252.879456043,car3,-0.228747,-0.584595,0.121272,-2.056537,0.018107,-0.004900,0.000000,4.597975,7.108866,1.717007,-2.125080,0.018758,0.000000,0.000000,0.000000,-35.000000,35.000000,35.000000,-35.000000,1
18.792885,1785227252.879456043,car4,1.195309,-0.594938,0.083127,0.894081,0.008224,0.041338,0.000000,0.303548,0.932378,-0.222346,1.069698,0.042148,0.000000,0.000000,0.000000,-35.000000,35.000000,35.000000,35.000000,1
18.994577,1785227253.069432259,car1,-0.162494,1.105669,0.095741,-1.579999,-0.072806,-0.007897,0.000000,2.008911,-0.743369,0.222232,-1.472522,0.073233,0.000000,0.000000,0.000000,35.000000,-35.000000,-35.000000,35.000000,1
18.994577,1785227253.069432259,car2,1.071550,1.173348,0.085482,-0.816830,0.043009,-0.029436,0.000000,-0.443643,0.603388,-0.646173,-0.614429,0.052118,0.000000,0.000000,0.000000,-35.000000,35.000000,35.000000,35.000000,1
18.994577,1785227253.069432259,car3,-0.221661,-0.582096,0.120029,-2.407063,0.020906,-0.006159,0.000000,7.654709,1.283399,1.240961,-2.125080,0.021794,0.000000,0.000000,0.000000,-35.000000,35.000000,-35.000000,35.000000,1
18.994577,1785227253.069432259,car4,1.195494,-0.594941,0.082853,0.890191,0.010281,0.043704,0.000000,1.518257,0.602321,-3.702623,1.069698,0.044897,0.000000,0.000000,0.000000,-35.000000,35.000000,35.000000,35.000000,1
19.196328,1785227253.279422760,car1,-0.160311,1.101302,0.095669,-1.655023,-0.070191,-0.006347,0.000000,-0.110030,-0.454820,-0.203469,-1.472522,0.070478,0.000000,0.000000,0.000000,35.000000,-35.000000,-35.000000,39.379500,1
19.196328,1785227253.279422760,car2,1.072897,1.172377,0.085514,-0.859394,0.042718,-0.031121,0.000000,2.962483,-2.323630,0.808682,-0.614429,0.052852,0.000000,0.000000,0.000000,-35.000000,37.497939,35.000000,35.000000,1
19.196328,1785227253.279422760,car3,-0.211516,-0.586852,0.121072,-1.772589,0.018129,-0.003993,0.000000,6.235255,0.291883,-1.900237,-2.125080,0.018564,0.000000,0.000000,0.000000,35.000000,-35.000000,35.000000,-35.000000,1
19.196328,1785227253.279422760,car4,1.195385,-0.594939,0.083058,0.891093,0.010505,0.041702,0.000000,-4.736213,-1.138706,4.321430,1.069698,0.043005,0.000000,0.000000,0.000000,-35.000000,35.000000,35.000000,35.000000,1
19.398739,1785227253.489532471,car1,-0.161017,1.095948,0.095398,-1.821234,-0.066670,-0.003618,0.000000,-0.147859,-0.859747,0.001758,-1.472522,0.066768,0.000000,0.000000,0.000000,35.000000,35.000000,-37.802981,51.154643,1
19.398739,1785227253.489532471,car2,1.073395,1.172126,0.085316,-0.863754,0.042817,-0.033496,0.000000,0.653217,-0.362723,-0.076264,-0.614429,0.054362,0.000000,0.000000,0.000000,-35.000000,37.979694,35.000000,35.000000,1
19.398739,1785227253.489532471,car3,-0.202936,-0.582234,0.120577,-1.933253,0.014907,-0.005858,0.000000,3.857705,4.754052,-1.203523,-2.125080,0.016017,0.000000,0.000000,0.000000,35.000000,-35.000000,35.000000,-35.000000,1
19.398739,1785227253.489532471,car4,1.195422,-0.595034,0.082922,0.898674,0.009784,0.043154,0.000000,-0.763009,2.600517,-1.138492,1.069698,0.044249,0.000000,0.000000,0.000000,-35.000000,35.000000,35.000000,35.000000,1
19.600492,1785227253.689549685,car1,-0.147737,1.090555,0.095739,-1.722940,-0.070929,-0.001325,0.000000,2.023399,-0.721008,0.118624,-1.472522,0.070941,0.000000,0.000000,0.000000,35.000000,-35.000000,-35.977522,44.017417,1
19.600492,1785227253.689549685,car2,1.073390,1.172543,0.085287,-0.865427,0.043200,-0.036605,0.000000,-0.397664,-0.024234,-0.092484,-0.614429,0.056623,0.000000,0.000000,0.000000,-35.000000,38.412214,35.000000,35.000000,1
19.600492,1785227253.689549685,car3,-0.196677,-0.579929,0.119875,-2.395456,0.017461,-0.006952,0.000000,1.161116,-0.929164,-0.686228,-2.125080,0.018794,0.000000,0.000000,0.000000,-35.000000,35.000000,-35.000000,35.000000,1
19.600492,1785227253.689549685,car4,1.195541,-0.594898,0.083047,0.891661,0.011341,0.045050,0.000000,0.495103,0.827440,-0.203070,1.069698,0.046455,0.000000,0.000000,0.000000,-35.000000,35.000000,35.000000,35.000000,1
19.802104,1785227253.889467716,car1,-0.133688,1.082942,0.095946,-1.674150,-0.075720,0.001912,0.000000,0.157847,-0.659804,0.193295,-1.472522,0.075744,0.000000,0.000000,0.000000,35.000000,-35.000000,-36.642862,40.583240,1
19.802104,1785227253.889467716,car2,1.073358,1.172300,0.085291,-0.864654,0.043674,-0.040530,0.000000,0.858247,0.295338,-0.508275,-0.614429,0.059583,0.000000,0.000000,0.000000,35.000000,38.717678,35.000000,35.000000,1
19.802104,1785227253.889467716,car3,-0.191369,-0.585061,0.120557,-1.800686,0.020644,-0.004978,0.000000,1.758656,-0.680667,0.524858,-2.125080,0.021235,0.000000,0.000000,0.000000,35.000000,-35.000000,35.000000,-35.000000,1
19.802104,1785227253.889467716,car4,1.195465,-0.594938,0.083059,0.892908,0.012805,0.043843,0.000000,1.290614,0.707453,0.034811,1.069698,0.045675,0.000000,0.000000,0.000000,-35.000000,35.000000,35.000000,35.000000,1
20.004142,1785227254.089498997,car1,-0.129468,1.075052,0.095398,-1.776915,-0.075649,0.005344,0.000000,1.134999,-1.019746,-0.755567,-1.472522,0.075838,0.000000,0.000000,0.000000,35.000000,-35.000000,-41.923009,48.757217,1
20.004142,1785227254.089498997,car2,1.075329,1.171029,0.085512,-0.908688,0.043494,-0.043808,0.000000,-0.090717,-1.478066,-0.242071,-0.614429,0.061732,0.000000,0.000000,0.000000,-35.000000,42.504566,35.000000,37.590232,1
20.004142,1785227254.089498997,car3,-0.185974,-0.574699,0.120099,-2.174075,0.020343,-0.009457,0.000000,2.765194,6.907966,0.034545,-2.125080,0.022434,0.000000,0.000000,0.000000,-35.000000,35.000000,35.000000,-35.000000,1
20.004142,1785227254.089498997,car4,1.195462,-0.594917,0.082848,0.892876,0.013119,0.048046,0.000000,-1.383128,0.108841,3.278041,1.069698,0.049804,0.000000,0.000000,0.000000,-35.000000,35.000000,35.000000,35.000000,1
20.205952,1785227254.289561033,car1,-0.123628,1.067601,0.095734,-1.797727,-0.076459,0.008930,0.000000,0.142559,-0.130084,0.024977,-1.472522,0.076979,0.000000,0.000000,0.000000,35.000000,-35.000000,-44.349217,50.016652,1
20.205952,1785227254.289561033,car2,1.075245,1.170605,0.085520,-0.892926,0.044068,-0.047301,0.000000,0.111675,-0.245790,-0.046098,-0.614429,0.064648,0.000000,0.000000,0.000000,35.000000,41.613297,35.000000,38.506070,1
20.205952,1785227254.289561033,car3,-0.180772,-0.574815,0.120072,-2.347872,0.020664,-0.009490,0.000000,0.819484,-0.731297,-0.172756,-2.125080,0.022739,0.000000,0.000000,0.000000,-35.000000,35.000000,-35.000000,35.000000,1
20.205952,1785227254.289561033,car4,1.195552,-0.594984,0.082909,0.891283,0.013033,0.048036,0.000000,0.005067,-0.148341,0.005647,1.069698,0.049773,0.000000,0.000000,0.000000,-35.000000,35.000000,35.000000,35.000000,1
20.408296,1785227254.499422550,car1,-0.114162,1.062760,0.095350,-1.775026,-0.077424,0.007226,0.000000,1.086231,-0.335126,-0.001884,-1.472522,0.077761,0.000000,0.000000,0.000000,35.000000,-35.000000,-43.051674,48.802725,1
20.408296,1785227254.499422550,car2,1.083195,1.163360,0.084863,-0.859776,0.041488,-0.046613,0.000000,2.638574,-4.386111,-2.799403,-0.614429,0.062402,0.000000,0.000000,0.000000,35.000000,37.492896,35.000000,36.815804,1
20.408296,1785227254.499422550,car3,-0.171788,-0.578690,0.121199,-1.757215,0.020898,-0.007833,0.000000,5.975169,-0.802345,1.030441,-2.125080,0.022318,0.000000,0.000000,0.000000,35.000000,-35.000000,35.000000,-35.000000,1
20.408296,1785227254.499422550,car4,1.195529,-0.594908,0.083027,0.890321,0.016513,0.047348,0.000000,-0.029082,-0.145459,-1.887304,1.069698,0.050145,0.000000,0.000000,0.000000,-35.000000,35.000000,35.000000,35.000000,1
20.610208,1785227254.699476957,car1,-0.108233,1.059384,0.094988,-1.763297,-0.079064,0.006236,0.000000,0.519592,-0.475402,-0.010410,-1.472522,0.079309,0.000000,0.000000,0.000000,35.000000,-35.000000,-42.648836,48.652140,1
20.610208,1785227254.699476957,car2,1.088031,1.158449,0.084767,-0.831409,0.039873,-0.046157,0.000000,2.411477,-4.489949,1.688725,-0.614429,0.060995,0.000000,0.000000,0.000000,35.000000,35.000000,35.000000,35.336317,1
20.610208,1785227254.699476957,car3,-0.169115,-0.574994,0.120330,-2.287627,0.022122,-0.009572,0.000000,9.384094,3.224236,1.572743,-2.125080,0.024105,0.000000,0.000000,0.000000,-35.000000,35.000000,-35.000000,35.000000,1
20.610208,1785227254.699476957,car4,1.195411,-0.594945,0.083139,0.892418,0.018716,0.049491,0.000000,-4.454034,-0.722312,1.915561,1.069698,0.052911,0.000000,0.000000,0.000000,-35.000000,35.000000,35.000000,35.000000,1
20.811900,1785227254.899444580,car1,-0.104136,1.052203,0.095356,-1.833960,-0.078432,0.005372,0.000000,0.433776,-0.543672,-0.037977,-1.472522,0.078615,0.000000,0.000000,0.000000,35.000000,35.000000,-44.733563,54.877493,1
20.811900,1785227254.899444580,car2,1.096441,1.149496,0.084435,-0.875831,0.037107,-0.045518,0.000000,1.787227,-1.604488,0.395161,-0.614429,0.058727,0.000000,0.000000,0.000000,35.000000,36.785694,35.000000,37.216879,1
20.811900,1785227254.899444580,car3,-0.164201,-0.579790,0.120067,-2.322908,0.021914,-0.007518,0.000000,0.208852,-2.781348,0.148858,-2.125080,0.023168,0.000000,0.000000,0.000000,-35.000000,35.000000,-35.000000,35.000000,1
20.811900,1785227254.899444580,car4,1.195320,-0.595038,0.083091,0.895895,0.021078,0.047655,0.000000,0.708969,-0.078337,-0.712581,1.069698,0.052109,0.000000,0.000000,0.000000,35.000000,35.000000,35.000000,35.000000,1
21.013979,1785227255.099720478,car1,-0.086209,1.044099,0.094575,-1.710246,-0.081862,0.004007,0.000000,2.836715,-1.441473,0.061242,-1.472522,0.081961,0.000000,0.000000,0.000000,35.000000,-35.000000,-40.586475,45.526658,1
21.013979,1785227255.099720478,car2,1.105718,1.137924,0.084289,-0.943061,0.035907,-0.044340,0.000000,3.773220,-3.857471,-0.756252,-0.614429,0.057056,0.000000,0.000000,0.000000,-35.000000,41.907378,-35.000000,39.893891,1
21.013979,1785227255.099720478,car3,-0.155839,-0.586251,0.120321,-1.676958,0.025482,-0.002979,0.000000,9.418754,-5.946412,-2.393792,-2.125080,0.025656,0.000000,0.000000,0.000000,35.000000,-35.000000,38.513700,-38.339108,1
21.013979,1785227255.099720478,car4,1.200654,-0.590540,0.083293,0.795983,0.022582,0.043396,0.000000,5.526862,3.675243,0.190911,1.069698,0.048920,0.000000,0.000000,0.000000,-35.000000,38.591003,35.000000,35.000000,1
21.215807,1785227255.299451113,car1,-0.075295,1.036977,0.094430,-1.714717,-0.086209,0.007023,0.000000,0.470966,-0.472819,-0.001560,-1.472522,0.086494,0.000000,0.000000,0.000000,35.000000,-35.000000,-43.116412,46.725989,1
21.215807,1785227255.299451113,car2,1.104550,1.136637,0.084624,-0.815794,0.037029,-0.047492,0.000000,0.756030,-0.562986,0.082209,-0.614429,0.060222,0.000000,0.000000,0.000000,35.000000,35.000000,35.000000,35.271308,1
21.215807,1785227255.299451113,car3,-0.153974,-0.583791,0.120045,-2.240474,0.028911,-0.004331,0.000000,-1.761724,0.089106,-0.565258,-2.125080,0.029233,0.000000,0.000000,0.000000,-35.000000,35.000000,-35.000000,-35.000000,1
21.215807,1785227255.299451113,car4,1.201341,-0.590433,0.083132,0.791019,0.022788,0.044850,0.000000,1.105648,-0.374853,-0.337247,1.069698,0.050307,0.000000,0.000000,0.000000,-35.000000,39.660162,35.000000,35.000000,1
21.418247,1785227255.509491205,car1,-0.065912,1.029332,0.094359,-1.741880,-0.087168,0.003656,0.000000,1.048222,-0.591449,-0.097334,-1.472522,0.087244,0.000000,0.000000,0.000000,35.000000,-35.000000,-43.050533,50.542346,1
21.418247,1785227255.509491205,car2,1.111333,1.122208,0.084783,-1.037547,0.034686,-0.044593,0.000000,2.122744,-6.097283,-0.515396,-0.614429,0.056495,0.000000,0.000000,0.000000,-35.000000,49.286579,-35.000000,44.484847,1
21.418247,1785227255.509491205,car3,-0.146896,-0.580028,0.120191,-2.399937,0.029932,-0.006007,0.000000,3.722363,-1.040780,0.669971,-2.125080,0.030529,0.000000,0.000000,0.000000,-35.000000,35.000000,-35.000000,35.000000,1
21.418247,1785227255.509491205,car4,1.201725,-0.590191,0.083095,0.789629,0.025220,0.046868,0.000000,4.047413,-0.322757,-3.745839,1.069698,0.053223,0.000000,0.000000,0.000000,-35.000000,40.714645,35.000000,35.000000,1
21.619989,1785227255.709527493,car1,-0.057193,1.021651,0.094353,-1.694688,-0.087229,0.009363,0.000000,1.115900,-1.064393,0.300812,-1.472522,0.087730,0.000000,0.000000,0.000000,35.000000,-35.000000,-43.554113,44.546231,1
21.619989,1785227255.709527493,car2,1.110793,1.126118,0.084357,-0.882152,0.036096,-0.050441,0.000000,-3.156030,2.949980,-0.190466,-0.614429,0.062026,0.000000,0.000000,0.000000,35.000000,37.081606,35.000000,39.871340,1
21.619989,1785227255.709527493,car3,-0.134809,-0.581819,0.120894,-1.736201,0.028823,-0.004811,0.000000,24.781452,5.366576,1.904674,-2.125080,0.029222,0.000000,0.000000,0.000000,35.000000,-35.000000,35.665837,-35.666071,1
21.619989,1785227255.709527493,car4,1.202852,-0.589468,0.082890,0.796761,0.024907,0.045886,0.000000,1.112275,2.328853,1.122537,1.069698,0.052210,0.000000,0.000000,0.000000,-35.000000,39.691821,35.000000,35.000000,1
21.821894,1785227255.909767151,car1,-0.052446,1.019187,0.094280,-1.715953,-0.085364,0.010769,0.000000,0.117414,-0.053617,-0.045721,-1.472522,0.086041,0.000000,0.000000,0.000000,35.000000,-35.000000,-44.339550,45.467456,1
21.821894,1785227255.909767151,car2,1.115794,1.123627,0.084319,-0.924960,0.037341,-0.050258,0.000000,1.107989,-1.542084,0.153105,-0.614429,0.062611,0.000000,0.000000,0.000000,35.000000,41.429155,35.000000,41.714733,1
21.821894,1785227255.909767151,car3,-0.130548,-0.578934,0.120221,-2.201704,0.029118,-0.002291,0.000000,0.459105,0.839203,0.249069,-2.125080,0.029208,0.000000,0.000000,0.000000,-35.000000,35.000000,-35.000000,-35.000000,1
21.821894,1785227255.909767151,car4,1.210960,-0.580883,0.083172,0.814822,0.021335,0.041918,0.000000,2.157338,3.298372,-0.128184,1.069698,0.047036,0.000000,0.000000,0.000000,-35.000000,36.447863,35.000000,35.000000,1
22.023436,1785227256.109624624,car1,-0.051805,1.018540,0.094255,-1.742309,-0.077997,0.007677,0.000000,-0.079458,-0.181789,0.120201,-1.472522,0.078374,0.000000,0.000000,0.000000,35.000000,-35.000000,-42.124082,45.956157,1
22.023436,1785227256.109624624,car2,1.124762,1.112880,0.084538,-0.858599,0.037811,-0.044934,0.000000,2.916673,-2.111938,-1.443483,-0.614429,0.058726,0.000000,0.000000,0.000000,35.000000,35.603536,35.000000,36.099829,1
22.023436,1785227256.109624624,car3,-0.120372,-0.572724,0.119962,-2.380753,0.025712,0.000127,0.000000,5.395422,2.995795,-0.656663,-2.125080,0.025712,0.000000,0.000000,0.000000,-35.000000,35.000000,-35.000000,35.000000,1
22.023436,1785227256.109624624,car4,1.222405,-0.569950,0.082856,0.887788,0.016235,0.037381,0.000000,4.537739,6.167491,1.004542,1.069698,0.040754,0.000000,0.000000,0.000000,-35.000000,35.000000,35.000000,35.000000,1
22.226006,1785227256.309491396,car1,-0.051011,1.016895,0.094168,-1.795177,-0.070237,0.007722,0.000000,0.086796,-0.135547,0.032049,-1.472522,0.070660,0.000000,0.000000,0.000000,35.000000,35.000000,-42.208688,47.608314,1
22.226006,1785227256.309491396,car2,1.132208,1.105890,0.085502,-0.649949,0.039269,-0.041873,0.000000,3.605627,-1.889008,-0.651736,-0.614429,0.057405,0.000000,0.000000,0.000000,35.000000,35.000000,35.000000,35.000000,1
22.226006,1785227256.309491396,car3,-0.111289,-0.578232,0.120316,-1.735195,0.022363,0.010221,0.000000,4.816289,-1.260608,1.286739,-2.125080,0.024588,0.000000,0.000000,0.000000,35.000000,-35.000000,35.000000,-37.369508,1
22.226006,1785227256.309491396,car4,1.233817,-0.553317,0.083203,1.049158,0.009750,0.024350,0.000000,1.496371,5.119170,0.511291,1.069698,0.026230,0.000000,0.000000,0.000000,35.000000,35.000000,35.000000,35.000000,1
22.428341,1785227256.519470453,car1,-0.049288,1.015774,0.094317,-1.807289,-0.059415,0.005400,0.000000,0.959844,-0.310748,0.296510,-1.472522,0.059660,0.000000,0.000000,0.000000,35.000000,35.000000,-39.102939,44.883684,1
22.428341,1785227256.519470453,car2,1.152331,1.088915,0.084993,-0.766188,0.040147,-0.033403,0.000000,10.709594,-6.941429,-2.877429,-0.614429,0.052225,0.000000,0.000000,0.000000,35.000000,35.000000,35.000000,35.000000,1
22.428341,1785227256.519470453,car3,-0.105126,-0.568903,0.120372,-1.890462,0.020319,0.019784,0.000000,9.109038,7.035346,1.836058,-2.125080,0.028360,0.000000,0.000000,0.000000,35.000000,-35.000000,35.000000,-35.000000,1
22.428341,1785227256.519470453,car4,1.256218,-0.522076,0.082995,1.035793,0.000000,0.000000,0.000000,10.927479,34.216664,13.520716,1.069698,0.000000,0.000000,0.000000,0.000000,-35.000000,35.000000,-35.000000,35.000000,1
22.630979,1785227256.719397306,car1,-0.041086,1.013135,0.094377,-1.741026,-0.055293,0.005506,0.000000,0.341368,-0.118826,0.026288,-1.472522,0.055567,0.000000,0.000000,0.000000,35.000000,35.000000,-35.062404,37.689553,1
22.630979,1785227256.719397306,car2,1.161387,1.081176,0.084592,-0.879317,0.042846,-0.030485,0.000000,-0.172899,0.524375,-0.237086,-0.614429,0.052585,0.000000,0.000000,0.000000,-35.000000,39.115916,35.000000,35.000000,1
22.630979,1785227256.719397306,car3,-0.095467,-0.559654,0.119896,-2.487859,0.019858,0.020741,0.000000,0.942738,1.945692,0.170699,-2.125080,0.028714,0.000000,0.000000,0.000000,-35.000000,35.000000,-35.106775,35.000000,1
22.630979,1785227256.719397306,car4,1.272225,-0.510470,0.082580,1.238050,0.000000,0.000000,0.000000,2.394386,-0.433343,-0.559944,1.069698,0.000000,0.000000,0.000000,0.000000,35.000000,-35.000000,35.000000,-35.000000,1
22.832490,1785227256.919538260,car1,-0.030720,1.012792,0.093897,-1.639944,-0.057195,0.000405,0.000000,5.093566,-1.627912,-0.727667,-1.472522,0.057197,0.000000,0.000000,0.000000,35.000000,-35.000000,-35.000000,35.000000,1
22.832490,1785227256.919538260,car2,1.167038,1.072168,0.084477,-0.953170,0.040681,-0.026683,0.000000,0.615821,-5.443234,-0.042404,-0.614429,0.048651,0.000000,0.000000,0.000000,-35.000000,43.591196,-35.000000,35.000000,1
22.832490,1785227256.919538260,car3,-0.087614,-0.559331,0.120662,-2.042296,0.020733,0.021704,0.000000,2.636137,-3.199507,0.454614,-2.125080,0.030015,0.000000,0.000000,0.000000,-35.000000,-35.000000,-35.000000,-35.000000,1
22.832490,1785227256.919538260,car4,1.272154,-0.508053,0.082769,0.972873,0.000000,0.000000,0.000000,3.167000,7.981953,-1.577593,1.069698,0.000000,0.000000,0.000000,0.000000,-35.000000,35.000000,-35.000000,35.000000,1
23.034201,1785227257.119488239,car1,-0.027487,1.008131,0.093766,-1.776095,-0.055562,0.002616,0.000000,0.010517,-0.111619,0.007429,-1.472522,0.055624,0.000000,0.000000,0.000000,35.000000,35.000000,-35.625851,41.469852,1
23.034201,1785227257.119488239,car2,1.166031,1.069613,0.084380,-0.875832,0.043415,-0.027412,0.000000,-0.091805,-0.083186,0.104181,-0.614429,0.051345,0.000000,0.000000,0.000000,-35.000000,38.976329,35.000000,35.000000,1
23.034201,1785227257.119488239,car3,-0.083123,-0.552310,0.120728,-1.852596,0.020590,0.019438,0.000000,0.110540,0.494704,-0.052829,-2.125080,0.028316,0.000000,0.000000,0.000000,35.000000,-35.000000,35.000000,-35.000000,1
23.034201,1785227257.119488239,car4,1.278095,-0.506239,0.082787,1.041849,0.000000,0.000000,0.000000,0.221399,-0.186744,0.159899,1.069698,0.000000,0.000000,0.000000,0.000000,-35.000000,35.000000,-35.000000,35.000000,1
23.236300,1785227257.319490433,car1,-0.022458,1.006525,0.093939,-1.709320,-0.054990,0.000279,0.000000,0.094026,-0.015558,0.009779,-1.472522,0.054991,0.000000,0.000000,0.000000,35.000000,35.000000,-35.000000,36.392945,1
23.236300,1785227257.319490433,car2,1.168984,1.066046,0.084397,-1.013199,0.042556,-0.026628,0.000000,-0.005276,0.015649,0.034979,-0.614429,0.050200,0.000000,0.000000,0.000000,-35.000000,48.962192,-35.000000,35.000000,1
23.236300,1785227257.319490433,car3,-0.071816,-0.543029,0.120226,-2.450029,0.018775,0.012018,0.000000,0.449990,0.204146,-0.012888,-2.125080,0.022292,0.000000,0.000000,0.000000,-35.000000,35.000000,-35.000000,35.000000,1
23.236300,1785227257.319490433,car4,1.279231,-0.514513,0.082775,1.194947,-0.006055,0.014642,0.000000,0.035051,-0.140409,-0.023077,1.069698,0.015844,0.000000,0.000000,0.000000,35.000000,-35.000000,35.000000,-35.000000,1
23.438708,1785227257.529567957,car1,-0.007337,1.001703,0.093722,-1.679961,-0.057275,0.003797,0.000000,0.456276,-0.686155,-0.035036,-1.472522,0.057401,0.000000,0.000000,0.000000,35.000000,-35.000000,-35.000000,35.000000,1
23.438708,1785227257.529567957,car2,1.167760,1.066783,0.084483,-0.901769,0.044728,-0.029479,0.000000,-0.634628,-1.831036,1.197947,-0.614429,0.053569,0.000000,0.000000,0.000000,-35.000000,41.711939,35.000000,35.000000,1
23.438708,1785227257.529567957,car3,-0.062454,-0.539454,0.120752,-1.918157,0.020934,0.015081,0.000000,1.045709,1.006767,-2.339967,-2.125080,0.025800,0.000000,0.000000,0.000000,35.000000,-35.000000,35.000000,-35.000000,1
23.438708,1785227257.529567957,car4,1.282490,-0.503786,0.082676,0.874265,0.000000,0.000000,0.000000,0.390498,7.459997,3.058412,1.069698,0.000000,0.000000,0.000000,0.000000,-35.000000,35.000000,-35.000000,35.000000,1
23.640395,1785227257.729501009,car1,-0.004364,0.997544,0.093632,-1.793701,-0.057316,0.003768,0.000000,0.366907,-0.159004,0.027609,-1.472522,0.057440,0.000000,0.000000,0.000000,35.000000,35.000000,-37.324002,43.320879,1
23.640395,1785227257.729501009,car2,1.170176,1.063385,0.084629,-1.045078,0.044188,-0.029963,0.000000,1.942465,-0.538569,-0.582024,-0.614429,0.053389,0.000000,0.000000,0.000000,-35.000000,52.468707,-35.000000,37.012331,1
23.640395,1785227257.729501009,car3,-0.057525,-0.527309,0.120948,-2.052667,0.020726,0.007459,0.000000,3.023511,-1.010763,-0.282211,-2.125080,0.022028,0.000000,0.000000,0.000000,-35.000000,-35.000000,35.000000,-35.000000,1
23.640395,1785227257.729501009,car4,1.283444,-0.508964,0.082303,1.087471,-0.007284,0.019074,0.000000,-0.176853,-2.596612,-0.426433,1.069698,0.020417,0.000000,0.000000,0.000000,35.000000,35.000000,35.000000,-35.000000,1
23.842044,1785227257.929440260,car1,0.005596,0.995263,0.093722,-1.682729,-0.061412,0.004781,0.000000,1.916498,-0.540133,0.024275,-1.472522,0.061598,0.000000,0.000000,0.000000,35.000000,-35.000000,-35.000000,35.237458,1
23.842044,1785227257.929440260,car2,1.168612,1.063780,0.084286,-0.903734,0.044610,-0.031571,0.000000,-3.386337,0.452948,-0.580585,-0.614429,0.054652,0.000000,0.000000,0.000000,-35.000000,41.926296,35.000000,35.000000,1
23.842044,1785227257.929440260,car3,-0.054675,-0.519535,0.120216,-2.386964,0.023698,0.005158,0.000000,0.564602,-5.852875,1.993863,-2.125080,0.024253,0.000000,0.000000,0.000000,-35.000000,35.000000,-35.000000,35.000000,1
23.842044,1785227257.929440260,car4,1.282396,-0.505890,0.082483,0.949514,-0.006394,0.021973,0.000000,-1.732908,12.269510,0.390684,1.069698,0.022884,0.000000,0.000000,0.000000,-35.000000,35.000000,35.000000,35.000000,1
24.043888,1785227258.129389048,car1,0.016139,0.988836,0.093743,-1.658324,-0.061446,0.006660,0.000000,1.603360,-0.650552,-0.207188,-1.472522,0.061806,0.000000,0.000000,0.000000,35.000000,-35.000000,-35.000000,35.000000,1
24.043888,1785227258.129389048,car2,1.170643,1.059328,0.084631,-1.020237,0.045979,-0.032602,0.000000,2.585246,-8.100697,1.026404,-0.614429,0.056365,0.000000,0.000000,0.000000,-35.000000,51.709952,-35.000000,36.957383,1
24.043888,1785227258.129389048,car3,-0.045789,-0.522671,0.121214,-1.777280,0.024286,0.008988,0.000000,23.230259,7.107076,2.320234,-2.125080,0.025896,0.000000,0.000000,0.000000,35.000000,-35.000000,35.000000,-35.087955,1
24.043888,1785227258.129389048,car4,1.287110,-0.500393,0.082791,0.942536,-0.008395,0.017316,0.000000,7.881305,5.456630,-1.946368,1.069698,0.019244,0.000000,0.000000,0.000000,-35.000000,35.000000,35.000000,35.000000,1
24.246086,1785227258.329505682,car1,0.019461,0.983948,0.093397,-1.732164,-0.060079,0.008650,0.000000,0.089194,-0.071171,0.025584,-1.472522,0.060699,0.000000,0.000000,0.000000,35.000000,-35.000000,-37.167132,37.910663,1
24.246086,1785227258.329505682,car2,1.171273,1.057382,0.084038,-0.929043,0.046678,-0.034061,0.000000,-0.064035,0.061183,-0.111962,-0.614429,0.057783,0.000000,0.000000,0.000000,-35.000000,45.050084,35.000000,35.000000,1
24.246086,1785227258.329505682,car3,-0.039506,-0.513604,0.121115,-1.947812,0.023446,0.005519,0.000000,-0.008022,0.091252,0.037494,-2.125080,0.024087,0.000000,0.000000,0.000000,35.000000,-35.000000,35.000000,-35.000000,1
24.246086,1785227258.329505682,car4,1.288971,-0.499288,0.082974,1.113590,-0.009726,0.020271,0.000000,0.307696,0.345032,-0.295873,1.069698,0.022483,0.000000,0.000000,0.000000,35.000000,35.000000,35.000000,-35.000000,1
24.450751,1785227258.539568901,car1,0.022440,0.979894,0.093296,-1.804650,-0.057506,0.009914,0.000000,-0.006819,-0.258528,-0.025217,-1.472522,0.058354,0.000000,0.000000,0.000000,-35.000000,35.000000,-40.327147,42.781685,1
24.450751,1785227258.539568901,car2,1.173468,1.053745,0.084319,-0.950299,0.047105,-0.034225,0.000000,3.165155,-3.115622,0.347156,-0.614429,0.058225,0.000000,0.000000,0.000000,-35.000000,46.943815,35.000000,35.000000,1
24.450751,1785227258.539568901,car3,-0.033149,-0.508786,0.120432,-2.389848,0.022229,0.006124,0.000000,2.569091,1.412408,-0.248716,-2.125080,0.023057,0.000000,0.000000,0.000000,-35.000000,35.000000,-35.000000,35.000000,1
24.450751,1785227258.539568901,car4,1.291541,-0.493381,0.082628,0.965086,-0.011662,0.018576,0.000000,2.916484,1.660303,-0.455105,1.069698,0.021933,0.000000,0.000000,0.000000,-35.000000,35.000000,35.000000,35.000000,1
24.653230,1785227258.729439259,car1,0.026592,0.982602,0.093429,-1.650410,-0.053898,0.009054,0.000000,0.511020,0.926509,0.198954,-1.472522,0.054653,0.000000,0.000000,0.000000,35.000000,-35.000000,-35.000000,35.000000,1
24.653230,1785227258.729439259,car2,1.173300,1.052224,0.084708,-1.002301,0.049922,-0.031707,0.000000,-2.346838,-0.595133,-0.786426,-0.614429,0.059140,0.000000,0.000000,0.000000,-35.000000,52.056705,35.000000,35.390009,1
24.653230,1785227258.729439259,car3,-0.024639,-0.512115,0.121063,-1.792560,0.020202,0.012174,0.000000,9.641520,-5.841720,1.799718,-2.125080,0.023587,0.000000,0.000000,0.000000,35.000000,-35.000000,35.000000,-35.000000,1
24.653230,1785227258.729439259,car4,1.298745,-0.483617,0.082741,1.059578,-0.016333,0.010884,0.000000,11.845646,8.891371,3.288506,1.069698,0.019627,0.000000,0.000000,0.000000,-35.000000,35.000000,35.000000,-35.000000,1
24.855420,1785227258.939469337,car1,0.035296,0.979656,0.093334,-1.642738,-0.057214,0.009475,0.000000,2.293923,-1.719893,-0.099649,-1.472522,0.057994,0.000000,0.000000,0.000000,35.000000,-35.000000,-35.000000,35.000000,1
24.855420,1785227258.939469337,car2,1.174430,1.050837,0.084211,-0.933840,0.048768,-0.032954,0.000000,2.131570,-1.790920,0.316910,-0.614429,0.058858,0.000000,0.000000,0.000000,-35.000000,46.328175,35.000000,35.000000,1
24.855420,1785227258.939469337,car3,-0.021389,-0.505227,0.120765,-2.164593,0.022571,0.010705,0.000000,1.400106,1.013643,0.148611,-2.125080,0.024981,0.000000,0.000000,0.000000,-35.000000,-35.000000,-35.000000,-35.000000,1
24.855420,1785227258.939469337,car4,1.296021,-0.479718,0.082878,0.989543,-0.014044,0.013166,0.000000,-0.419535,2.013533,-1.552716,1.069698,0.019250,0.000000,0.000000,0.000000,-35.000000,35.000000,35.000000,35.000000,1
25.058262,1785227259.149577141,car1,0.037914,0.975147,0.093219,-1.809002,-0.053903,0.012576,0.000000,0.341746,-0.459283,0.131853,-1.472522,0.055351,0.000000,0.000000,0.000000,-35.000000,35.000000,-40.715583,41.047368,1
25.058262,1785227259.149577141,car2,1.175607,1.049010,0.084545,-1.016720,0.050377,-0.034083,0.000000,-0.645147,0.113396,0.199110,-0.614429,0.060824,0.000000,0.000000,0.000000,-35.000000,53.618517,-35.000000,37.013576,1
25.058262,1785227259.149577141,car3,-0.015262,-0.500070,0.119860,-2.398489,0.021252,0.012142,0.000000,-1.237330,-5.161202,-0.669993,-2.125080,0.024476,0.000000,0.000000,0.000000,-35.000000,35.000000,-35.000000,35.000000,1
25.058262,1785227259.149577141,car4,1.300349,-0.471640,0.082538,1.042098,-0.017878,0.009789,0.000000,9.460639,8.467433,-4.357728,1.069698,0.020383,0.000000,0.000000,0.000000,-35.000000,35.000000,35.000000,-35.000000,1
25.260505,1785227259.349638700,car1,0.039868,0.978520,0.093286,-1.684466,-0.050828,0.011639,0.000000,0.031687,0.205810,-0.017745,-1.472522,0.052143,0.000000,0.000000,0.000000,35.000000,-35.000000,-35.000000,35.000000,1
25.260505,1785227259.349638700,car2,1.175613,1.049584,0.084500,-0.936603,0.050368,-0.032710,0.000000,0.721632,-0.215078,-0.570065,-0.614429,0.060057,0.000000,0.000000,0.000000,-35.000000,47.273670,35.000000,35.000000,1
25.260505,1785227259.349638700,car3,-0.007922,-0.505012,0.120686,-1.799377,0.018554,0.019521,0.000000,0.655187,-0.466203,0.193403,-2.125080,0.026932,0.000000,0.000000,0.000000,35.000000,-35.000000,35.000000,-35.000000,1
25.260505,1785227259.349638700,car4,1.299885,-0.460891,0.082776,1.082182,-0.018379,0.001949,0.000000,0.541879,1.318887,-0.339426,1.069698,0.018483,0.000000,0.000000,0.000000,-35.000000,35.000000,35.000000,-35.000000,1
25.462531,1785227259.549507380,car1,0.038899,0.977250,0.093365,-1.732591,-0.048774,0.011441,0.000000,0.432896,-2.315541,0.804445,-1.472522,0.050098,0.000000,0.000000,0.000000,-35.000000,-35.000000,-35.142801,35.000000,1
25.462531,1785227259.549507380,car2,1.177098,1.047199,0.084501,-1.050324,0.049478,-0.032222,0.000000,-2.890980,-1.634384,-1.433634,-0.614429,0.059045,0.000000,0.000000,0.000000,-35.000000,55.547184,-35.000000,37.612096,1
25.462531,1785227259.549507380,car3,-0.005306,-0.499654,0.120604,-2.167221,0.017262,0.018679,0.000000,-7.590176,-1.918240,-6.859595,-2.125080,0.025434,0.000000,0.000000,0.000000,-35.000000,-35.000000,-35.000000,-35.000000,1
25.462531,1785227259.549507380,car4,1.298712,-0.457707,0.082650,1.075518,-0.018276,0.002496,0.000000,1.344692,1.166521,3.572164,1.069698,0.018445,0.000000,0.000000,0.000000,-35.000000,35.000000,35.000000,-35.000000,1
25.664456,1785227259.749489546,car1,0.039674,0.977510,0.093174,-1.723690,-0.045079,0.010767,0.000000,0.673542,0.415880,-0.106651,-1.472522,0.046347,0.000000,0.000000,0.000000,-35.000000,35.000000,-35.000000,35.000000,1
25.664456,1785227259.749489546,car2,1.177320,1.046650,0.084543,-0.909993,0.049352,-0.031846,0.000000,2.019736,0.128551,-1.188123,-0.614429,0.058735,0.000000,0.000000,0.000000,-35.000000,44.654263,35.000000,35.000000,1
25.664456,1785227259.749489546,car3,0.005284,-0.491876,0.119915,-2.455657,0.013572,0.015716,0.000000,4.620715,1.495486,-2.019696,-2.125080,0.020765,0.000000,0.000000,0.000000,-35.000000,35.000000,-35.000000,35.000000,1
25.664456,1785227259.749489546,car4,1.298620,-0.457188,0.082763,1.080446,-0.018253,0.005796,0.000000,0.652307,0.241688,0.126512,1.069698,0.019151,0.000000,0.000000,0.000000,-35.000000,35.000000,35.000000,-35.000000,1
25.866397,1785227259.949537516,car1,0.040521,0.981602,0.093168,-1.623164,-0.043080,0.005745,0.000000,-0.105388,-0.000364,-0.124154,-1.472522,0.043461,0.000000,0.000000,0.000000,35.000000,-35.000000,-35.000000,35.000000,1
25.866397,1785227259.949537516,car2,1.180313,1.042521,0.084045,-0.958012,0.047974,-0.027791,0.000000,3.463143,-4.945651,-1.040703,-0.614429,0.055442,0.000000,0.000000,0.000000,-35.000000,47.434824,35.000000,35.000000,1
25.866397,1785227259.949537516,car3,0.011914,-0.494497,0.121016,-1.861059,0.011097,0.017082,0.000000,6.350975,-6.114156,-0.140982,-2.125080,0.020371,0.000000,0.000000,0.000000,35.000000,-35.000000,35.000000,-35.000000,1
25.866397,1785227259.949537516,car4,1.298718,-0.457265,0.082803,1.083226,-0.016359,0.005328,0.000000,2.431091,-0.389583,-0.493511,1.069698,0.017205,0.000000,0.000000,0.000000,-35.000000,35.000000,35.000000,-35.000000,1
26.068457,1785227260.159460306,car1,0.041004,0.978174,0.093223,-1.732338,-0.041082,0.007295,0.000000,-3.481771,-3.005601,3.252013,-1.472522,0.041725,0.000000,0.000000,0.000000,-35.000000,35.000000,-35.000000,35.000000,1
26.068457,1785227260.159460306,car2,1.180764,1.041514,0.084168,-0.976363,0.047933,-0.029048,0.000000,-0.299845,3.779408,-0.279294,-0.614429,0.056048,0.000000,0.000000,0.000000,-35.000000,48.912921,35.000000,35.000000,1
26.068457,1785227260.159460306,car3,0.016885,-0.482918,0.119966,-2.230203,0.009649,0.011835,0.000000,1.751309,17.240367,-1.483478,-2.125080,0.015270,0.000000,0.000000,0.000000,-35.000000,35.000000,-35.000000,35.000000,1
26.068457,1785227260.159460306,car4,1.298676,-0.457244,0.082865,1.077518,-0.016917,0.010315,0.000000,-0.311275,0.867845,-1.170214,1.069698,0.019813,0.000000,0.000000,0.000000,-35.000000,35.000000,35.000000,-35.000000,1
26.269966,1785227260.359554768,car1,0.043263,0.983560,0.093402,-1.584459,-0.039939,0.002168,0.000000,0.732686,0.923819,-0.030537,-1.472522,0.039998,0.000000,0.000000,0.000000,35.000000,-35.000000,-35.000000,35.000000,1
26.269966,1785227260.359554768,car2,1.180664,1.038872,0.084430,-1.036750,0.047720,-0.024996,0.000000,1.287895,-1.351953,0.141906,-0.614429,0.053871,0.000000,0.000000,0.000000,-35.000000,52.874208,-35.000000,35.000000,1
26.269966,1785227260.359554768,car3,0.024151,-0.476018,0.119951,-2.223539,0.000000,0.000000,0.000000,1.649972,-0.481730,0.272912,-2.125080,0.000000,0.000000,0.000000,0.000000,-35.000000,35.000000,-35.000000,35.000000,1
26.269966,1785227260.359554768,car4,1.298751,-0.457224,0.082599,1.084610,-0.015881,0.014430,0.000000,-0.919819,-0.204595,1.081168,1.069698,0.021458,0.000000,0.000000,0.000000,-35.000000,35.000000,35.000000,-35.000000,1
26.471803,1785227260.549435139,car1,0.043060,0.979835,0.093141,-1.696642,-0.034860,0.005723,0.000000,0.076483,-0.564383,0.011903,-1.472522,0.035326,0.000000,0.000000,0.000000,-35.000000,35.000000,-35.000000,35.000000,1
26.471803,1785227260.549435139,car2,1.180360,1.041213,0.084305,-0.957158,0.047985,-0.028096,0.000000,-0.348541,-0.101768,0.664243,-0.614429,0.055605,0.000000,0.000000,0.000000,-35.000000,47.399729,35.000000,35.000000,1
26.471803,1785227260.549435139,car3,0.035821,-0.478819,0.121217,-1.643019,0.000000,0.000000,0.000000,7.439133,-1.973938,-0.274583,-2.125080,0.000000,0.000000,0.000000,0.000000,35.000000,-35.000000,35.000000,-35.000000,1
26.471803,1785227260.549435139,car4,1.298608,-0.457130,0.082757,1.080451,-0.016469,0.012495,0.000000,-1.975684,-0.004695,2.682122,1.069698,0.020673,0.000000,0.000000,0.000000,-35.000000,35.000000,35.000000,-35.000000,1
26.673556,1785227260.749487877,car1,0.044056,0.984296,0.093369,-1.564649,-0.036678,0.001715,0.000000,0.248645,2.100547,0.172811,-1.472522,0.036718,0.000000,0.000000,0.000000,35.000000,-35.000000,-35.000000,35.000000,1
26.673556,1785227260.749487877,car2,1.180376,1.039199,0.084509,-1.031108,0.047767,-0.024803,0.000000,-0.890268,1.017783,-0.163852,-0.614429,0.053823,0.000000,0.000000,0.000000,-35.000000,52.463998,-35.000000,35.000000,1
26.673556,1785227260.749487877,car3,0.033663,-0.476607,0.119988,-2.176952,0.000000,0.000000,0.000000,1.005590,9.860245,-4.229995,-2.125080,0.000000,0.000000,0.000000,0.000000,-35.000000,35.000000,-35.000000,35.000000,1
26.673556,1785227260.749487877,car4,1.298638,-0.457060,0.082756,1.083617,-0.015669,0.014197,0.000000,0.346956,1.046892,1.803977,1.069698,0.021144,0.000000,0.000000,0.000000,-35.000000,35.000000,35.000000,-35.000000,1
26.875444,1785227260.959406137,car1,0.044151,0.980848,0.093543,-1.685376,-0.035549,0.004533,0.000000,-0.885428,-3.705395,1.838539,-1.472522,0.035836,0.000000,0.000000,0.000000,-35.000000,35.000000,-35.000000,35.000000,1
26.875444,1785227260.959406137,car2,1.179793,1.040306,0.084312,-0.929205,0.048234,-0.027103,0.000000,-1.067913,-3.521120,-1.446620,-0.614429,0.055327,0.000000,0.000000,0.000000,-35.000000,45.319050,35.000000,35.000000,1
26.875444,1785227260.959406137,car3,0.035754,-0.475205,0.119918,-2.276177,0.000000,0.000000,0.000000,3.663767,-7.079194,-1.031900,-2.125080,0.000000,0.000000,0.000000,0.000000,-35.000000,35.000000,-35.000000,35.000000,1
26.875444,1785227260.959406137,car4,1.298848,-0.457088,0.082596,1.087739,-0.016544,0.014373,0.000000,1.013203,0.641417,1.274684,1.069698,0.021916,0.000000,0.000000,0.000000,-35.000000,35.000000,35.000000,-35.000000,1
27.078089,1785227261.159483433,car1,0.044935,0.980900,0.093237,-1.671475,-0.031623,0.002835,0.000000,-0.084948,0.302439,-0.023425,-1.472522,0.031750,0.000000,0.000000,0.000000,-35.000000,35.000000,-35.000000,35.000000,1
27.078089,1785227261.159483433,car2,1.180779,1.037401,0.084513,-1.049268,0.047767,-0.025645,0.000000,-0.651172,1.033494,-0.491401,-0.614429,0.054216,0.000000,0.000000,0.000000,-35.000000,53.880695,-35.000000,35.000000,1
27.078089,1785227261.159483433,car3,0.046310,-0.480117,0.120537,-1.662848,0.000000,0.000000,0.000000,3.988345,-3.038837,-0.802330,-2.125080,0.000000,0.000000,0.000000,0.000000,35.000000,-35.000000,35.000000,-35.000000,1
27.078089,1785227261.159483433,car4,1.298721,-0.457105,0.082615,1.087453,-0.015942,0.012162,0.000000,0.337629,1.197930,-0.451194,1.069698,0.020051,0.000000,0.000000,0.000000,-35.000000,35.000000,35.000000,-35.000000,1
27.279810,1785227261.369475842,car1,0.046336,0.985869,0.093292,-1.565037,-0.032589,-0.000418,0.000000,0.335395,0.142861,0.158456,-1.472522,0.032591,0.000000,0.000000,0.000000,35.000000,-35.000000,-35.000000,35.000000,1
27.279810,1785227261.369475842,car2,1.177434,1.037462,0.084380,-0.858932,0.048863,-0.023013,0.000000,-3.060417,0.691067,-0.370866,-0.614429,0.054010,0.000000,0.000000,0.000000,-35.000000,40.068947,35.000000,35.000000,1
27.279810,1785227261.369475842,car3,0.047363,-0.477382,0.120233,-2.191568,0.000000,0.000000,0.000000,-0.478654,-0.392849,-1.404911,-2.125080,0.000000,0.000000,0.000000,0.000000,-35.000000,35.000000,-35.000000,35.000000,1
27.279810,1785227261.369475842,car4,1.298790,-0.457123,0.082559,1.088233,-0.016251,0.014057,0.000000,-0.023880,-0.245694,-0.017461,1.069698,0.021486,0.000000,0.000000,0.000000,-35.000000,35.000000,35.000000,-35.000000,1
27.481354,1785227261.569602013,car1,0.047932,0.981881,0.093334,-1.703340,-0.032095,0.000139,0.000000,0.331775,-0.169531,0.019857,-1.472522,0.032096,0.000000,0.000000,0.000000,-35.000000,35.000000,-35.000000,35.000000,1
27.481354,1785227261.569602013,car2,1.181238,1.034134,0.084249,-0.926633,0.047543,-0.023537,0.000000,1.486335,-0.241193,0.261130,-0.614429,0.053050,0.000000,0.000000,0.000000,-35.000000,44.564411,35.000000,35.000000,1
27.481354,1785227261.569602013,car3,0.049381,-0.476183,0.119880,-2.264753,0.000000,0.000000,0.000000,3.431527,-5.176969,-0.970494,-2.125080,0.000000,0.000000,0.000000,0.000000,-35.000000,35.000000,-35.000000,35.000000,1
27.481354,1785227261.569602013,car4,1.298790,-0.457123,0.082559,1.088233,-0.015231,0.014575,0.000000,1.634544,-0.820272,-1.138364,1.069698,0.021081,0.000000,0.000000,0.000000,-35.000000,35.000000,35.000000,-35.000000,1
27.683319,1785227261.769627094,car1,0.048815,0.987645,0.093257,-1.552973,-0.030818,-0.004148,0.000000,0.015675,0.368398,0.015055,-1.472522,0.031096,0.000000,0.000000,0.000000,35.000000,-35.000000,-35.000000,35.000000,1
27.683319,1785227261.769627094,car2,1.183153,1.033345,0.084068,-0.961128,0.046564,-0.020261,0.000000,-0.217017,0.130693,0.067724,-0.614429,0.050781,0.000000,0.000000,0.000000,-35.000000,46.395414,35.000000,35.000000,1
27.683319,1785227261.769627094,car3,0.055485,-0.481119,0.120480,-1.793098,0.000000,0.000000,0.000000,1.360804,-0.927735,0.031769,-2.125080,0.000000,0.000000,0.000000,0.000000,35.000000,-35.000000,35.000000,-35.000000,1
27.683319,1785227261.769627094,car4,1.298733,-0.457155,0.082509,1.086184,-0.013270,0.013144,0.000000,-0.203428,0.223245,-0.057216,1.069698,0.018678,0.000000,0.000000,0.000000,-35.000000,35.000000,35.000000,-35.000000,1
27.885067,1785227261.969483852,car1,0.049883,0.984712,0.093117,-1.656785,-0.030352,-0.003381,0.000000,-0.363249,-0.250033,-0.323595,-1.472522,0.030540,0.000000,0.000000,0.000000,-35.000000,35.000000,-35.000000,35.000000,1
27.885067,1785227261.969483852,car2,1.183963,1.031500,0.084354,-0.922209,0.046337,-0.020873,0.000000,0.057750,-0.306536,-0.712195,-0.614429,0.050822,0.000000,0.000000,0.000000,-35.000000,43.500124,35.000000,35.000000,1
27.885067,1785227261.969483852,car3,0.057164,-0.476538,0.120209,-2.329075,0.000000,0.000000,0.000000,1.440059,2.703960,-0.298723,-2.125080,0.000000,0.000000,0.000000,0.000000,-35.000000,35.000000,-35.000000,35.000000,1
27.885067,1785227261.969483852,car4,1.298711,-0.457279,0.082560,1.084555,-0.013324,0.015243,0.000000,0.520160,0.404919,-1.789432,1.069698,0.020245,0.000000,0.000000,0.000000,-35.000000,35.000000,35.000000,-35.000000,1
28.087041,1785227262.169504404,car1,0.052516,0.986163,0.093266,-1.599542,-0.030886,-0.005944,0.000000,-0.018624,0.140363,0.011259,-1.472522,0.031453,0.000000,0.000000,0.000000,35.000000,35.000000,-35.000000,35.000000,1
28.087041,1785227262.169504404,car2,1.185817,1.029056,0.084594,-0.914182,0.045589,-0.018978,0.000000,0.172863,-0.082571,0.112766,-0.614429,0.049382,0.000000,0.000000,0.000000,-35.000000,42.445488,35.000000,35.000000,1
28.087041,1785227262.169504404,car3,0.059864,-0.478285,0.120874,-1.910708,0.000000,0.000000,0.000000,1.516499,0.479478,0.508907,-2.125080,0.000000,0.000000,0.000000,0.000000,35.000000,-35.000000,35.000000,-35.000000,1
28.087041,1785227262.169504404,car4,1.298778,-0.457270,0.082502,1.081346,-0.011939,0.015017,0.000000,0.195959,0.056723,-0.176246,1.069698,0.019185,0.000000,0.000000,0.000000,-35.000000,35.000000,35.000000,-35.000000,1
28.289342,1785227262.379473209,car1,0.058947,0.985454,0.093266,-1.593915,-0.033324,-0.007694,0.000000,0.332722,-0.006968,0.015529,-1.472522,0.034201,0.000000,0.000000,0.000000,35.000000,-35.000000,-35.000000,35.000000,1
28.289342,1785227262.379473209,car2,1.188382,1.026445,0.084631,-0.941203,0.044587,-0.018219,0.000000,0.654130,-0.368465,-0.107945,-0.614429,0.048166,0.000000,0.000000,0.000000,-35.000000,43.881745,35.000000,35.000000,1
28.289342,1785227262.379473209,car3,0.062796,-0.479508,0.121021,-1.939012,0.000000,0.000000,0.000000,0.513358,0.005901,0.771932,-2.125080,0.000000,0.000000,0.000000,0.000000,35.000000,-35.000000,35.000000,-35.000000,1
28.289342,1785227262.379473209,car4,1.298683,-0.457169,0.082510,1.084500,-0.009828,0.015328,0.000000,-0.393610,-0.012433,1.255643,1.069698,0.018208,0.000000,0.000000,0.000000,-35.000000,35.000000,35.000000,-35.000000,1
28.490855,1785227262.579487562,car1,0.060809,0.984650,0.093111,-1.664522,-0.032840,-0.010593,0.000000,0.035698,-0.028528,0.005692,-1.472522,0.034506,0.000000,0.000000,0.000000,35.000000,35.000000,-35.000000,35.000000,1
28.490855,1785227262.579487562,car2,1.193229,1.020605,0.084448,-0.892737,0.042648,-0.015824,0.000000,-0.771512,0.349638,-0.120809,-0.614429,0.045489,0.000000,0.000000,0.000000,-35.000000,39.341929,35.000000,35.000000,1
28.490855,1785227262.579487562,car3,0.066065,-0.478995,0.119995,-2.254086,0.000000,0.000000,0.000000,-0.584164,-0.062844,-0.167095,-2.125080,0.000000,0.000000,0.000000,0.000000,-35.000000,35.000000,-35.000000,35.000000,1
28.490855,1785227262.579487562,car4,1.298505,-0.457285,0.082565,1.088364,-0.007724,0.016077,0.000000,0.787994,0.178755,-0.401188,1.069698,0.017837,0.000000,0.000000,0.000000,35.000000,35.000000,35.000000,-35.000000,1
28.692468,1785227262.779549837,car1,0.068688,0.984340,0.093256,-1.633224,-0.034677,-0.011695,0.000000,0.771936,0.035336,0.231326,-1.472522,0.036596,0.000000,0.000000,0.000000,35.000000,35.000000,-35.000000,35.000000,1
28.692468,1785227262.779549837,car2,1.196143,1.018181,0.084121,-0.916298,0.042853,-0.014761,0.000000,0.643110,-0.318421,-0.879545,-0.614429,0.045324,0.000000,0.000000,0.000000,-35.000000,41.061035,35.000000,35.000000,1
28.692468,1785227262.779549837,car3,0.069450,-0.480772,0.120726,-1.862576,0.000000,0.000000,0.000000,-1.428505,4.504150,0.278149,-2.125080,0.000000,0.000000,0.000000,0.000000,35.000000,-35.000000,35.000000,-35.000000,1
28.692468,1785227262.779549837,car4,1.301577,-0.452592,0.082296,1.006048,-0.007768,0.012974,0.000000,9.154594,9.877583,-2.276051,1.069698,0.015122,0.000000,0.000000,0.000000,-35.000000,35.000000,35.000000,35.000000,1
28.894056,1785227262.979583025,car1,0.076356,0.983600,0.093199,-1.588859,-0.034524,-0.011148,0.000000,0.451909,0.024863,0.081983,-1.472522,0.036279,0.000000,0.000000,0.000000,35.000000,35.000000,-35.000000,35.000000,1
28.894056,1785227262.979583025,car2,1.197424,1.016259,0.084353,-0.910414,0.045467,-0.013821,0.000000,0.270109,-0.417327,0.091456,-0.614429,0.047521,0.000000,0.000000,0.000000,-35.000000,41.810632,35.000000,35.000000,1
28.894056,1785227262.979583025,car3,0.073868,-0.476405,0.119095,-2.387863,0.000612,0.015659,0.000000,0.806878,0.995643,-0.517092,-2.125080,0.015671,0.000000,0.000000,0.000000,-35.000000,35.000000,-35.000000,35.000000,1
28.894056,1785227262.979583025,car4,1.308856,-0.444107,0.082920,1.126179,-0.011855,0.009528,0.000000,0.860220,1.131411,1.601478,1.069698,0.015209,0.000000,0.000000,0.000000,-35.000000,35.000000,35.000000,-35.000000,1
29.096111,1785227263.180077553,car1,0.077894,0.981707,0.093116,-1.618287,-0.032626,-0.010947,0.000000,0.262677,-0.063180,-0.132687,-1.472522,0.034414,0.000000,0.000000,0.000000,35.000000,35.000000,-35.000000,35.000000,1
29.096111,1785227263.180077553,car2,1.199122,1.014375,0.083959,-0.926315,0.044849,-0.013924,0.000000,0.636825,0.317318,-0.291531,-0.614429,0.046960,0.000000,0.000000,0.000000,-35.000000,42.646553,35.000000,35.000000,1
29.096111,1785227263.180077553,car3,0.079428,-0.476265,0.120830,-1.998198,-0.001086,0.016515,0.000000,-2.589997,-5.422358,4.562914,-2.125080,0.016550,0.000000,0.000000,0.000000,35.000000,-35.000000,35.000000,-35.000000,1
29.096111,1785227263.180077553,car4,1.308699,-0.442354,0.082808,0.986212,0.000000,0.000000,0.000000,3.345431,-0.213855,-0.577568,1.069698,0.000000,0.000000,0.000000,0.000000,-35.000000,35.000000,-35.000000,35.000000,1
29.298367,1785227263.389584541,car1,0.084479,0.982092,0.093032,-1.536374,-0.034325,-0.011983,0.000000,0.888884,2.177608,-0.838697,-1.472522,0.036357,0.000000,0.000000,0.000000,35.000000,-35.000000,-35.000000,35.000000,1
29.298367,1785227263.389584541,car2,1.199052,1.014104,0.083998,-0.929856,0.046508,-0.013404,0.000000,-0.117341,-0.378314,1.280755,-0.614429,0.048401,0.000000,0.000000,0.000000,-35.000000,43.633725,35.000000,35.000000,1
29.298367,1785227263.389584541,car3,0.084391,-0.475590,0.120912,-1.860498,0.000000,0.000000,0.000000,2.640143,4.054408,0.141786,-2.125080,0.000000,0.000000,0.000000,0.000000,35.000000,-35.000000,35.000000,-35.000000,1
29.298367,1785227263.389584541,car4,1.313164,-0.445987,0.082619,1.160582,-0.012202,0.011181,0.000000,-6.035634,-5.855377,1.699326,1.069698,0.016550,0.000000,0.000000,0.000000,35.000000,35.000000,35.000000,-35.000000,1
29.500145,1785227263.589474916,car1,0.082583,0.980467,0.093052,-1.609450,-0.031383,-0.011001,0.000000,0.065383,0.026498,0.064734,-1.472522,0.033255,0.000000,0.000000,0.000000,35.000000,35.000000,-35.000000,35.000000,1
29.500145,1785227263.589474916,car2,1.199684,1.013361,0.084277,-0.957003,0.045725,-0.013965,0.000000,-0.110602,-0.135335,0.352334,-0.614429,0.047810,0.000000,0.000000,0.000000,-35.000000,45.200701,-35.000000,35.000000,1
29.500145,1785227263.589474916,car3,0.087983,-0.470345,0.119003,-2.422216,0.000000,0.000000,0.000000,0.188839,0.647226,-0.200224,-2.125080,0.000000,0.000000,0.000000,0.000000,-35.000000,35.000000,-35.000000,35.000000,1
29.500145,1785227263.589474916,car4,1.311472,-0.443328,0.082925,0.932145,-0.012180,0.011953,0.000000,-1.138677,0.752051,0.894293,1.069698,0.017066,0.000000,0.000000,0.000000,-35.000000,35.000000,-35.000000,35.000000,1
29.701895,1785227263.789451838,car1,0.087821,0.980964,0.092959,-1.560830,-0.032917,-0.011439,0.000000,-0.078515,0.136327,-0.088588,-1.472522,0.034849,0.000000,0.000000,0.000000,35.000000,-35.000000,-35.000000,35.000000,1
29.701895,1785227263.789451838,car2,1.198983,1.014096,0.083864,-0.938461,0.046632,-0.014035,0.000000,1.210296,-0.112317,-0.224548,-0.614429,0.048699,0.000000,0.000000,0.000000,-35.000000,44.336477,35.000000,35.000000,1
29.701895,1785227263.789451838,car3,0.091663,-0.474944,0.119538,-1.987258,-0.001963,0.015112,0.000000,0.839795,-0.533664,1.427873,-2.125080,0.015239,0.000000,0.000000,0.000000,35.000000,-35.000000,35.000000,-35.000000,1
29.701895,1785227263.789451838,car4,1.313184,-0.444112,0.082600,1.140858,-0.012120,0.010586,0.000000,-2.530602,4.506447,-0.753546,1.069698,0.016093,0.000000,0.000000,0.000000,35.000000,35.000000,35.000000,-35.000000,1
29.903520,1785227263.989579201,car1,0.086394,0.979602,0.092990,-1.602271,-0.029128,-0.010080,0.000000,-0.042073,0.027732,-0.026350,-1.472522,0.030823,0.000000,0.000000,0.000000,35.000000,35.000000,-35.000000,35.000000,1
29.903520,1785227263.989579201,car2,1.199746,1.013088,0.084194,-0.941657,0.047506,-0.014041,0.000000,-0.411378,0.172941,-0.145751,-0.614429,0.049538,0.000000,0.000000,0.000000,-35.000000,44.967166,35.000000,35.000000,1
29.903520,1785227263.989579201,car3,0.095692,-0.479731,0.120892,-1.654835,-0.004435,0.019232,0.000000,-0.440206,-0.224735,0.326370,-2.125080,0.019736,0.000000,0.000000,0.000000,35.000000,-39.624609,35.000000,-35.602339,1
29.903520,1785227263.989579201,car4,1.315797,-0.440452,0.083028,0.958408,-0.014404,0.005084,0.000000,1.270253,1.055445,0.637838,1.069698,0.015275,0.000000,0.000000,0.000000,-35.000000,35.000000,-35.000000,35.000000,1
30.105365,1785227264.189594269,car1,0.093215,0.980270,0.093019,-1.519184,-0.032526,-0.012851,0.000000,0.260631,0.574866,-0.172192,-1.472522,0.034973,0.000000,0.000000,0.000000,35.000000,-35.000000,-35.000000,35.000000,1
30.105365,1785227264.189594269,car2,1.200778,1.011364,0.084086,-0.946445,0.046935,-0.012948,0.000000,0.169433,-0.142167,0.046876,-0.614429,0.048688,0.000000,0.000000,0.000000,-35.000000,44.952020,35.000000,35.000000,1
30.105365,1785227264.189594269,car3,0.099108,-0.471101,0.119155,-2.296667,0.000000,0.000000,0.000000,2.044288,1.047174,-1.031478,-2.125080,0.000000,0.000000,0.000000,0.000000,-35.000000,35.000000,-35.000000,35.000000,1
30.105365,1785227264.189594269,car4,1.315707,-0.444571,0.083158,1.165731,-0.012059,0.012961,0.000000,-1.700921,-1.058140,0.602330,1.069698,0.017704,0.000000,0.000000,0.000000,35.000000,35.000000,35.000000,-35.000000,1
30.308395,1785227264.399513483,car1,0.091284,0.978347,0.092939,-1.590690,-0.029117,-0.010892,0.000000,0.019039,-0.243113,0.002031,-1.472522,0.031087,0.000000,0.000000,0.000000,35.000000,35.000000,-35.000000,35.000000,1
30.308395,1785227264.399513483,car2,1.200815,1.011306,0.084161,-0.944217,0.047233,-0.013867,0.000000,-1.302889,0.653829,0.207009,-0.614429,0.049227,0.000000,0.000000,0.000000,-35.000000,45.005438,35.000000,35.000000,1
30.308395,1785227264.399513483,car3,0.102450,-0.468275,0.118953,-2.208926,0.000000,0.000000,0.000000,7.953748,3.115456,-10.113964,-2.125080,0.000000,0.000000,0.000000,0.000000,-35.000000,35.000000,-35.000000,35.000000,1
30.308395,1785227264.399513483,car4,1.316119,-0.441266,0.082508,0.996940,-0.013639,0.011669,0.000000,-6.032140,-0.432993,-1.779986,1.069698,0.017949,0.000000,0.000000,0.000000,-35.000000,35.000000,35.000000,-35.000000,1
30.510086,1785227264.599478960,car1,0.095154,0.978818,0.093005,-1.537068,-0.029154,-0.013168,0.000000,-0.239222,0.104940,-0.124577,-1.472522,0.031990,0.000000,0.000000,0.000000,35.000000,-35.000000,-35.000000,35.000000,1
30.510086,1785227264.599478960,car2,1.199786,1.008888,0.084409,-0.885560,0.047084,-0.012416,0.000000,0.998492,-3.609719,0.649343,-0.614429,0.048694,0.000000,0.000000,0.000000,-35.000000,40.745213,35.000000,35.000000,1
30.510086,1785227264.599478960,car3,0.108720,-0.471209,0.120527,-1.814570,-0.005974,0.014808,0.000000,4.595783,4.542284,3.724607,-2.125080,0.015968,0.000000,0.000000,0.000000,35.000000,-35.000000,35.000000,-35.000000,1
30.510086,1785227264.599478960,car4,1.314703,-0.441280,0.082718,1.001166,-0.012378,0.010973,0.000000,2.819513,1.870417,-1.663413,1.069698,0.016542,0.000000,0.000000,0.000000,-35.000000,35.000000,35.000000,-35.000000,1
30.712016,1785227264.789429665,car1,0.093519,0.976650,0.093221,-1.609680,-0.027115,-0.012092,0.000000,0.021302,-0.210515,0.362430,-1.472522,0.029689,0.000000,0.000000,0.000000,35.000000,35.000000,-35.000000,35.000000,1
30.712016,1785227264.789429665,car2,1.201182,1.008186,0.084332,-0.898978,0.046056,-0.013331,0.000000,0.436994,-1.063541,-0.097125,-0.614429,0.047946,0.000000,0.000000,0.000000,-35.000000,41.253124,35.000000,35.000000,1
30.712016,1785227264.789429665,car3,0.111096,-0.466011,0.119710,-2.371294,0.000000,0.000000,0.000000,1.714268,3.316948,-1.486017,-2.125080,0.000000,0.000000,0.000000,0.000000,-35.000000,35.000000,-35.000000,35.000000,1
30.712016,1785227264.789429665,car4,1.313331,-0.441282,0.083008,0.988287,-0.011806,0.013377,0.000000,-5.624267,-0.529077,3.859610,1.069698,0.017842,0.000000,0.000000,0.000000,-35.000000,35.000000,35.000000,35.000000,1
30.913675,1785227264.989433527,car1,0.100454,0.977509,0.093323,-1.456783,-0.028425,-0.013141,0.000000,1.585062,-0.287376,-0.200284,-1.472522,0.031316,0.000000,0.000000,0.000000,35.000000,-35.000000,-35.000000,35.000000,1
30.913675,1785227264.989433527,car2,1.201243,1.008123,0.084336,-0.899381,0.046853,-0.012806,0.000000,0.068994,-0.449513,0.393210,-0.614429,0.048572,0.000000,0.000000,0.000000,-35.000000,41.626789,35.000000,35.000000,1
30.913675,1785227264.989433527,car3,0.116909,-0.464269,0.118682,-2.178750,0.000000,0.000000,0.000000,1.368760,-1.834773,2.080518,-2.125080,0.000000,0.000000,0.000000,0.000000,-35.000000,35.000000,-35.000000,35.000000,1
30.913675,1785227264.989433527,car4,1.315366,-0.440003,0.082787,1.034471,-0.011767,0.014089,0.000000,-0.545235,0.429828,0.807566,1.069698,0.018357,0.000000,0.000000,0.000000,-35.000000,35.000000,35.000000,-35.000000,1
31.115422,1785227265.199671745,car1,0.099578,0.975518,0.092952,-1.638907,-0.024584,-0.011569,0.000000,0.193163,-0.139412,-0.015530,-1.472522,0.027170,0.000000,0.000000,0.000000,35.000000,35.000000,-35.000000,35.000000,1
31.115422,1785227265.199671745,car2,1.201566,1.008135,0.084353,-0.912831,0.046850,-0.013868,0.000000,-0.313413,-0.230361,0.123318,-0.614429,0.048860,0.000000,0.000000,0.000000,-35.000000,42.630653,35.000000,35.000000,1
31.115422,1785227265.199671745,car3,0.124178,-0.468878,0.120250,-1.549524,-0.010557,0.014473,0.000000,0.901686,0.180753,0.726610,-2.125080,0.017914,0.000000,0.000000,0.000000,36.887952,-46.683910,35.000000,-39.852908,1
31.115422,1785227265.199671745,car4,1.315529,-0.439729,0.082725,1.039989,-0.012187,0.011150,0.000000,1.662859,0.659282,0.236768,1.069698,0.016518,0.000000,0.000000,0.000000,-35.000000,35.000000,35.000000,-35.000000,1
31.317925,1785227265.409466267,car1,0.107259,0.975607,0.093020,-1.578685,-0.028719,-0.013028,0.000000,0.658739,-0.074212,-0.122311,-1.472522,0.031536,0.000000,0.000000,0.000000,35.000000,35.000000,-35.000000,35.000000,1
31.317925,1785227265.409466267,car2,1.201470,1.008141,0.084431,-0.915516,0.046079,-0.014077,0.000000,0.199728,-0.039545,0.054776,-0.614429,0.048181,0.000000,0.000000,0.000000,-35.000000,42.471641,35.000000,35.000000,1
31.317925,1785227265.409466267,car3,0.126601,-0.459454,0.117864,-2.230440,0.000000,0.000000,0.000000,1.492869,2.591969,0.324893,-2.125080,0.000000,0.000000,0.000000,0.000000,-35.000000,35.000000,-35.000000,35.000000,1
31.317925,1785227265.409466267,car4,1.313516,-0.440464,0.082557,1.013563,-0.009530,0.017827,0.000000,-0.599610,0.169283,0.282052,1.069698,0.020214,0.000000,0.000000,0.000000,-35.000000,35.000000,35.000000,35.000000,1
31.519468,1785227265.609469652,car1,0.113627,0.973688,0.093353,-1.469914,-0.031303,-0.012344,0.000000,-0.310144,0.198391,-0.033458,-1.472522,0.033649,0.000000,0.000000,0.000000,35.000000,-35.000000,-35.000000,35.000000,1
31.519468,1785227265.609469652,car2,1.201577,1.008148,0.084307,-0.915294,0.046437,-0.015171,0.000000,-0.160783,-0.146531,0.765812,-0.614429,0.048852,0.000000,0.000000,0.000000,-35.000000,42.690126,35.000000,35.000000,1
31.519468,1785227265.609469652,car3,0.128300,-0.459463,0.118315,-2.181155,0.000000,0.000000,0.000000,3.620368,-2.088582,0.422488,-2.125080,0.000000,0.000000,0.000000,0.000000,-35.000000,35.000000,-35.000000,35.000000,1
31.519468,1785227265.609469652,car4,1.314296,-0.439386,0.082744,1.008176,-0.009214,0.017660,0.000000,-4.144732,-0.663090,-2.200549,1.069698,0.019919,0.000000,0.000000,0.000000,-35.000000,35.000000,35.000000,35.000000,1
31.721302,1785227265.809458494,car1,0.113299,0.971542,0.093010,-1.606615,-0.028823,-0.010435,0.000000,1.120588,0.256365,-0.150534,-1.472522,0.030654,0.000000,0.000000,0.000000,35.000000,35.000000,-35.000000,35.000000,1
31.721302,1785227265.809458494,car2,1.201562,1.008174,0.084360,-0.913467,0.047153,-0.016230,0.000000,-0.683101,0.365270,0.217866,-0.614429,0.049868,0.000000,0.000000,0.000000,-35.000000,42.959310,35.000000,35.000000,1
31.721302,1785227265.809458494,car3,0.131882,-0.463648,0.119290,-1.753343,-0.008040,0.012890,0.000000,2.669325,9.721584,-0.183612,-2.125080,0.015191,0.000000,0.000000,0.000000,35.000000,-35.000000,35.000000,-35.000000,1
31.721302,1785227265.809458494,car4,1.315830,-0.437972,0.082657,1.047952,-0.010758,0.014010,0.000000,0.919469,-0.875712,0.008050,1.069698,0.017664,0.000000,0.000000,0.000000,-35.000000,35.000000,35.000000,-35.000000,1
31.922927,1785227266.009586811,car1,0.121502,0.971507,0.092890,-1.584166,-0.033014,-0.011886,0.000000,0.304074,-0.089604,-0.061164,-1.472522,0.035088,0.000000,0.000000,0.000000,35.000000,35.000000,-35.000000,35.000000,1
31.922927,1785227266.009586811,car2,1.201574,1.008114,0.084444,-0.917865,0.046182,-0.016533,0.000000,0.455057,0.358394,-0.555385,-0.614429,0.049052,0.000000,0.000000,0.000000,-35.000000,42.838154,35.000000,35.000000,1
31.922927,1785227266.009586811,car3,0.135083,-0.458250,0.119102,-2.388618,0.000000,0.000000,0.000000,4.891582,1.540450,-0.552022,-2.125080,0.000000,0.000000,0.000000,0.000000,-35.000000,35.000000,-35.000000,35.000000,1
31.922927,1785227266.009586811,car4,1.313369,-0.438268,0.083175,0.979885,-0.007668,0.018556,0.000000,0.063728,1.370202,1.771676,1.069698,0.020078,0.000000,0.000000,0.000000,-35.000000,35.000000,35.000000,35.000000,1
32.124809,1785227266.209709883,car1,0.123222,0.970822,0.092775,-1.613976,-0.033043,-0.011217,0.000000,17.249826,8.558230,0.977229,-1.472522,0.034895,0.000000,0.000000,0.000000,35.000000,35.000000,-35.000000,35.000000,1
32.124809,1785227266.209709883,car2,1.201598,1.008080,0.084294,-0.915915,0.047210,-0.016748,0.000000,-0.621177,-0.202154,1.972022,-0.614429,0.050093,0.000000,0.000000,0.000000,-35.000000,43.192491,35.000000,35.000000,1
32.124809,1785227266.209709883,car3,0.135851,-0.460960,0.119138,-2.173501,0.000000,0.000000,0.000000,11.460006,-23.140390,-2.100253,-2.125080,0.000000,0.000000,0.000000,0.000000,-35.000000,35.000000,-35.000000,35.000000,1
32.124809,1785227266.209709883,car4,1.315889,-0.437517,0.082593,1.039244,-0.009053,0.016369,0.000000,-1.069862,-2.667278,-3.028406,1.069698,0.018705,0.000000,0.000000,0.000000,-35.000000,35.000000,35.000000,-35.000000,1
32.326703,1785227266.409625530,car1,0.128157,0.972247,0.092829,-1.565002,-0.034132,-0.012709,0.000000,18.003685,0.514728,-5.252075,-1.472522,0.036421,0.000000,0.000000,0.000000,35.000000,-35.000000,-35.000000,35.000000,1
32.326703,1785227266.409625530,car2,1.201667,1.008070,0.084381,-0.916004,0.047206,-0.016049,0.000000,1.148192,-1.112942,1.001738,-0.614429,0.049860,0.000000,0.000000,0.000000,-35.000000,43.153975,35.000000,35.000000,1
32.326703,1785227266.409625530,car3,0.140784,-0.468347,0.119257,-1.687325,-0.005676,0.015920,0.000000,-7.073784,6.628066,-0.685760,-2.125080,0.016902,0.000000,0.000000,0.000000,35.000000,-36.730794,35.000000,-35.000000,1
32.326703,1785227266.409625530,car4,1.316010,-0.437003,0.083102,1.031601,-0.007776,0.013105,0.000000,1.533433,-5.824214,-0.904348,1.069698,0.015239,0.000000,0.000000,0.000000,-35.000000,35.000000,35.000000,35.000000,1
32.529509,1785227266.599634409,car1,0.127849,0.970344,0.092881,-1.619926,-0.032705,-0.011409,0.000000,-2.456741,-0.348540,-0.483393,-1.472522,0.034638,0.000000,0.000000,0.000000,35.000000,35.000000,-35.000000,35.000000,1
32.529509,1785227266.599634409,car2,1.201654,1.008068,0.084345,-0.917880,0.047384,-0.017063,0.000000,0.298799,0.056290,1.050744,-0.614429,0.050363,0.000000,0.000000,0.000000,-35.000000,43.434012,35.000000,35.000000,1
32.529509,1785227266.599634409,car3,0.143229,-0.460106,0.119325,-2.296803,0.000000,0.000000,0.000000,7.488217,9.729594,4.026993,-2.125080,0.000000,0.000000,0.000000,0.000000,-35.000000,35.000000,-35.000000,35.000000,1
32.529509,1785227266.599634409,car4,1.316350,-0.437691,0.082821,1.072614,-0.008438,0.017357,0.000000,1.246491,7.011699,-0.077292,1.069698,0.019300,0.000000,0.000000,0.000000,-35.000000,35.000000,35.000000,-35.000000,1
32.731684,1785227266.789751053,car1,0.133195,0.969937,0.092994,-1.569818,-0.035330,-0.012076,0.000000,4.863914,-1.608225,0.131538,-1.472522,0.037337,0.000000,0.000000,0.000000,35.000000,-35.000000,-35.000000,35.000000,1
32.731684,1785227266.789751053,car2,1.201626,1.008088,0.084355,-0.917491,0.046547,-0.017548,0.000000,-0.639757,-1.196014,2.303945,-0.614429,0.049745,0.000000,0.000000,0.000000,-35.000000,43.045099,35.000000,35.000000,1
32.731684,1785227266.789751053,car3,0.145654,-0.461595,0.119165,-2.230531,0.000000,0.000000,0.000000,2.317713,-8.667058,1.067745,-2.125080,0.000000,0.000000,0.000000,0.000000,-35.000000,35.000000,-35.000000,35.000000,1
32.731684,1785227266.789751053,car4,1.314119,-0.437404,0.083022,1.025277,-0.006090,0.017549,0.000000,4.080138,2.457690,-1.472035,1.069698,0.018576,0.000000,0.000000,0.000000,-35.000000,35.000000,35.000000,35.000000,1
32.933685,1785227266.999501467,car1,0.135061,0.969038,0.092829,-1.643683,-0.034362,-0.011227,0.000000,-1.643730,-0.557346,-0.283774,-1.472522,0.036149,0.000000,0.000000,0.000000,35.000000,35.000000,-35.000000,35.000000,1
32.933685,1785227266.999501467,car2,1.201694,1.008131,0.084339,-0.917350,0.047434,-0.017957,0.000000,0.077556,0.182468,0.550518,-0.614429,0.050719,0.000000,0.000000,0.000000,-35.000000,43.474733,35.000000,35.000000,1
32.933685,1785227266.999501467,car3,0.149068,-0.468033,0.119366,-1.823863,-0.006281,0.016229,0.000000,-1.870198,-0.116028,-0.003738,-2.125080,0.017403,0.000000,0.000000,0.000000,35.000000,-35.000000,35.000000,-35.000000,1
32.933685,1785227266.999501467,car4,1.316269,-0.436276,0.083058,1.058227,-0.007197,0.013244,0.000000,0.385804,-0.459056,-0.232045,1.069698,0.015073,0.000000,0.000000,0.000000,-35.000000,35.000000,35.000000,-35.000000,1
33.135668,1785227267.179458857,car1,0.138423,0.970196,0.092957,-1.624178,-0.035529,-0.012755,0.000000,5.764553,1.743228,0.450951,-1.472522,0.037749,0.000000,0.000000,0.000000,35.000000,35.000000,-35.000000,35.000000,1
33.135668,1785227267.179458857,car2,1.201618,1.008075,0.084370,-0.917779,0.047043,-0.017417,0.000000,0.761924,0.839868,-0.426785,-0.614429,0.050164,0.000000,0.000000,0.000000,-35.000000,43.289335,35.000000,35.000000,1
33.135668,1785227267.179458857,car3,0.152614,-0.461304,0.118470,-2.355680,0.000000,0.000000,0.000000,6.598618,11.285154,1.371086,-2.125080,0.000000,0.000000,0.000000,0.000000,-35.000000,35.000000,-35.000000,35.000000,1
33.135668,1785227267.179458857,car4,1.315415,-0.437882,0.082522,1.071838,-0.005686,0.018451,0.000000,-0.603135,0.006388,-0.679653,1.069698,0.019307,0.000000,0.000000,0.000000,35.000000,35.000000,35.000000,-35.000000,1
33.338986,1785227267.429474831,car1,0.144504,0.970986,0.092714,-1.676611,-0.037884,-0.012907,0.000000,21.678744,0.956295,-2.877820,-1.472522,0.040023,0.000000,0.000000,0.000000,35.000000,35.000000,-35.000000,35.000000,1
33.338986,1785227267.429474831,car2,1.201699,1.008053,0.084367,-0.916730,0.048750,-0.016783,0.000000,-0.232359,0.258896,0.036747,-0.614429,0.051559,0.000000,0.000000,0.000000,-35.000000,43.972744,35.000000,35.000000,1
33.338986,1785227267.429474831,car3,0.152163,-0.463170,0.117887,-2.122156,-0.003602,0.015506,0.000000,23.148893,-26.603769,-3.915300,-2.125080,0.015919,0.000000,0.000000,0.000000,35.000000,-35.000000,-35.000000,-35.000000,1
33.338986,1785227267.429474831,car4,1.319495,-0.432909,0.082781,0.955824,-0.007629,0.014500,0.000000,3.309682,-0.650022,-3.946788,1.069698,0.016384,0.000000,0.000000,0.000000,-35.000000,35.000000,-35.000000,35.000000,1
33.541040,1785227267.589409351,car1,0.147657,0.970904,0.092694,-1.691569,-0.039779,-0.014017,0.000000,4.815528,-0.662115,0.284261,-1.472522,0.042176,0.000000,0.000000,0.000000,35.000000,35.000000,-35.000000,35.000000,1
33.541040,1785227267.589409351,car2,1.201732,1.008063,0.084335,-0.916895,0.048607,-0.016923,0.000000,-1.257501,-0.238118,0.546111,-0.614429,0.051469,0.000000,0.000000,0.000000,-35.000000,43.926160,35.000000,35.000000,1
33.541040,1785227267.589409351,car3,0.154978,-0.462258,0.119333,-1.737123,0.000000,0.000000,0.000000,-0.287101,31.015292,0.910529,-2.125080,0.000000,0.000000,0.000000,0.000000,35.000000,-35.000000,35.000000,-35.000000,1
33.541040,1785227267.589409351,car4,1.319718,-0.439927,0.082627,1.171951,-0.005851,0.019791,0.000000,-6.211337,-13.989992,1.707173,1.069698,0.020638,0.000000,0.000000,0.000000,35.000000,35.000000,35.000000,-35.000000,1
33.743208,1785227267.789357424,car1,0.149549,0.971238,0.092830,-1.669367,-0.039244,-0.014043,0.000000,0.595472,0.516236,0.112937,-1.472522,0.041681,0.000000,0.000000,0.000000,35.000000,35.000000,-35.000000,35.000000,1
33.743208,1785227267.789357424,car2,1.201751,1.008045,0.084351,-0.922195,0.048639,-0.016756,0.000000,0.513348,0.661755,0.475378,-0.614429,0.051444,0.000000,0.000000,0.000000,-35.000000,44.309137,35.000000,35.000000,1
33.743208,1785227267.789357424,car3,0.157653,-0.457225,0.119288,-2.341879,0.000000,0.000000,0.000000,15.651504,18.086782,-2.445840,-2.125080,0.000000,0.000000,0.000000,0.000000,-35.000000,35.000000,-35.000000,35.000000,1
33.743208,1785227267.789357424,car4,1.319515,-0.435925,0.083240,0.955142,-0.006109,0.020149,0.000000,6.701932,16.521650,0.417966,1.069698,0.021055,0.000000,0.000000,0.000000,-35.000000,35.000000,35.000000,35.000000,1
33.945110,1785227267.999429464,car1,0.151687,0.971283,0.092852,-1.691910,-0.038195,-0.013300,0.000000,5.966719,-0.060979,0.724987,-1.472522,0.040444,0.000000,0.000000,0.000000,35.000000,35.000000,-35.000000,35.000000,1
33.945110,1785227267.999429464,car2,1.201753,1.008002,0.084375,-0.918566,0.050110,-0.016484,0.000000,1.489736,-0.292481,0.710782,-0.614429,0.052751,0.000000,0.000000,0.000000,-35.000000,44.720222,35.000000,35.000000,1
33.945110,1785227267.999429464,car3,0.159736,-0.459323,0.120118,-1.988657,-0.003729,0.014611,0.000000,17.107492,7.435936,15.651310,-2.125080,0.015080,0.000000,0.000000,0.000000,35.000000,-35.000000,35.000000,-35.000000,1
33.945110,1785227267.999429464,car4,1.322853,-0.430911,0.083097,0.955295,-0.008592,0.015499,0.000000,-0.365158,1.029246,2.218015,1.069698,0.017721,0.000000,0.000000,0.000000,-35.000000,35.000000,35.000000,35.000000,1
34.147041,1785227268.209547281,car1,0.155130,0.971279,0.092942,-1.695545,-0.039817,-0.013860,0.000000,1.285818,-0.271996,-0.079772,-1.472522,0.042160,0.000000,0.000000,0.000000,35.000000,35.000000,-35.000000,35.000000,1
34.147041,1785227268.209547281,car2,1.201729,1.007928,0.084450,-0.920426,0.050464,-0.016448,0.000000,-0.475899,-0.630261,0.524062,-0.614429,0.053077,0.000000,0.000000,0.000000,-35.000000,45.015752,35.000000,35.000000,1
34.147041,1785227268.209547281,car3,0.161286,-0.462919,0.119282,-2.068218,-0.002967,0.015377,0.000000,-6.122486,-8.119366,-13.140683,-2.125080,0.015661,0.000000,0.000000,0.000000,35.000000,-35.000000,-35.000000,-35.000000,1
34.147041,1785227268.209547281,car4,1.323902,-0.433042,0.082573,1.009353,-0.008058,0.015275,0.000000,-0.696396,-14.719301,-3.426558,1.069698,0.017270,0.000000,0.000000,0.000000,-35.000000,35.000000,35.000000,35.000000,1
34.350368,1785227268.409609079,car1,0.162751,0.970599,0.092798,-1.668959,-0.042836,-0.014828,0.000000,9.769963,-0.400243,1.399386,-1.472522,0.045330,0.000000,0.000000,0.000000,35.000000,35.000000,-35.000000,35.000000,1
34.350368,1785227268.409609079,car2,1.201779,1.007964,0.084391,-0.921494,0.049920,-0.017107,0.000000,0.008189,0.365947,0.066024,-0.614429,0.052770,0.000000,0.000000,0.000000,-35.000000,44.879874,35.000000,35.000000,1
34.350368,1785227268.409609079,car3,0.166996,-0.454384,0.119418,-2.427579,0.000000,0.000000,0.000000,4.373927,8.723982,-0.636137,-2.125080,0.000000,0.000000,0.000000,0.000000,-35.000000,35.000000,-35.000000,35.000000,1
34.350368,1785227268.409609079,car4,1.322755,-0.436327,0.083001,1.040859,-0.005417,0.022927,0.000000,-2.013831,2.979366,1.253731,1.069698,0.023558,0.000000,0.000000,0.000000,-35.000000,35.000000,35.000000,35.000000,1
34.552211,1785227268.639527559,car1,0.171230,0.970535,0.093049,-1.662964,-0.044347,-0.014154,0.000000,2.694575,-0.181929,0.248078,-1.472522,0.046551,0.000000,0.000000,0.000000,35.000000,35.000000,-35.000000,35.000000,1
34.552211,1785227268.639527559,car2,1.201797,1.008019,0.084338,-0.920814,0.052129,-0.016939,0.000000,-0.334383,-0.144507,-0.245443,-0.614429,0.054813,0.000000,0.000000,0.000000,-35.000000,45.852759,35.000000,35.000000,1
34.552211,1785227268.639527559,car3,0.170303,-0.461538,0.119415,-1.801580,-0.000101,0.017100,0.000000,5.525380,-5.215340,2.394158,-2.125080,0.017100,0.000000,0.000000,0.000000,35.000000,-35.000000,35.000000,-35.000000,1
34.552211,1785227268.639527559,car4,1.327725,-0.428473,0.082958,0.946837,-0.008007,0.014393,0.000000,3.721194,1.870030,-0.640336,1.069698,0.016470,0.000000,0.000000,0.000000,-35.000000,35.000000,-35.000000,35.000000,1
34.753997,1785227268.839494228,car1,0.179446,0.971001,0.092738,-1.699940,-0.049140,-0.016344,0.000000,0.914587,0.001555,-0.248358,-1.472522,0.051787,0.000000,0.000000,0.000000,35.000000,35.000000,-35.000000,38.215227,1
34.753997,1785227268.839494228,car2,1.201766,1.007956,0.084417,-0.919667,0.051708,-0.016886,0.000000,-0.724798,-0.723573,0.068593,-0.614429,0.054395,0.000000,0.000000,0.000000,-35.000000,45.570593,35.000000,35.000000,1
34.753997,1785227268.839494228,car3,0.174210,-0.458642,0.120111,-1.950193,0.000000,0.000000,0.000000,2.353456,3.814056,-0.060566,-2.125080,0.000000,0.000000,0.000000,0.000000,35.000000,-35.000000,35.000000,-35.000000,1
34.753997,1785227268.839494228,car4,1.327262,-0.435750,0.082746,1.134952,-0.004634,0.021787,0.000000,-4.660780,-5.625216,2.768066,1.069698,0.022275,0.000000,0.000000,0.000000,35.000000,35.000000,35.000000,-35.000000,1
34.955752,1785227269.039479733,car1,0.183925,0.972014,0.092811,-1.660224,-0.049858,-0.016723,0.000000,0.121110,-0.048311,0.055605,-1.472522,0.052588,0.000000,0.000000,0.000000,35.000000,35.000000,-35.000000,35.604721,1
34.955752,1785227269.039479733,car2,1.201773,1.007892,0.084396,-0.922113,0.052605,-0.016182,0.000000,-0.290322,-0.003148,-0.212533,-0.614429,0.055038,0.000000,0.000000,0.000000,-35.000000,46.118699,35.000000,35.000000,1
34.955752,1785227269.039479733,car3,0.176323,-0.456362,0.117909,-2.270100,0.000000,0.000000,0.000000,0.978668,-1.733366,-1.026121,-2.125080,0.000000,0.000000,0.000000,0.000000,-35.000000,35.000000,-35.000000,35.000000,1
34.955752,1785227269.039479733,car4,1.329183,-0.430423,0.082836,0.926136,-0.005744,0.019906,0.000000,4.615477,4.136486,2.941518,1.069698,0.020718,0.000000,0.000000,0.000000,-35.000000,35.000000,35.000000,35.000000,1
35.158576,1785227269.239513636,car1,0.186206,0.972457,0.092833,-1.663912,-0.047925,-0.016333,0.000000,0.578046,0.257082,-0.217051,-1.472522,0.050631,0.000000,0.000000,0.000000,35.000000,35.000000,-35.000000,35.064868,1
35.158576,1785227269.239513636,car2,1.201894,1.007764,0.084496,-0.923710,0.054640,-0.015493,0.000000,0.230550,-0.248253,0.107046,-0.614429,0.056794,0.000000,0.000000,0.000000,-35.000000,47.137358,35.000000,35.000000,1
35.158576,1785227269.239513636,car3,0.180776,-0.461835,0.119334,-1.667344,0.001730,0.017916,0.000000,5.493959,2.491095,-1.038711,-2.125080,0.018000,0.000000,0.000000,0.000000,35.000000,-36.517230,35.000000,-36.514097,1
35.158576,1785227269.239513636,car4,1.334286,-0.427283,0.082727,0.965434,-0.008734,0.014361,0.000000,2.168253,-1.063518,-0.740532,1.069698,0.016809,0.000000,0.000000,0.000000,-35.000000,35.000000,35.000000,35.000000,1
35.360219,1785227269.449458599,car1,0.191966,0.971784,0.092756,-1.649081,-0.050479,-0.017277,0.000000,0.621143,0.107648,-0.025487,-1.472522,0.053354,0.000000,0.000000,0.000000,35.000000,35.000000,-35.000000,35.152220,1
35.360219,1785227269.449458599,car2,1.201854,1.007816,0.084435,-0.921024,0.054205,-0.016124,0.000000,0.019750,-0.527649,0.411300,-0.614429,0.056552,0.000000,0.000000,0.000000,-35.000000,46.785133,35.000000,35.000000,1
35.360219,1785227269.449458599,car3,0.185857,-0.449229,0.118039,-2.166597,0.000000,0.000000,0.000000,5.316738,4.249409,-1.142646,-2.125080,0.000000,0.000000,0.000000,0.000000,-35.000000,35.000000,-35.000000,35.000000,1
35.360219,1785227269.449458599,car4,1.333602,-0.433352,0.082734,1.097249,-0.006333,0.025571,0.000000,-1.684439,0.617810,-0.639223,1.069698,0.026344,0.000000,0.000000,0.000000,35.000000,35.000000,35.000000,-35.000000,1
35.562046,1785227269.639514208,car1,0.194254,0.971966,0.092796,-1.653810,-0.048811,-0.016005,0.000000,0.051124,0.025071,-0.105059,-1.472522,0.051368,0.000000,0.000000,0.000000,35.000000,35.000000,-35.000000,35.000000,1
35.562046,1785227269.639514208,car2,1.201924,1.007736,0.084513,-0.922001,0.056842,-0.015477,0.000000,0.635575,0.359299,-0.355859,-0.614429,0.058911,0.000000,0.000000,0.000000,-35.000000,48.044200,35.000000,35.000000,1
35.562046,1785227269.639514208,car3,0.187199,-0.449412,0.117943,-2.167019,0.000000,0.000000,0.000000,3.047042,-4.546978,2.260795,-2.125080,0.000000,0.000000,0.000000,0.000000,-35.000000,35.000000,-35.000000,35.000000,1
35.562046,1785227269.639514208,car4,1.339782,-0.425697,0.083164,0.979163,-0.011109,0.019631,0.000000,0.948129,-2.273922,-0.168379,1.069698,0.022556,0.000000,0.000000,0.000000,-35.000000,35.000000,35.000000,35.000000,1
35.764056,1785227269.839654207,car1,0.194309,0.971971,0.092773,-1.653650,-0.044492,-0.015464,0.000000,0.016981,0.082897,-0.151657,-1.472522,0.047103,0.000000,0.000000,0.000000,35.000000,35.000000,-35.000000,35.000000,1
35.764056,1785227269.839654207,car2,1.201923,1.007717,0.084495,-0.924061,0.057826,-0.015255,0.000000,-0.266787,-0.464571,0.343993,-0.614429,0.059804,0.000000,0.000000,0.000000,-35.000000,48.633925,35.000000,35.000000,1
35.764056,1785227269.839654207,car3,0.195712,-0.454467,0.119244,-1.504915,-0.001035,0.016328,0.000000,3.333228,-1.776202,-0.740343,-2.125080,0.016361,0.000000,0.000000,0.000000,35.876646,-46.783652,35.905004,-46.812010,1
35.764056,1785227269.839654207,car4,1.342089,-0.423201,0.082975,0.973682,-0.012876,0.014825,0.000000,0.062883,0.248325,-0.333969,1.069698,0.019636,0.000000,0.000000,0.000000,-35.000000,35.000000,35.000000,35.000000,1
35.965678,1785227270.049591780,car1,0.194354,0.971957,0.092787,-1.651518,-0.043884,-0.015321,0.000000,0.158202,-0.042736,-0.028311,-1.472522,0.046482,0.000000,0.000000,0.000000,35.000000,35.000000,-35.000000,35.000000,1
35.965678,1785227270.049591780,car2,1.201878,1.007661,0.084494,-0.925763,0.058206,-0.015150,0.000000,0.114943,0.042128,-0.078555,-0.614429,0.060146,0.000000,0.000000,0.000000,-35.000000,48.923596,35.000000,35.000000,1
35.965678,1785227270.049591780,car3,0.196629,-0.446361,0.119439,-2.075956,0.000000,0.000000,0.000000,-2.258862,0.304166,-3.829458,-2.125080,0.000000,0.000000,0.000000,0.000000,35.000000,-35.000000,35.000000,-35.000000,1
35.965678,1785227270.049591780,car4,1.342987,-0.422797,0.082844,0.971898,-0.013714,0.018575,0.000000,0.355731,-0.395430,-0.230784,1.069698,0.023089,0.000000,0.000000,0.000000,-35.000000,35.000000,35.000000,35.000000,1
36.167427,1785227270.259345293,car1,0.194339,0.971892,0.092774,-1.654287,-0.041791,-0.015268,0.000000,0.039905,-0.012324,-0.002811,-1.472522,0.044492,0.000000,0.000000,0.000000,35.000000,35.000000,-35.000000,35.000000,1
36.167427,1785227270.259345293,car2,1.202024,1.007649,0.084533,-0.929466,0.058186,-0.015182,0.000000,0.037287,0.047111,-0.351646,-0.614429,0.060134,0.000000,0.000000,0.000000,-35.000000,49.174999,35.000000,35.000000,1
36.167427,1785227270.259345293,car3,0.201595,-0.439515,0.119260,-2.596451,0.000000,0.000000,0.000000,-0.276643,0.267364,-1.717453,-2.125080,0.000000,0.000000,0.000000,0.000000,-35.000000,35.000000,-35.000000,35.000000,1
36.167427,1785227270.259345293,car4,1.343071,-0.422754,0.082838,0.975841,-0.013844,0.022045,0.000000,-1.391727,0.982547,0.258628,1.069698,0.026032,0.000000,0.000000,0.000000,-35.000000,35.000000,35.000000,35.000000,1
36.369406,1785227270.449489355,car1,0.194443,0.971940,0.092758,-1.652705,-0.041457,-0.015365,0.000000,0.036440,0.044374,-0.003731,-1.472522,0.044213,0.000000,0.000000,0.000000,35.000000,35.000000,-35.000000,35.000000,1
36.369406,1785227270.449489355,car2,1.201953,1.007557,0.084666,-0.927983,0.058208,-0.015099,0.000000,-0.168642,0.144754,-0.273844,-0.614429,0.060134,0.000000,0.000000,0.000000,-35.000000,49.075958,35.000000,35.000000,1
36.369406,1785227270.449489355,car3,0.202599,-0.445643,0.119315,-2.103187,0.000000,0.000000,0.000000,0.418423,-4.313655,-0.350632,-2.125080,0.000000,0.000000,0.000000,0.000000,35.000000,-35.000000,35.000000,-35.000000,1
36.369406,1785227270.449489355,car4,1.343058,-0.422738,0.082829,0.975460,-0.013739,0.018848,0.000000,1.009812,0.073508,-0.189841,1.069698,0.023324,0.000000,0.000000,0.000000,-35.000000,35.000000,35.000000,35.000000,1
36.570992,1785227270.659476757,car1,0.194388,0.971954,0.092755,-1.649964,-0.038925,-0.015252,0.000000,0.153435,0.038680,0.037763,-1.472522,0.041807,0.000000,0.000000,0.000000,35.000000,35.000000,-35.000000,35.000000,1
36.570992,1785227270.659476757,car2,1.202057,1.007658,0.084523,-0.928217,0.058256,-0.015137,0.000000,0.719170,-0.485349,0.171790,-0.614429,0.060190,0.000000,0.000000,0.000000,-35.000000,49.117132,35.000000,35.000000,1
36.570992,1785227270.659476757,car3,0.208575,-0.447509,0.119632,-1.723232,0.000000,0.000000,0.000000,2.740693,1.517434,1.656107,-2.125080,0.000000,0.000000,0.000000,0.000000,35.000000,-35.000000,35.000000,-35.000000,1
36.570992,1785227270.659476757,car4,1.343286,-0.422705,0.082720,0.974947,-0.013808,0.017740,0.000000,0.038429,-0.499820,-0.293618,1.069698,0.022480,0.000000,0.000000,0.000000,-35.000000,35.000000,35.000000,35.000000,1
36.772563,1785227270.859462261,car1,0.194419,0.971945,0.092753,-1.653778,-0.038638,-0.015236,0.000000,-0.041507,0.361788,0.112202,-1.472522,0.041533,0.000000,0.000000,0.000000,35.000000,35.000000,-35.000000,35.000000,1
36.772563,1785227270.859462261,car2,1.202052,1.007665,0.084423,-0.927402,0.058267,-0.015144,0.000000,0.021944,-0.027305,0.770483,-0.614429,0.060203,0.000000,0.000000,0.000000,-35.000000,49.066107,35.000000,35.000000,1
36.772563,1785227270.859462261,car3,0.209235,-0.441750,0.119279,-2.362084,0.000000,0.000000,0.000000,0.660798,4.475859,-1.379222,-2.125080,0.000000,0.000000,0.000000,0.000000,-35.000000,35.000000,-35.000000,35.000000,1
36.772563,1785227270.859462261,car4,1.343307,-0.422680,0.082739,0.975748,-0.013931,0.020736,0.000000,-0.962939,-0.075243,0.242982,1.069698,0.024981,0.000000,0.000000,0.000000,-35.000000,35.000000,35.000000,35.000000,1
36.974305,1785227271.049505234,car1,0.194436,0.971930,0.092780,-1.651927,-0.037629,-0.015174,0.000000,-0.026786,-0.088972,-0.054914,-1.472522,0.040574,0.000000,0.000000,0.000000,35.000000,35.000000,-35.000000,35.000000,1
36.974305,1785227271.049505234,car2,1.202168,1.007730,0.084456,-0.933704,0.058213,-0.015201,0.000000,0.290288,0.358387,-0.672144,-0.614429,0.060165,0.000000,0.000000,0.000000,-35.000000,49.484407,35.000000,35.000000,1
36.974305,1785227271.049505234,car3,0.211679,-0.440101,0.119271,-2.466167,0.000000,0.000000,0.000000,-3.260251,-2.809168,0.269450,-2.125080,0.000000,0.000000,0.000000,0.000000,-35.000000,35.000000,-35.000000,35.000000,1
36.974305,1785227271.049505234,car4,1.343278,-0.422644,0.082804,0.973072,-0.013895,0.021574,0.000000,0.959618,0.485440,-0.457443,1.069698,0.025661,0.000000,0.000000,0.000000,-35.000000,35.000000,35.000000,35.000000,1
37.176282,1785227271.259491205,car1,0.194412,0.971845,0.092781,-1.650965,-0.035144,-0.015060,0.000000,-0.088101,-0.088839,0.092684,-1.472522,0.038235,0.000000,0.000000,0.000000,35.000000,35.000000,-35.000000,35.000000,1
37.176282,1785227271.259491205,car2,1.202154,1.007720,0.084461,-0.932314,0.058224,-0.015242,0.000000,-0.214734,0.434328,-0.282622,-0.614429,0.060187,0.000000,0.000000,0.000000,-35.000000,49.395711,35.000000,35.000000,1
37.176282,1785227271.259491205,car3,0.217699,-0.445926,0.119706,-1.775155,-0.010095,0.012221,0.000000,4.295394,-2.974231,-0.246040,-2.125080,0.015851,0.000000,0.000000,0.000000,35.000000,-35.000000,35.000000,-35.000000,1
37.176282,1785227271.259491205,car4,1.343288,-0.422656,0.082736,0.973396,-0.013820,0.018438,0.000000,-0.977653,-0.737600,1.027881,1.069698,0.023042,0.000000,0.000000,0.000000,-35.000000,35.000000,35.000000,35.000000,1
37.378886,1785227271.469444752,car1,0.194446,0.971932,0.092791,-1.649956,-0.033581,-0.015123,0.000000,-0.061471,0.025843,0.124939,-1.472522,0.036829,0.000000,0.000000,0.000000,35.000000,35.000000,-35.000000,35.000000,1
37.378886,1785227271.469444752,car2,1.202050,1.007621,0.084587,-0.926696,0.058294,-0.015122,0.000000,-1.233208,-1.351700,1.166184,-0.614429,0.060223,0.000000,0.000000,0.000000,-35.000000,49.027719,35.000000,35.000000,1
37.378886,1785227271.469444752,car3,0.221446,-0.442915,0.120262,-1.945837,-0.011626,0.010594,0.000000,0.442365,1.283774,0.289161,-2.125080,0.015728,0.000000,0.000000,0.000000,35.000000,-35.000000,35.000000,-35.000000,1
37.378886,1785227271.469444752,car4,1.343371,-0.422665,0.082749,0.976031,-0.013950,0.019988,0.000000,0.938237,-0.803941,-0.753936,1.069698,0.024374,0.000000,0.000000,0.000000,-35.000000,35.000000,35.000000,35.000000,1
37.581032,1785227271.669833183,car1,0.194438,0.971878,0.092799,-1.652829,-0.032043,-0.014993,0.000000,0.134956,-0.079525,-0.054074,-1.472522,0.035377,0.000000,0.000000,0.000000,35.000000,35.000000,-35.000000,35.000000,1
37.581032,1785227271.669833183,car2,1.202151,1.007729,0.084440,-0.934529,0.058172,-0.015240,0.000000,0.014436,0.322453,0.353314,-0.614429,0.060135,0.000000,0.000000,0.000000,-35.000000,49.525590,35.000000,35.000000,1
37.581032,1785227271.669833183,car3,0.225092,-0.436982,0.118249,-2.386609,-0.013132,0.007412,0.000000,-0.779839,5.185597,-6.358479,-2.125080,0.015079,0.000000,0.000000,0.000000,-35.000000,35.000000,-35.000000,35.000000,1
37.581032,1785227271.669833183,car4,1.343148,-0.422622,0.082929,0.980347,-0.013873,0.023128,0.000000,0.123700,-0.218875,0.061930,1.069698,0.026970,0.000000,0.000000,0.000000,-35.000000,35.000000,35.000000,35.000000,1
37.783010,1785227271.869383574,car1,0.194482,0.971951,0.092735,-1.652875,-0.031153,-0.015015,0.000000,0.114351,-0.036959,-0.044355,-1.472522,0.034582,0.000000,0.000000,0.000000,35.000000,35.000000,-35.000000,35.000000,1
37.783010,1785227271.869383574,car2,1.202142,1.007690,0.084484,-0.932123,0.058245,-0.015160,0.000000,-0.128400,-0.044694,0.325869,-0.614429,0.060185,0.000000,0.000000,0.000000,-35.000000,49.386175,35.000000,35.000000,1
37.783010,1785227271.869383574,car3,0.227398,-0.444404,0.119451,-1.793082,-0.014140,0.011348,0.000000,2.891020,-2.294775,0.933043,-2.125080,0.018130,0.000000,0.000000,0.000000,35.000000,-35.000000,35.000000,-35.000000,1
37.783010,1785227271.869383574,car4,1.343338,-0.422650,0.082735,0.975013,-0.013851,0.019149,0.000000,0.178464,0.299698,-0.116931,1.069698,0.023634,0.000000,0.000000,0.000000,-35.000000,35.000000,35.000000,35.000000,1
37.985009,1785227272.069422483,car1,0.194413,0.971977,0.092737,-1.650143,-0.029565,-0.014872,0.000000,-0.071313,-0.070058,0.013729,-1.472522,0.033095,0.000000,0.000000,0.000000,35.000000,35.000000,-35.000000,35.000000,1
37.985009,1785227272.069422483,car2,1.202189,1.007811,0.084433,-0.933963,0.058262,-0.015210,0.000000,-0.352440,-0.453815,0.589403,-0.614429,0.060214,0.000000,0.000000,0.000000,-35.000000,49.525846,35.000000,35.000000,1
37.985009,1785227272.069422483,car3,0.231036,-0.442462,0.120375,-1.979210,-0.015686,0.010258,0.000000,0.620858,2.506417,0.680060,-2.125080,0.018742,0.000000,0.000000,0.000000,35.000000,-35.000000,35.000000,-35.000000,1
37.985009,1785227272.069422483,car4,1.343433,-0.422657,0.082756,0.978051,-0.013929,0.020132,0.000000,0.082584,0.307390,-0.366240,1.069698,0.024481,0.000000,0.000000,0.000000,-35.000000,35.000000,35.000000,35.000000,1
38.186817,1785227272.269384623,car1,0.194413,0.971924,0.092781,-1.655537,-0.028018,-0.014843,0.000000,0.098131,-0.012791,-0.087523,-1.472522,0.031707,0.000000,0.000000,0.000000,35.000000,35.000000,-35.000000,35.000000,1
38.186817,1785227272.269384623,car2,1.202208,1.007692,0.084421,-0.935703,0.058219,-0.015180,0.000000,-1.112010,-0.134075,0.224046,-0.614429,0.060165,0.000000,0.000000,0.000000,-35.000000,49.624757,35.000000,35.000000,1
38.186817,1785227272.269384623,car3,0.234581,-0.435726,0.118180,-2.349741,-0.017159,0.006561,0.000000,0.683381,1.843167,-3.501647,-2.125080,0.018371,0.000000,0.000000,0.000000,-35.000000,35.000000,-35.000000,35.000000,1
38.186817,1785227272.269384623,car4,1.343336,-0.422677,0.082737,0.977433,-0.013966,0.023737,0.000000,0.663645,-1.426708,-1.094102,1.069698,0.027541,0.000000,0.000000,0.000000,-35.000000,35.000000,35.000000,35.000000,1
38.389494,1785227272.469507933,car1,0.194416,0.971931,0.092812,-1.652807,-0.026589,-0.014727,0.000000,0.150470,-0.053038,0.003991,-1.472522,0.030395,0.000000,0.000000,0.000000,35.000000,35.000000,-35.000000,35.000000,1
38.389494,1785227272.469507933,car2,1.202177,1.007754,0.084443,-0.936851,0.058236,-0.015209,0.000000,-1.799997,0.843959,0.372306,-0.614429,0.060189,0.000000,0.000000,0.000000,-35.000000,49.714876,35.000000,35.000000,1
38.389494,1785227272.469507933,car3,0.238185,-0.442196,0.119528,-1.798266,-0.018695,0.010009,0.000000,3.658600,-10.738962,0.048085,-2.125080,0.021206,0.000000,0.000000,0.000000,35.000000,-35.000000,35.000000,-35.000000,1
38.389494,1785227272.469507933,car4,1.343348,-0.422651,0.082711,0.972054,-0.013895,0.020215,0.000000,0.011800,-0.653068,-0.151059,1.069698,0.024530,0.000000,0.000000,0.000000,-35.000000,35.000000,35.000000,35.000000,1
38.591173,1785227272.679564714,car1,0.194432,0.971988,0.092815,-1.656009,-0.026393,-0.014743,0.000000,0.114587,0.015541,0.005078,-1.472522,0.030231,0.000000,0.000000,0.000000,35.000000,35.000000,-35.000000,35.000000,1
38.591173,1785227272.679564714,car2,1.202250,1.007747,0.084419,-0.937475,0.058252,-0.015167,0.000000,-0.465027,-0.172049,0.463342,-0.614429,0.060194,0.000000,0.000000,0.000000,-35.000000,49.762701,35.000000,35.000000,1
38.591173,1785227272.679564714,car3,0.238564,-0.440387,0.118418,-2.227146,-0.018841,0.009046,0.000000,-1.863573,2.248835,0.013494,-2.125080,0.020900,0.000000,0.000000,0.000000,35.000000,35.000000,-35.000000,35.000000,1
38.591173,1785227272.679564714,car4,1.343463,-0.422606,0.082702,0.977755,-0.013962,0.021145,0.000000,1.980951,-0.820651,-0.040170,1.069698,0.025339,0.000000,0.000000,0.000000,-35.000000,35.000000,35.000000,35.000000,1
38.793640,1785227272.879371405,car1,0.194459,0.971918,0.092742,-1.653350,-0.025659,-0.014665,0.000000,0.009767,-0.022278,0.001660,-1.472522,0.029554,0.000000,0.000000,0.000000,35.000000,35.000000,-35.000000,35.000000,1
38.793640,1785227272.879371405,car2,1.202300,1.007754,0.084372,-0.936631,0.058178,-0.015227,0.000000,-0.038481,0.010876,0.025804,-0.614429,0.060138,0.000000,0.000000,0.000000,-35.000000,49.673802,35.000000,35.000000,1
38.793640,1785227272.879371405,car3,0.240242,-0.435666,0.118471,-2.355533,-0.019535,0.006477,0.000000,-0.067594,0.170880,0.108346,-2.125080,0.020581,0.000000,0.000000,0.000000,-35.000000,35.000000,-35.000000,35.000000,1
38.793640,1785227272.879371405,car4,1.343311,-0.422564,0.082805,0.982476,-0.013925,0.023678,0.000000,-0.151298,0.069827,0.147084,1.069698,0.027469,0.000000,0.000000,0.000000,-35.000000,35.000000,35.000000,35.000000,1
38.995354,1785227273.079386711,car1,0.194444,0.971904,0.092750,-1.656038,-0.023738,-0.014520,0.000000,-0.012666,-0.016441,0.048929,-1.472522,0.027827,0.000000,0.000000,0.000000,35.000000,35.000000,-35.000000,35.000000,1
38.995354,1785227273.079386711,car2,1.202352,1.007757,0.084371,-0.939329,0.058201,-0.015231,0.000000,0.193337,-0.178975,1.007887,-0.614429,0.060161,0.000000,0.000000,0.000000,-35.000000,49.872754,35.000000,35.000000,1
38.995354,1785227273.079386711,car3,0.245007,-0.442718,0.119459,-1.778009,-0.021553,0.010174,0.000000,0.675000,-5.055930,-0.249926,-2.125080,0.023834,0.000000,0.000000,0.000000,35.000000,-35.000000,35.000000,-35.000000,1
38.995354,1785227273.079386711,car4,1.343429,-0.422628,0.082710,0.976575,-0.013866,0.019849,0.000000,-1.343259,-0.465183,1.995996,1.069698,0.024212,0.000000,0.000000,0.000000,-35.000000,35.000000,35.000000,35.000000,1
39.197362,1785227273.289386034,car1,0.194448,0.971976,0.092749,-1.653561,-0.023302,-0.014601,0.000000,-0.131785,-0.466281,0.306545,-1.472522,0.027498,0.000000,0.000000,0.000000,35.000000,35.000000,-35.000000,35.000000,1
39.197362,1785227273.289386034,car2,1.202368,1.007680,0.084399,-0.939748,0.058157,-0.015153,0.000000,-0.104171,-0.162364,0.063515,-0.614429,0.060098,0.000000,0.000000,0.000000,-35.000000,49.875449,35.000000,35.000000,1
39.197362,1785227273.289386034,car3,0.245993,-0.439062,0.118175,-2.297754,-0.021959,0.008148,0.000000,-0.127967,1.321945,0.090062,-2.125080,0.023422,0.000000,0.000000,0.000000,-35.000000,35.000000,-35.000000,35.000000,1
39.197362,1785227273.289386034,car4,1.343338,-0.422650,0.082735,0.975013,-0.013848,0.021864,0.000000,0.494556,0.337832,-0.512824,1.069698,0.025881,0.000000,0.000000,0.000000,-35.000000,35.000000,35.000000,35.000000,1
39.399185,1785227273.489506960,car1,0.194454,0.971986,0.092696,-1.654585,-0.023258,-0.014570,0.000000,0.153655,-0.189864,-0.223678,-1.472522,0.027445,0.000000,0.000000,0.000000,35.000000,35.000000,-35.000000,35.000000,1
39.399185,1785227273.489506960,car2,1.202384,1.007751,0.084335,-0.941346,0.058114,-0.015198,0.000000,0.561942,-0.872900,-0.939027,-0.614429,0.060068,0.000000,0.000000,0.000000,-35.000000,49.969851,35.000000,35.000000,1
39.399185,1785227273.489506960,car3,0.246046,-0.436358,0.119025,-2.248442,-0.021983,0.006702,0.000000,9.267402,-7.918528,2.769561,-2.125080,0.022982,0.000000,0.000000,0.000000,35.000000,35.000000,-35.000000,35.000000,1
39.399185,1785227273.489506960,car4,1.343239,-0.422595,0.082776,0.981531,-0.013821,0.023317,0.000000,-1.962848,2.267984,0.426610,1.069698,0.027105,0.000000,0.000000,0.000000,-35.000000,35.000000,35.000000,35.000000,1
39.600609,1785227273.689611673,car1,0.194429,0.971982,0.092752,-1.655695,-0.023069,-0.014561,0.000000,0.026296,0.041621,0.029418,-1.472522,0.027280,0.000000,0.000000,0.000000,35.000000,35.000000,-35.000000,35.000000,1
39.600609,1785227273.689611673,car2,1.202364,1.007753,0.084314,-0.939936,0.058096,-0.015205,0.000000,0.126407,0.258077,0.202359,-0.614429,0.060053,0.000000,0.000000,0.000000,-35.000000,49.864087,35.000000,35.000000,1
39.600609,1785227273.689611673,car3,0.246718,-0.442099,0.119410,-1.780695,-0.022274,0.009798,0.000000,-0.819617,-2.791120,-0.382282,-2.125080,0.024334,0.000000,0.000000,0.000000,35.000000,-35.000000,35.000000,-35.000000,1
39.600609,1785227273.689611673,car4,1.343176,-0.422634,0.082775,0.972767,-0.013704,0.020234,0.000000,-2.448574,0.470386,0.701265,1.069698,0.024438,0.000000,0.000000,0.000000,-35.000000,35.000000,35.000000,35.000000,1
39.802781,1785227273.889528036,car1,0.194481,0.971878,0.092772,-1.651401,-0.022468,-0.014442,0.000000,0.150322,0.250786,-0.341540,-1.472522,0.026709,0.000000,0.000000,0.000000,35.000000,35.000000,-35.000000,35.000000,1
39.802781,1785227273.889528036,car2,1.202403,1.007737,0.084272,-0.939388,0.058153,-0.015245,0.000000,0.160095,0.005178,-0.302126,-0.614429,0.060118,0.000000,0.000000,0.000000,-35.000000,49.855306,35.000000,35.000000,1
39.802781,1785227273.889528036,car3,0.248004,-0.439149,0.119328,-2.255442,-0.022791,0.008142,0.000000,-11.754052,1.766669,-1.998803,-2.125080,0.024201,0.000000,0.000000,0.000000,35.000000,35.000000,-35.000000,35.000000,1
39.802781,1785227273.889528036,car4,1.343355,-0.422660,0.082684,0.975547,-0.013849,0.021801,0.000000,1.111044,0.760796,-0.550696,1.069698,0.025827,0.000000,0.000000,0.000000,-35.000000,35.000000,35.000000,35.000000,1
40.004549,1785227274.089503050,car1,0.194402,0.971886,0.092885,-1.651452,-0.022638,-0.014469,0.000000,-0.025893,-0.057980,0.124538,-1.472522,0.026866,0.000000,0.000000,0.000000,35.000000,35.000000,-35.000000,35.000000,1
40.004549,1785227274.089503050,car2,1.202419,1.007720,0.084411,-0.943612,0.058126,-0.015234,0.000000,0.263197,-0.027551,0.518674,-0.614429,0.060089,0.000000,0.000000,0.000000,-35.000000,50.135415,35.000000,35.000000,1
40.004549,1785227274.089503050,car3,0.247397,-0.436210,0.117686,-2.269013,-0.022575,0.006548,0.000000,-1.810421,-3.794403,-1.192651,-2.125080,0.023505,0.000000,0.000000,0.000000,35.000000,35.000000,-35.000000,35.000000,1
40.004549,1785227274.089503050,car4,1.343302,-0.422662,0.082804,0.973781,-0.013863,0.023402,0.000000,0.825976,0.516809,-1.061149,1.069698,0.027200,0.000000,0.000000,0.000000,-35.000000,35.000000,35.000000,35.000000,1
40.206530,1785227274.289482594,car1,0.194576,0.971944,0.092785,-1.652404,-0.021990,-0.014468,0.000000,0.051418,0.006235,-0.011267,-1.472522,0.026323,0.000000,0.000000,0.000000,35.000000,35.000000,-35.000000,35.000000,1
40.206530,1785227274.289482594,car2,1.202429,1.007702,0.084247,-0.941761,0.058188,-0.015179,0.000000,-0.140452,0.135721,-0.038489,-0.614429,0.060136,0.000000,0.000000,0.000000,-35.000000,50.032087,35.000000,35.000000,1
40.206530,1785227274.289482594,car3,0.249207,-0.438319,0.119625,-1.734090,-0.023256,0.007665,0.000000,-1.396323,1.298720,-0.342481,-2.125080,0.024487,0.000000,0.000000,0.000000,35.000000,-35.391025,35.000000,-35.000000,1
40.206530,1785227274.289482594,car4,1.343479,-0.422652,0.082641,0.978093,-0.013897,0.022233,0.000000,0.040187,0.102645,0.119914,1.069698,0.026219,0.000000,0.000000,0.000000,-35.000000,35.000000,35.000000,35.000000,1
40.409226,1785227274.499426842,car1,0.195180,0.971842,0.092753,-1.668301,-0.020501,-0.014339,0.000000,-0.221509,0.037881,0.051497,-1.472522,0.025018,0.000000,0.000000,0.000000,-35.000000,35.000000,-35.000000,35.000000,1
40.409226,1785227274.499426842,car2,1.202463,1.007752,0.084264,-0.943263,0.058129,-0.015293,0.000000,0.002372,1.060610,-0.082248,-0.614429,0.060107,0.000000,0.000000,0.000000,-35.000000,50.117110,35.000000,35.000000,1
40.409226,1785227274.499426842,car3,0.253587,-0.434886,0.118114,-2.312553,-0.024857,0.005640,0.000000,7.514636,2.263821,0.845746,-2.125080,0.025488,0.000000,0.000000,0.000000,-35.000000,35.000000,-35.000000,35.000000,1
40.409226,1785227274.499426842,car4,1.343355,-0.422730,0.082773,0.977110,-0.013720,0.024225,0.000000,0.353956,0.610675,0.760666,1.069698,0.027841,0.000000,0.000000,0.000000,-35.000000,35.000000,35.000000,35.000000,1
40.611067,1785227274.699372292,car1,0.193793,0.972797,0.092845,-1.639626,-0.019080,-0.014789,0.000000,0.099788,-0.470295,0.165814,-1.472522,0.024140,0.000000,0.000000,0.000000,35.000000,35.000000,-35.000000,35.000000,1
40.611067,1785227274.699372292,car2,1.202501,1.007673,0.084259,-0.948077,0.058069,-0.014670,0.000000,0.304483,-1.137107,0.359054,-0.614429,0.059894,0.000000,0.000000,0.000000,-35.000000,50.375896,35.000000,35.000000,1
40.611067,1785227274.699372292,car3,0.255217,-0.435364,0.117827,-2.192486,-0.026104,0.005836,0.000000,5.111629,3.229973,2.086063,-2.125080,0.026748,0.000000,0.000000,0.000000,35.000000,-35.000000,-35.000000,35.000000,1
40.611067,1785227274.699372292,car4,1.343321,-0.422671,0.082747,0.974393,-0.013820,0.023839,0.000000,-1.420626,-0.605715,0.555592,1.069698,0.027556,0.000000,0.000000,0.000000,-35.000000,35.000000,35.000000,35.000000,1
40.812911,1785227274.899401665,car1,0.193672,0.972941,0.092956,-1.627307,-0.019386,-0.014857,0.000000,-0.500478,0.257347,0.439888,-1.472522,0.024425,0.000000,0.000000,0.000000,35.000000,35.000000,-35.000000,35.000000,1
40.812911,1785227274.899401665,car2,1.202484,1.007718,0.084231,-0.945418,0.058109,-0.014601,0.000000,-0.566363,0.317647,0.247519,-0.614429,0.059916,0.000000,0.000000,0.000000,-35.000000,50.205694,35.000000,35.000000,1
40.812911,1785227274.899401665,car3,0.254252,-0.434458,0.119693,-1.883016,-0.025754,0.005396,0.000000,-2.399279,-0.077945,-1.882937,-2.125080,0.026313,0.000000,0.000000,0.000000,35.000000,-35.000000,35.000000,-35.000000,1
40.812911,1785227274.899401665,car4,1.343415,-0.422611,0.082698,0.976185,-0.013906,0.024277,0.000000,0.280258,0.828386,-0.451984,1.069698,0.027978,0.000000,0.000000,0.000000,-35.000000,35.000000,35.000000,35.000000,1
41.014778,1785227275.099560499,car1,0.195043,0.972296,0.092849,-1.662709,-0.020610,-0.014696,0.000000,0.187047,-0.152271,0.028374,-1.472522,0.025313,0.000000,0.000000,0.000000,-35.000000,35.000000,-35.000000,35.000000,1
41.014778,1785227275.099560499,car2,1.202569,1.007672,0.084256,-0.953903,0.058069,-0.014987,0.000000,-0.005380,-0.110447,0.054078,-0.614429,0.059972,0.000000,0.000000,0.000000,-35.000000,50.802738,35.000000,35.000000,1
41.014778,1785227275.099560499,car3,0.253205,-0.433710,0.118324,-2.347907,-0.024755,0.005032,0.000000,-0.425205,0.836325,-0.017397,-2.125080,0.025261,0.000000,0.000000,0.000000,-35.000000,35.000000,-35.000000,35.000000,1
41.014778,1785227275.099560499,car4,1.343341,-0.422672,0.082724,0.975045,-0.013644,0.024874,0.000000,0.081176,-0.066984,-0.191366,1.069698,0.028370,0.000000,0.000000,0.000000,-35.000000,35.000000,35.000000,35.000000,1
41.216610,1785227275.299387693,car1,0.193786,0.973189,0.092780,-1.624592,-0.021745,-0.015325,0.000000,-0.215020,0.135833,0.060976,-1.472522,0.026603,0.000000,0.000000,0.000000,35.000000,35.000000,-35.000000,35.000000,1
41.216610,1785227275.299387693,car2,1.202537,1.007579,0.084303,-0.949782,0.058050,-0.014388,0.000000,-0.049673,0.266438,0.443381,-0.614429,0.059807,0.000000,0.000000,0.000000,-35.000000,50.462958,35.000000,35.000000,1
41.216610,1785227275.299387693,car3,0.249228,-0.441739,0.119817,-2.019495,-0.023575,0.009512,0.000000,0.009381,-4.762366,0.898976,-2.125080,0.025422,0.000000,0.000000,0.000000,35.000000,-35.000000,-35.000000,35.000000,1
41.216610,1785227275.299387693,car4,1.343338,-0.422650,0.082735,0.975013,-0.013668,0.020444,0.000000,0.942314,0.902072,0.335262,1.069698,0.024593,0.000000,0.000000,0.000000,-35.000000,35.000000,35.000000,35.000000,1
41.418871,1785227275.509383202,car1,0.194439,0.972499,0.092719,-1.657888,-0.023300,-0.015011,0.000000,0.173620,0.022089,-0.058314,-1.472522,0.027716,0.000000,0.000000,0.000000,35.000000,35.000000,-35.000000,35.000000,1
41.418871,1785227275.509383202,car2,1.202673,1.007638,0.084150,-0.957949,0.057997,-0.014850,0.000000,0.336371,-0.336824,-0.363662,-0.614429,0.059868,0.000000,0.000000,0.000000,-35.000000,51.037143,35.000000,35.000000,1
41.418871,1785227275.509383202,car3,0.246339,-0.442208,0.119485,-1.888597,-0.022102,0.009811,0.000000,-0.339166,0.763559,-0.060175,-2.125080,0.024181,0.000000,0.000000,0.000000,35.000000,-35.000000,35.000000,-35.000000,1
41.418871,1785227275.509383202,car4,1.343283,-0.422735,0.082774,0.974754,-0.013535,0.020309,0.000000,-0.988362,-0.103419,0.827160,1.069698,0.024406,0.000000,0.000000,0.000000,-35.000000,35.000000,35.000000,35.000000,1
41.620449,1785227275.709458828,car1,0.194722,0.972393,0.092840,-1.658863,-0.022287,-0.014958,0.000000,-0.042103,0.026237,0.029914,-1.472522,0.026841,0.000000,0.000000,0.000000,35.000000,35.000000,-35.000000,35.000000,1
41.620449,1785227275.709458828,car2,1.202683,1.007526,0.084188,-0.956298,0.057976,-0.014855,0.000000,-0.110147,0.142844,-0.081288,-0.614429,0.059849,0.000000,0.000000,0.000000,-35.000000,50.914195,35.000000,35.000000,1
41.620449,1785227275.709458828,car3,0.248905,-0.436473,0.118628,-2.376842,-0.023066,0.006685,0.000000,0.285502,1.565000,0.149921,-2.125080,0.024015,0.000000,0.000000,0.000000,-35.000000,35.000000,-35.000000,35.000000,1
41.620449,1785227275.709458828,car4,1.343217,-0.422624,0.082855,0.980710,-0.013560,0.023368,0.000000,0.374902,-0.015051,-0.383671,1.069698,0.027017,0.000000,0.000000,0.000000,-35.000000,35.000000,35.000000,35.000000,1
41.822521,1785227275.869485617,car1,0.194695,0.972421,0.092782,-1.660035,-0.023530,-0.015017,0.000000,-0.045046,-0.014606,0.062553,-1.472522,0.027914,0.000000,0.000000,0.000000,35.000000,35.000000,-35.000000,35.000000,1
41.822521,1785227275.869485617,car2,1.202679,1.007575,0.084178,-0.955211,0.058047,-0.014852,0.000000,0.298626,-0.443980,-0.059553,-0.614429,0.059917,0.000000,0.000000,0.000000,-35.000000,50.871970,35.000000,35.000000,1
41.822521,1785227275.869485617,car3,0.246008,-0.440822,0.118176,-2.164429,-0.021855,0.009094,0.000000,-0.854572,-1.815200,-0.556962,-2.125080,0.023671,0.000000,0.000000,0.000000,35.000000,-35.000000,-35.000000,35.000000,1
41.822521,1785227275.869485617,car4,1.343406,-0.422690,0.082739,0.977471,-0.013603,0.021035,0.000000,-0.240441,0.648768,0.397298,1.069698,0.025050,0.000000,0.000000,0.000000,-35.000000,35.000000,35.000000,35.000000,1
42.024812,1785227276.069451332,car1,0.194752,0.972434,0.092762,-1.662360,-0.023473,-0.015625,0.000000,-0.088350,0.030368,-0.017940,-1.472522,0.028197,0.000000,0.000000,0.000000,35.000000,35.000000,-35.000000,35.000000,1
42.024812,1785227276.069451332,car2,1.201709,1.006540,0.084424,-0.998196,0.058409,-0.014179,0.000000,0.669131,0.555930,-0.134226,-0.614429,0.060105,0.000000,0.000000,0.000000,-35.000000,53.909257,35.000000,35.000000,1
42.024812,1785227276.069451332,car3,0.246202,-0.442352,0.119523,-1.755897,-0.021916,0.009942,0.000000,-0.131642,0.417168,0.333908,-2.125080,0.024066,0.000000,0.000000,0.000000,35.000000,-35.000000,35.000000,-35.000000,1
42.024812,1785227276.069451332,car4,1.343357,-0.422659,0.082680,0.975612,-0.013973,0.020116,0.000000,0.302227,-0.010179,-0.173464,1.069698,0.024493,0.000000,0.000000,0.000000,-35.000000,35.000000,35.000000,35.000000,1
42.227108,1785227276.269460201,car1,0.194903,0.972439,0.092767,-1.665832,-0.023619,-0.015803,0.000000,0.397456,-0.144824,0.244900,-1.472522,0.028418,0.000000,0.000000,0.000000,35.000000,35.000000,-35.000000,35.000000,1
42.227108,1785227276.269460201,car2,1.202000,1.006314,0.084485,-1.008841,0.058292,-0.014066,0.000000,1.490051,0.007672,-1.547276,-0.614429,0.059965,0.000000,0.000000,0.000000,-35.000000,54.559291,35.000000,35.000000,1
42.227108,1785227276.269460201,car3,0.245878,-0.436418,0.119380,-2.081640,-0.021714,0.006676,0.000000,0.053886,3.146274,-0.280378,-2.125080,0.022717,0.000000,0.000000,0.000000,35.000000,-35.000000,-35.000000,35.000000,1
42.227108,1785227276.269460201,car4,1.343349,-0.422737,0.082720,0.976897,-0.013899,0.023429,0.000000,-1.386682,-1.308774,1.977783,1.069698,0.027242,0.000000,0.000000,0.000000,-35.000000,35.000000,35.000000,35.000000,1
42.429695,1785227276.479575396,car1,0.194855,0.972356,0.092830,-1.663921,-0.020741,-0.015761,0.000000,-0.025741,-0.175691,0.418151,-1.472522,0.026050,0.000000,0.000000,0.000000,-35.000000,35.000000,-35.000000,35.000000,1
42.429695,1785227276.479575396,car2,1.203063,1.005958,0.084330,-1.039041,0.057856,-0.013978,0.000000,0.417059,-0.483158,0.182152,-0.614429,0.059521,0.000000,0.000000,0.000000,-35.000000,56.361821,-35.000000,35.000000,1
42.429695,1785227276.479575396,car3,0.252422,-0.432265,0.119408,-2.824296,-0.024515,0.004273,0.000000,8.486414,2.052877,-0.795357,-2.125080,0.024884,0.000000,0.000000,0.000000,-35.392395,50.031101,-43.197636,57.836342,1
42.429695,1785227276.479575396,car4,1.343266,-0.422641,0.082740,0.975317,-0.013514,0.025666,0.000000,-1.028228,0.571403,0.467723,1.069698,0.029007,0.000000,0.000000,0.000000,-35.000000,35.000000,35.000000,35.000000,1
42.632116,1785227276.719338894,car1,0.193152,0.973449,0.092643,-1.593622,-0.020732,-0.015963,0.000000,-3.164395,3.171986,-3.551397,-1.472522,0.026165,0.000000,0.000000,0.000000,35.000000,35.000000,-35.000000,35.000000,1
42.632116,1785227276.719338894,car2,1.202926,1.006586,0.084462,-1.034814,0.057865,-0.013673,0.000000,-7.093124,1.588005,-0.530623,-0.614429,0.059459,0.000000,0.000000,0.000000,-35.000000,56.050456,-35.000000,35.000000,1
42.632116,1785227276.719338894,car3,0.250345,-0.432722,0.119178,-2.706528,-0.024335,0.004550,0.000000,-11.983546,-3.556991,4.272181,-2.125080,0.024756,0.000000,0.000000,0.000000,-35.000000,40.685730,-36.840570,50.273996,1
42.632116,1785227276.719338894,car4,1.343253,-0.422601,0.082844,0.981963,-0.013711,0.025284,0.000000,1.214629,-0.641821,0.110351,1.069698,0.028762,0.000000,0.000000,0.000000,-35.000000,35.000000,35.000000,35.000000,1
42.833997,1785227276.889542341,car1,0.189961,0.974229,0.092612,-1.527874,-0.018437,-0.016041,0.000000,-4.988811,9.237780,-3.286785,-1.472522,0.024438,0.000000,0.000000,0.000000,35.000000,35.000000,-35.000000,35.000000,1
42.833997,1785227276.889542341,car2,1.203068,1.006515,0.084403,-0.919698,0.057753,-0.013136,0.000000,5.612978,-3.631517,2.615408,-0.614429,0.059228,0.000000,0.000000,0.000000,-35.000000,48.160157,35.000000,35.000000,1
42.833997,1785227276.889542341,car3,0.251660,-0.440157,0.118995,-1.798208,-0.026172,0.008443,0.000000,3.086993,-9.841596,3.085165,-2.125080,0.027500,0.000000,0.000000,0.000000,35.000000,-35.000000,35.000000,-35.000000,1
42.833997,1785227276.889542341,car4,1.343181,-0.422658,0.082825,0.981281,-0.014049,0.020934,0.000000,-0.078465,-0.251574,1.626594,1.069698,0.025212,0.000000,0.000000,0.000000,-35.000000,35.000000,35.000000,35.000000,1
43.036313,1785227277.099602461,car1,0.191650,0.973662,0.092553,-1.577224,-0.020264,-0.018520,0.000000,0.616730,0.783471,-0.682114,-1.472522,0.027452,0.000000,0.000000,0.000000,35.000000,35.000000,-35.000000,35.000000,1
43.036313,1785227277.099602461,car2,1.206039,1.002232,0.084526,-1.059498,0.056750,-0.011152,0.000000,7.559964,-7.276743,-0.648216,-0.614429,0.057836,0.000000,0.000000,0.000000,-35.000000,56.847960,-35.000000,35.000000,1
43.036313,1785227277.099602461,car3,0.249506,-0.450083,0.119311,-1.454619,-0.024613,0.014000,0.000000,-16.186619,3.979757,0.167968,-2.125080,0.028316,0.000000,0.000000,0.000000,46.719380,-57.891815,35.000000,-42.675403,1
43.036313,1785227277.099602461,car4,1.343429,-0.422628,0.082710,0.976575,-0.012703,0.015858,0.000000,1.931257,0.172226,-0.025291,1.069698,0.020319,0.000000,0.000000,0.000000,-35.000000,35.000000,35.000000,35.000000,1
43.238598,1785227277.290848970,car1,0.191653,0.973645,0.092538,-1.578820,-0.020873,-0.018230,0.000000,0.030553,-0.219427,0.187632,-1.472522,0.027714,0.000000,0.000000,0.000000,35.000000,35.000000,-35.000000,35.000000,1
43.238598,1785227277.290848970,car2,1.204599,1.002744,0.084600,-0.919004,0.057290,-0.011373,0.000000,-5.831071,-0.545115,2.891962,-0.614429,0.058408,0.000000,0.000000,0.000000,-35.000000,47.785046,35.000000,35.000000,1
43.238598,1785227277.290848970,car3,0.247821,-0.443353,0.119652,-1.723157,-0.023875,0.010395,0.000000,5.983194,11.012129,1.045907,-2.125080,0.026040,0.000000,0.000000,0.000000,35.000000,-37.403959,35.000000,-35.000000,1
43.238598,1785227277.290848970,car4,1.343381,-0.422577,0.082636,0.974144,-0.013406,0.019402,0.000000,3.375902,0.470660,-2.043975,1.069698,0.023583,0.000000,0.000000,0.000000,-35.000000,35.000000,35.000000,35.000000,1
43.443846,1785227277.499751091,car1,0.191771,0.973649,0.092508,-1.577769,-0.018639,-0.021976,0.000000,0.127680,-0.273375,0.076666,-1.472522,0.028816,0.000000,0.000000,0.000000,35.000000,35.000000,-35.000000,35.000000,1
43.443846,1785227277.499751091,car2,1.202757,0.996088,0.084509,-0.734777,0.058086,-0.007335,0.000000,3.832286,-6.160645,0.961806,-0.614429,0.058547,0.000000,0.000000,0.000000,-35.000000,35.194928,35.000000,35.000000,1
43.443846,1785227277.499751091,car3,0.252439,-0.433123,0.119139,-2.509790,-0.025787,0.004620,0.000000,3.009998,9.106410,-2.917575,-2.125080,0.026198,0.000000,0.000000,0.000000,-35.000000,35.000000,-35.000000,37.993619,1
43.443846,1785227277.499751091,car4,1.343371,-0.422665,0.082749,0.976031,-0.014515,0.024800,0.000000,-1.008151,0.470965,0.513044,1.069698,0.028736,0.000000,0.000000,0.000000,-35.000000,35.000000,35.000000,35.000000,1
43.646025,1785227277.709614515,car1,0.191704,0.973687,0.092543,-1.578685,-0.020663,-0.025205,0.000000,0.759184,-0.517547,0.587751,-1.472522,0.032592,0.000000,0.000000,0.000000,35.000000,35.000000,-35.000000,35.000000,1
43.646025,1785227277.709614515,car2,1.209139,0.990991,0.084611,-0.761165,0.055688,-0.004757,0.000000,2.883120,-2.634062,-0.521927,-0.614429,0.055890,0.000000,0.000000,0.000000,-35.000000,35.971744,35.000000,35.000000,1
43.646025,1785227277.709614515,car3,0.247313,-0.436579,0.119135,-2.303543,-0.023643,0.006706,0.000000,-0.530531,-3.858392,-0.568761,-2.125080,0.024576,0.000000,0.000000,0.000000,-35.000000,35.000000,-35.000000,35.000000,1
43.646025,1785227277.709614515,car4,1.343382,-0.422585,0.082742,0.975192,-0.012098,0.023373,0.000000,-0.711352,0.554292,0.274548,1.069698,0.026318,0.000000,0.000000,0.000000,-35.000000,35.000000,35.000000,35.000000,1
43.848966,1785227277.889564514,car1,0.191704,0.973672,0.092565,-1.578720,-0.018428,-0.025572,0.000000,-0.017561,-0.128094,0.175506,-1.472522,0.031520,0.000000,0.000000,0.000000,35.000000,35.000000,-35.000000,35.000000,1
43.848966,1785227277.889564514,car2,1.211363,0.990075,0.084153,-0.841014,0.054867,-0.004374,0.000000,2.282183,-1.188407,-0.864244,-0.614429,0.055041,0.000000,0.000000,0.000000,-35.000000,41.044830,35.000000,35.000000,1
43.848966,1785227277.889564514,car3,0.252838,-0.442859,0.119152,-1.571394,-0.025944,0.009961,0.000000,6.587927,-6.585617,-1.112897,-2.125080,0.027791,0.000000,0.000000,0.000000,42.247282,-48.877799,35.000000,-35.000000,1
43.848966,1785227277.889564514,car4,1.343479,-0.422643,0.082700,0.978141,-0.011170,0.020096,0.000000,1.196593,0.811842,-0.596737,1.069698,0.022992,0.000000,0.000000,0.000000,-35.000000,35.000000,35.000000,35.000000,1
44.050842,1785227278.119446754,car1,0.191684,0.973636,0.092561,-1.578444,-0.016616,-0.026216,0.000000,-0.051534,0.025078,0.013450,-1.472522,0.031038,0.000000,0.000000,0.000000,35.000000,35.000000,-35.000000,35.000000,1
44.050842,1785227278.119446754,car2,1.212798,0.988716,0.083938,-0.846940,0.054285,-0.003707,0.000000,0.145020,-0.479010,0.302023,-0.614429,0.054411,0.000000,0.000000,0.000000,-35.000000,41.149712,35.000000,35.000000,1
44.050842,1785227278.119446754,car3,0.257174,-0.443475,0.119586,-1.370378,-0.027758,0.010139,0.000000,-2.709336,2.211654,0.451032,-2.125080,0.029552,0.000000,0.000000,0.000000,53.240517,-63.548723,36.451277,-46.759483,1
44.050842,1785227278.119446754,car4,1.343372,-0.422711,0.082741,0.977722,-0.010547,0.019878,0.000000,2.904415,0.801911,-1.865652,1.069698,0.022503,0.000000,0.000000,0.000000,-35.000000,35.000000,35.000000,35.000000,1
44.252655,1785227278.319611073,car1,0.191644,0.973650,0.092587,-1.578533,-0.015360,-0.026207,0.000000,0.093608,0.117563,-0.026867,-1.472522,0.030377,0.000000,0.000000,0.000000,35.000000,35.000000,-35.000000,35.000000,1
44.252655,1785227278.319611073,car2,1.212760,0.988553,0.084010,-0.844716,0.054294,-0.003603,0.000000,0.421188,-0.315652,-0.232324,-0.614429,0.054413,0.000000,0.000000,0.000000,-35.000000,41.002328,35.000000,35.000000,1
44.252655,1785227278.319611073,car3,0.259714,-0.434628,0.117836,-2.231120,-0.028872,0.005167,0.000000,0.445270,2.494746,0.992608,-2.125080,0.029331,0.000000,0.000000,0.000000,35.000000,35.000000,-35.000000,35.000000,1
44.252655,1785227278.319611073,car4,1.343350,-0.422727,0.082778,0.976951,-0.010692,0.024711,0.000000,-0.651179,-0.201538,1.214385,1.069698,0.026925,0.000000,0.000000,0.000000,-35.000000,35.000000,35.000000,35.000000,1
44.454810,1785227278.519568920,car1,0.191727,0.973703,0.092532,-1.577330,-0.014888,-0.026302,0.000000,-0.042457,-0.034097,0.258573,-1.472522,0.030223,0.000000,0.000000,0.000000,35.000000,35.000000,-35.000000,35.000000,1
44.454810,1785227278.519568920,car2,1.212812,0.988372,0.084084,-0.846419,0.054267,-0.003473,0.000000,-0.234409,-0.380395,0.858766,-0.614429,0.054378,0.000000,0.000000,0.000000,-35.000000,41.099784,35.000000,35.000000,1
44.454810,1785227278.519568920,car3,0.260339,-0.422643,0.119441,-2.594860,-0.029276,-0.001395,0.000000,1.101948,8.612672,0.474377,-2.125080,0.029309,0.000000,0.000000,0.000000,-35.000000,35.220224,-35.000000,44.572848,1
44.454810,1785227278.519568920,car4,1.343311,-0.422564,0.082805,0.982476,-0.010712,0.031179,0.000000,-0.996416,1.563850,0.956934,1.069698,0.032968,0.000000,0.000000,0.000000,-35.000000,35.000000,35.000000,35.000000,1
44.657239,1785227278.729535103,car1,0.191696,0.973696,0.092463,-1.577130,-0.015568,-0.026381,0.000000,0.034509,0.062979,-0.011865,-1.472522,0.030632,0.000000,0.000000,0.000000,35.000000,35.000000,-35.000000,35.000000,1
44.657239,1785227278.729535103,car2,1.212818,0.988317,0.084083,-0.848003,0.054298,-0.003438,0.000000,0.091324,0.043146,-0.486453,-0.614429,0.054407,0.000000,0.000000,0.000000,-35.000000,41.219156,35.000000,35.000000,1
44.657239,1785227278.729535103,car3,0.258570,-0.420998,0.118915,-2.288119,-0.028578,-0.002243,0.000000,-0.036361,-0.571048,-0.758716,-2.125080,0.028666,0.000000,0.000000,0.000000,35.000000,35.000000,-35.000000,35.000000,1
44.657239,1785227278.729535103,car4,1.343395,-0.422584,0.082705,0.974556,-0.010763,0.032063,0.000000,0.211888,-0.126219,-0.057406,1.069698,0.033822,0.000000,0.000000,0.000000,-35.000000,35.000000,35.000000,35.000000,1
44.861691,1785227278.939389229,car1,0.191691,0.973623,0.092500,-1.577642,-0.012000,-0.025964,0.000000,-0.628803,-1.092101,0.887861,-1.472522,0.028603,0.000000,0.000000,0.000000,35.000000,35.000000,-35.000000,35.000000,1
44.861691,1785227278.939389229,car2,1.212939,0.988350,0.084051,-0.850731,0.054262,-0.003506,0.000000,-1.155201,-0.035874,-0.373275,-0.614429,0.054375,0.000000,0.000000,0.000000,-35.000000,41.386292,35.000000,35.000000,1
44.861691,1785227278.939389229,car3,0.267218,-0.425925,0.119192,-1.499003,-0.032113,0.000095,0.000000,21.272899,-0.208745,-1.583403,-2.125080,0.032113,0.000000,0.000000,0.000000,51.613343,-53.212319,35.000000,-35.000000,1
44.861691,1785227278.939389229,car4,1.343429,-0.422628,0.082710,0.976575,-0.010743,0.029390,0.000000,-2.335107,-0.731033,1.563955,1.069698,0.031291,0.000000,0.000000,0.000000,-35.000000,35.000000,35.000000,35.000000,1
45.063419,1785227279.149459124,car1,0.191747,0.973673,0.092512,-1.578084,-0.010649,-0.025901,0.000000,0.019741,-0.047437,0.062361,-1.472522,0.028004,0.000000,0.000000,0.000000,35.000000,35.000000,-35.000000,35.000000,1
45.063419,1785227279.149459124,car2,1.212930,0.988289,0.083978,-0.848754,0.054257,-0.003443,0.000000,-0.170336,-0.071109,0.044275,-0.614429,0.054366,0.000000,0.000000,0.000000,-35.000000,41.250032,35.000000,35.000000,1
45.063419,1785227279.149459124,car3,0.270462,-0.424423,0.119402,-1.514256,-0.033474,-0.000906,0.000000,-1.240267,1.152651,0.353081,-2.125080,0.033486,0.000000,0.000000,0.000000,51.549847,-52.207634,35.000000,-35.000000,1
45.063419,1785227279.149459124,car4,1.343407,-0.422663,0.082727,0.977211,-0.010708,0.030253,0.000000,-0.792809,0.035414,0.145820,1.069698,0.032092,0.000000,0.000000,0.000000,-35.000000,35.000000,35.000000,35.000000,1
45.265374,1785227279.349447727,car1,0.191695,0.973622,0.092571,-1.579032,-0.009181,-0.025678,0.000000,-0.010566,0.016408,-0.012401,-1.472522,0.027270,0.000000,0.000000,0.000000,35.000000,35.000000,-35.000000,35.000000,1
45.265374,1785227279.349447727,car2,1.212901,0.988311,0.084009,-0.850640,0.054278,-0.003481,0.000000,0.046891,0.011668,-0.003555,-0.614429,0.054389,0.000000,0.000000,0.000000,-35.000000,41.386755,35.000000,35.000000,1
45.265374,1785227279.349447727,car3,0.273388,-0.417144,0.118024,-2.297181,-0.034904,-0.005109,0.000000,0.226409,0.610040,-0.118513,-2.125080,0.035276,0.000000,0.000000,0.000000,35.000000,35.000000,-35.000000,35.000000,1
45.265374,1785227279.349447727,car4,1.343428,-0.422638,0.082651,0.976533,-0.010729,0.034224,0.000000,-0.223937,-0.085758,0.142611,1.069698,0.035866,0.000000,0.000000,0.000000,-35.000000,35.000000,35.000000,35.000000,1
45.467732,1785227279.549447298,car1,0.191777,0.973686,0.092527,-1.578221,-0.013522,-0.026185,0.000000,0.161939,0.058692,-0.159554,-1.472522,0.029471,0.000000,0.000000,0.000000,35.000000,35.000000,-35.000000,35.000000,1
45.467732,1785227279.549447298,car2,1.212841,0.988328,0.083990,-0.847343,0.054305,-0.003449,0.000000,-0.257009,0.330414,-0.362955,-0.614429,0.054415,0.000000,0.000000,0.000000,-35.000000,41.178891,35.000000,35.000000,1
45.467732,1785227279.549447298,car3,0.263372,-0.418059,0.119150,-2.401112,-0.030637,-0.004121,0.000000,-7.138271,-0.866489,0.753873,-2.125080,0.030913,0.000000,0.000000,0.000000,-35.000000,35.000000,-35.000000,35.000000,1
45.467732,1785227279.549447298,car4,1.343444,-0.422665,0.082702,0.978373,-0.010735,0.033727,0.000000,0.307179,0.008666,-0.890085,1.069698,0.035394,0.000000,0.000000,0.000000,-35.000000,35.000000,35.000000,35.000000,1
45.672046,1785227279.759453058,car1,0.191729,0.973639,0.092520,-1.576101,-0.015161,-0.026303,0.000000,-0.042151,-0.047623,0.020522,-1.472522,0.030360,0.000000,0.000000,0.000000,35.000000,35.000000,-35.000000,35.000000,1
45.672046,1785227279.759453058,car2,1.212911,0.988323,0.083948,-0.850557,0.054270,-0.003480,0.000000,0.051268,-0.042606,-0.237886,-0.614429,0.054381,0.000000,0.000000,0.000000,-35.000000,41.377378,35.000000,35.000000,1
45.672046,1785227279.759453058,car3,0.259780,-0.425814,0.119503,-1.864650,-0.028982,0.000372,0.000000,-3.184153,-1.821310,-0.591954,-2.125080,0.028984,0.000000,0.000000,0.000000,35.000000,-35.000000,35.000000,-35.000000,1
45.672046,1785227279.759453058,car4,1.343414,-0.422584,0.082679,0.975184,-0.010745,0.029441,0.000000,-0.164808,-0.757302,0.685039,1.069698,0.031340,0.000000,0.000000,0.000000,-35.000000,35.000000,35.000000,35.000000,1
45.873819,1785227279.949392319,car1,0.191722,0.973640,0.092522,-1.579228,-0.016231,-0.026411,0.000000,0.007853,-0.080947,0.058508,-1.472522,0.030999,0.000000,0.000000,0.000000,35.000000,35.000000,-35.000000,35.000000,1
45.873819,1785227279.949392319,car2,1.212833,0.988309,0.084128,-0.849512,0.054313,-0.003463,0.000000,-0.664552,-0.233254,0.465204,-0.614429,0.054423,0.000000,0.000000,0.000000,-35.000000,41.327429,35.000000,35.000000,1
45.873819,1785227279.949392319,car3,0.257406,-0.429139,0.117538,-2.220006,-0.027936,0.002259,0.000000,-0.878716,-2.563828,0.812757,-2.125080,0.028027,0.000000,0.000000,0.000000,35.000000,35.000000,-35.000000,35.000000,1
45.873819,1785227279.949392319,car4,1.343451,-0.422656,0.082716,0.978636,-0.010776,0.027666,0.000000,3.578565,-0.439897,-0.756906,1.069698,0.029691,0.000000,0.000000,0.000000,-35.000000,35.000000,35.000000,35.000000,1
46.077925,1785227280.169458628,car1,0.191725,0.973698,0.092497,-1.575644,-0.020491,-0.026815,0.000000,-0.040433,-0.143456,0.019411,-1.472522,0.033748,0.000000,0.000000,0.000000,35.000000,35.000000,-35.000000,35.000000,1
46.077925,1785227280.169458628,car2,1.212896,0.988264,0.084081,-0.857518,0.054295,-0.003407,0.000000,-0.237976,-0.119635,0.029223,-0.614429,0.054402,0.000000,0.000000,0.000000,-35.000000,41.850033,35.000000,35.000000,1
46.077925,1785227280.169458628,car3,0.247527,-0.435167,0.119047,-2.139000,-0.023730,0.005918,0.000000,-5.359977,-5.066112,-0.154651,-2.125080,0.024457,0.000000,0.000000,0.000000,35.000000,-35.000000,-35.000000,35.000000,1
46.077925,1785227280.169458628,car4,1.343464,-0.422605,0.082656,0.971934,-0.010713,0.024412,0.000000,-0.268125,0.061086,-0.375531,1.069698,0.026659,0.000000,0.000000,0.000000,-35.000000,35.000000,35.000000,35.000000,1
46.279959,1785227280.369458675,car1,0.191711,0.973672,0.092468,-1.576106,-0.023397,-0.027015,0.000000,-0.005603,-0.019234,-0.000352,-1.472522,0.035738,0.000000,0.000000,0.000000,35.000000,35.000000,-35.000000,35.000000,1
46.279959,1785227280.369458675,car2,1.212888,0.988240,0.083993,-0.852947,0.054284,-0.003410,0.000000,-0.084234,0.078616,-0.172959,-0.614429,0.054391,0.000000,0.000000,0.000000,-35.000000,41.540813,35.000000,35.000000,1
46.279959,1785227280.369458675,car3,0.240994,-0.446766,0.119556,-1.856248,-0.021013,0.012365,0.000000,-0.521941,-0.567293,-0.072710,-2.125080,0.024381,0.000000,0.000000,0.000000,35.000000,-35.000000,35.000000,-35.000000,1
46.279959,1785227280.369458675,car4,1.343428,-0.422638,0.082651,0.976533,-0.010503,0.018219,0.000000,0.316078,0.135064,-0.247872,1.069698,0.021030,0.000000,0.000000,0.000000,-35.000000,35.000000,35.000000,35.000000,1
46.482040,1785227280.569466352,car1,0.191765,0.973680,0.092484,-1.574095,-0.023565,-0.027004,0.000000,-0.036671,-0.136163,0.081170,-1.472522,0.035840,0.000000,0.000000,0.000000,35.000000,35.000000,-35.000000,35.000000,1
46.482040,1785227280.569466352,car2,1.212933,0.988289,0.084032,-0.851055,0.054285,-0.003433,0.000000,-0.129343,0.207345,0.008842,-0.614429,0.054393,0.000000,0.000000,0.000000,-35.000000,41.416156,35.000000,35.000000,1
46.482040,1785227280.569466352,car3,0.240566,-0.444246,0.119418,-2.292942,-0.020794,0.011006,0.000000,-3.192667,-1.030945,2.059963,-2.125080,0.023527,0.000000,0.000000,0.000000,-35.000000,35.000000,-35.000000,35.000000,1
46.482040,1785227280.569466352,car4,1.343479,-0.422643,0.082700,0.978141,-0.010554,0.019590,0.000000,0.116252,0.969987,0.020756,1.069698,0.022252,0.000000,0.000000,0.000000,-35.000000,35.000000,35.000000,35.000000,1
46.683832,1785227280.769553423,car1,0.191709,0.973697,0.092524,-1.576958,-0.023608,-0.027050,0.000000,-0.053577,0.079782,-0.103362,-1.472522,0.035903,0.000000,0.000000,0.000000,35.000000,35.000000,-35.000000,35.000000,1
46.683832,1785227280.769553423,car2,1.212918,0.988230,0.084008,-0.855254,0.054267,-0.003392,0.000000,-0.059114,0.004916,-0.167837,-0.614429,0.054373,0.000000,0.000000,0.000000,-35.000000,41.685947,35.000000,35.000000,1
46.683832,1785227280.769553423,car3,0.240431,-0.445137,0.117783,-2.126165,-0.020767,0.011507,0.000000,0.079101,-0.307216,-0.280854,-2.125080,0.023742,0.000000,0.000000,0.000000,35.000000,-35.000000,-35.000000,35.000000,1
46.683832,1785227280.769553423,car4,1.343415,-0.422611,0.082698,0.976185,-0.010519,0.019095,0.000000,-0.433248,0.038054,-0.026904,1.069698,0.021801,0.000000,0.000000,0.000000,-35.000000,35.000000,35.000000,35.000000,1
46.885713,1785227280.969482422,car1,0.191707,0.973676,0.092454,-1.577265,-0.022681,-0.027004,0.000000,-0.026721,0.105964,-0.346635,-1.472522,0.035266,0.000000,0.000000,0.000000,35.000000,35.000000,-35.000000,35.000000,1
46.885713,1785227280.969482422,car2,1.213014,0.988184,0.083970,-0.855671,0.054231,-0.003384,0.000000,0.482214,-0.524483,-0.252341,-0.614429,0.054336,0.000000,0.000000,0.000000,-35.000000,41.696311,35.000000,35.000000,1
46.885713,1785227280.969482422,car3,0.242356,-0.437071,0.117669,-2.136437,-0.021558,0.007086,0.000000,0.270342,1.213781,0.099986,-2.125080,0.022693,0.000000,0.000000,0.000000,35.000000,-35.000000,-35.000000,35.000000,1
46.885713,1785227280.969482422,car4,1.343415,-0.422611,0.082698,0.976185,-0.010621,0.023435,0.000000,0.943633,0.007159,-0.691609,1.069698,0.025730,0.000000,0.000000,0.000000,-35.000000,35.000000,35.000000,35.000000,1
47.087754,1785227281.179435968,car1,0.191766,0.973737,0.092458,-1.576422,-0.023261,-0.027110,0.000000,-0.055195,0.038526,-0.036188,-1.472522,0.035721,0.000000,0.000000,0.000000,35.000000,35.000000,-35.000000,35.000000,1
47.087754,1785227281.179435968,car2,1.212997,0.988167,0.083969,-0.856286,0.054186,-0.003348,0.000000,0.011022,-0.142175,0.296115,-0.614429,0.054290,0.000000,0.000000,0.000000,-35.000000,41.715147,35.000000,35.000000,1
47.087754,1785227281.179435968,car3,0.240857,-0.429442,0.117690,-2.124926,-0.020939,0.003011,0.000000,-0.062852,0.870693,-0.156203,-2.125080,0.021154,0.000000,0.000000,0.000000,35.000000,-35.000000,-35.000000,35.000000,1
47.087754,1785227281.179435968,car4,1.343281,-0.422549,0.082846,0.981945,-0.010603,0.027552,0.000000,0.195002,0.021625,-0.223520,1.069698,0.029522,0.000000,0.000000,0.000000,-35.000000,35.000000,35.000000,35.000000,1
47.289859,1785227281.379411936,car1,0.191675,0.973655,0.092465,-1.577190,-0.023947,-0.027081,0.000000,0.011741,-0.047471,0.022128,-1.472522,0.036150,0.000000,0.000000,0.000000,35.000000,35.000000,-35.000000,35.000000,1
47.289859,1785227281.379411936,car2,1.213107,0.988159,0.083910,-0.853457,0.054195,-0.003387,0.000000,0.028307,-0.056205,0.126620,-0.614429,0.054301,0.000000,0.000000,0.000000,-35.000000,41.532290,35.000000,35.000000,1
47.289859,1785227281.379411936,car3,0.238762,-0.421961,0.119624,-1.926388,-0.020177,-0.001033,0.000000,-0.176241,-0.246836,-0.403349,-2.125080,0.020203,0.000000,0.000000,0.000000,35.000000,-35.000000,35.000000,-35.000000,1
47.289859,1785227281.379411936,car4,1.343415,-0.422611,0.082698,0.976185,-0.010671,0.031561,0.000000,0.182123,0.053817,-0.113336,1.069698,0.033316,0.000000,0.000000,0.000000,-35.000000,35.000000,35.000000,35.000000,1
47.491904,1785227281.579466581,car1,0.191748,0.973631,0.092526,-1.575978,-0.022950,-0.027030,0.000000,-0.022989,-0.047619,0.046969,-1.472522,0.035459,0.000000,0.000000,0.000000,35.000000,35.000000,-35.000000,35.000000,1
47.491904,1785227281.579466581,car2,1.213098,0.988135,0.083906,-0.853748,0.054186,-0.003390,0.000000,0.262330,-0.170933,-0.075836,-0.614429,0.054292,0.000000,0.000000,0.000000,-35.000000,41.547764,35.000000,35.000000,1
47.491904,1785227281.579466581,car3,0.241066,-0.417041,0.118297,-2.309573,-0.021214,-0.003785,0.000000,0.816369,0.171473,-0.000056,-2.125080,0.021549,0.000000,0.000000,0.000000,-35.000000,35.000000,-35.000000,35.000000,1
47.491904,1785227281.579466581,car4,1.343384,-0.422628,0.082700,0.973288,-0.010617,0.034216,0.000000,0.066298,-0.117049,-0.140175,1.069698,0.035825,0.000000,0.000000,0.000000,-35.000000,35.000000,35.000000,35.000000,1
47.693843,1785227281.779450655,car1,0.191756,0.973612,0.092554,-1.575503,-0.024457,-0.027117,0.000000,-0.030403,-0.019120,-0.008503,-1.472522,0.036517,0.000000,0.000000,0.000000,35.000000,35.000000,-35.000000,35.000000,1
47.693843,1785227281.779450655,car2,1.213104,0.988114,0.083877,-0.857092,0.054194,-0.003388,0.000000,0.005324,-0.090968,0.095284,-0.614429,0.054299,0.000000,0.000000,0.000000,-35.000000,41.773332,35.000000,35.000000,1
47.693843,1785227281.779450655,car3,0.237806,-0.426529,0.119583,-1.863182,-0.019679,0.001484,0.000000,-0.396606,-0.663436,-0.054838,-2.125080,0.019735,0.000000,0.000000,0.000000,35.000000,-35.000000,35.000000,-35.000000,1
47.693843,1785227281.779450655,car4,1.343403,-0.422594,0.082720,0.973600,-0.010662,0.029117,0.000000,0.072536,0.046125,-0.009383,1.069698,0.031008,0.000000,0.000000,0.000000,-35.000000,35.000000,35.000000,35.000000,1
47.895974,1785227281.979558706,car1,0.191629,0.973662,0.092593,-1.579252,-0.025394,-0.027158,0.000000,0.037347,0.070118,-0.107400,-1.472522,0.037181,0.000000,0.000000,0.000000,35.000000,35.000000,-35.000000,35.000000,1
47.895974,1785227281.979558706,car2,1.213054,0.988216,0.083945,-0.854762,0.054153,-0.003424,0.000000,-0.483199,-0.423205,0.252177,-0.614429,0.054261,0.000000,0.000000,0.000000,-35.000000,41.600732,35.000000,35.000000,1
47.895974,1785227281.979558706,car3,0.235555,-0.427643,0.118113,-2.143951,-0.018766,0.002092,0.000000,0.077013,0.059063,-0.088457,-2.125080,0.018882,0.000000,0.000000,0.000000,35.000000,-35.000000,-35.000000,35.000000,1
47.895974,1785227281.979558706,car4,1.343267,-0.422686,0.082833,0.974368,-0.010590,0.028601,0.000000,0.759225,0.934740,0.114915,1.069698,0.030499,0.000000,0.000000,0.000000,-35.000000,35.000000,35.000000,35.000000,1
48.098699,1785227282.189483881,car1,0.191689,0.973645,0.092575,-1.579467,-0.024545,-0.027128,0.000000,-0.210278,0.019943,0.101637,-1.472522,0.036584,0.000000,0.000000,0.000000,35.000000,35.000000,-35.000000,35.000000,1
48.098699,1785227282.189483881,car2,1.213110,0.988149,0.083960,-0.853123,0.054170,-0.003393,0.000000,-0.371977,-0.258817,0.202000,-0.614429,0.054276,0.000000,0.000000,0.000000,-35.000000,41.498514,35.000000,35.000000,1
48.098699,1785227282.189483881,car3,0.237535,-0.425848,0.118089,-2.287351,-0.019599,0.001090,0.000000,0.984131,-1.813549,-1.439294,-2.125080,0.019629,0.000000,0.000000,0.000000,-35.000000,35.000000,-35.000000,35.000000,1
48.098699,1785227282.189483881,car4,1.343358,-0.422650,0.082719,0.976379,-0.010628,0.029524,0.000000,0.101461,1.305776,-0.339992,1.069698,0.031378,0.000000,0.000000,0.000000,-35.000000,35.000000,35.000000,35.000000,1
48.300433,1785227282.389411449,car1,0.191727,0.973696,0.092576,-1.577919,-0.023111,-0.027129,0.000000,0.014672,-0.012815,-0.006804,-1.472522,0.035638,0.000000,0.000000,0.000000,35.000000,35.000000,-35.000000,35.000000,1
48.300433,1785227282.389411449,car2,1.213066,0.988087,0.083980,-0.857735,0.054130,-0.003335,0.000000,-0.037346,-0.053691,0.042279,-0.614429,0.054232,0.000000,0.000000,0.000000,-35.000000,41.784289,35.000000,35.000000,1
48.300433,1785227282.389411449,car3,0.241332,-0.433530,0.119475,-1.710511,-0.021130,0.005201,0.000000,0.620569,-0.605215,0.231833,-2.125080,0.021760,0.000000,0.000000,0.000000,35.000000,-35.589957,35.000000,-35.000000,1
48.300433,1785227282.389411449,car4,1.343204,-0.422586,0.082889,0.980844,-0.010509,0.025387,0.000000,-0.017769,-0.063553,0.028864,1.069698,0.027476,0.000000,0.000000,0.000000,-35.000000,35.000000,35.000000,35.000000,1
48.502356,1785227282.589464426,car1,0.191806,0.973629,0.092472,-1.576154,-0.022281,-0.026994,0.000000,-0.050219,-0.038283,0.057872,-1.472522,0.035002,0.000000,0.000000,0.000000,35.000000,35.000000,-35.000000,35.000000,1
48.502356,1785227282.589464426,car2,1.213168,0.988158,0.083910,-0.858790,0.054095,-0.003422,0.000000,0.083331,0.017539,-0.008450,-0.614429,0.054203,0.000000,0.000000,0.000000,-35.000000,41.841093,35.000000,35.000000,1
48.502356,1785227282.589464426,car3,0.243316,-0.431475,0.118144,-2.213630,-0.021947,0.004043,0.000000,1.503006,0.614923,0.119930,-2.125080,0.022316,0.000000,0.000000,0.000000,35.000000,35.000000,-35.000000,35.000000,1
48.502356,1785227282.589464426,car4,1.343219,-0.422567,0.082780,0.979865,-0.010488,0.026480,0.000000,0.420126,0.293866,-0.113399,1.069698,0.028482,0.000000,0.000000,0.000000,-35.000000,35.000000,35.000000,35.000000,1
48.703971,1785227282.789425373,car1,0.191714,0.973700,0.092416,-1.576082,-0.023597,-0.027142,0.000000,-0.084776,0.074348,-0.019199,-1.472522,0.035965,0.000000,0.000000,0.000000,35.000000,35.000000,-35.000000,35.000000,1
48.703971,1785227282.789425373,car2,1.213125,0.988078,0.083984,-0.859753,0.054194,-0.003315,0.000000,0.060718,-0.139431,-0.107098,-0.614429,0.054295,0.000000,0.000000,0.000000,-35.000000,41.947605,35.000000,35.000000,1
48.703971,1785227282.789425373,car3,0.239950,-0.430354,0.117878,-2.322747,-0.020570,0.003486,0.000000,-2.113838,-1.998082,-0.670907,-2.125080,0.020863,0.000000,0.000000,0.000000,-35.000000,35.000000,-35.000000,35.000000,1
48.703971,1785227282.789425373,car4,1.343429,-0.422628,0.082710,0.976575,-0.010642,0.027083,0.000000,-0.368047,0.462304,0.170952,1.069698,0.029099,0.000000,0.000000,0.000000,-35.000000,35.000000,35.000000,35.000000,1
48.906252,1785227282.989394665,car1,0.191685,0.973685,0.092536,-1.579286,-0.021950,-0.027008,0.000000,0.061318,0.014120,-0.238425,-1.472522,0.034803,0.000000,0.000000,0.000000,35.000000,35.000000,-35.000000,35.000000,1
48.906252,1785227282.989394665,car2,1.213255,0.988143,0.083921,-0.862911,0.054076,-0.003383,0.000000,-0.304225,0.495299,0.345454,-0.614429,0.054181,0.000000,0.000000,0.000000,-35.000000,42.103919,35.000000,35.000000,1
48.906252,1785227282.989394665,car3,0.244161,-0.437009,0.119430,-1.748048,-0.022325,0.006988,0.000000,1.683496,-0.706698,0.150649,-2.125080,0.023393,0.000000,0.000000,0.000000,35.000000,-35.000000,35.000000,-35.000000,1
48.906252,1785227282.989394665,car4,1.343265,-0.422649,0.082841,0.983186,-0.010426,0.023529,0.000000,-0.909162,0.047530,0.326991,1.069698,0.025736,0.000000,0.000000,0.000000,-35.000000,35.000000,35.000000,35.000000,1
49.108887,1785227283.199660540,car1,0.191770,0.973675,0.092507,-1.575938,-0.021838,-0.027054,0.000000,0.233892,-0.016465,-0.046720,-1.472522,0.034769,0.000000,0.000000,0.000000,35.000000,35.000000,-35.000000,35.000000,1
49.108887,1785227283.199660540,car2,1.213183,0.988045,0.083978,-0.861312,0.054081,-0.003332,0.000000,-0.096084,0.025707,-0.053030,-0.614429,0.054183,0.000000,0.000000,0.000000,-35.000000,41.998538,35.000000,35.000000,1
49.108887,1785227283.199660540,car3,0.244571,-0.438238,0.117932,-2.137456,-0.022462,0.007730,0.000000,0.002443,0.367999,0.512208,-2.125080,0.023755,0.000000,0.000000,0.000000,35.000000,-35.000000,-35.000000,35.000000,1
49.108887,1785227283.199660540,car4,1.343188,-0.422504,0.082841,0.980890,-0.010407,0.022787,0.000000,-0.326667,0.305360,0.266605,1.069698,0.025051,0.000000,0.000000,0.000000,-35.000000,35.000000,35.000000,35.000000,1
49.310553,1785227283.399411917,car1,0.191669,0.973636,0.092539,-1.577263,-0.022171,-0.027064,0.000000,-0.010819,-0.103154,0.051448,-1.472522,0.034986,0.000000,0.000000,0.000000,35.000000,35.000000,-35.000000,35.000000,1
49.310553,1785227283.399411917,car2,1.213225,0.988023,0.084011,-0.863845,0.054090,-0.003339,0.000000,-0.315958,-1.421897,1.542360,-0.614429,0.054193,0.000000,0.000000,0.000000,-35.000000,42.170809,35.000000,35.000000,1
49.310553,1785227283.399411917,car3,0.243596,-0.436567,0.117688,-2.329328,-0.022096,0.006718,0.000000,-1.611894,-2.923986,-3.865165,-2.125080,0.023094,0.000000,0.000000,0.000000,-35.000000,35.000000,-35.000000,35.000000,1
49.310553,1785227283.399411917,car4,1.343270,-0.422729,0.082790,0.985557,-0.010447,0.023813,0.000000,-1.859958,-0.619354,0.794874,1.069698,0.026004,0.000000,0.000000,0.000000,-35.000000,35.000000,35.000000,35.000000,1
49.512701,1785227283.599366903,car1,0.191765,0.973642,0.092517,-1.578215,-0.022176,-0.027064,0.000000,0.025846,0.004358,0.043335,-1.472522,0.034989,0.000000,0.000000,0.000000,35.000000,35.000000,-35.000000,35.000000,1
49.512701,1785227283.599366903,car2,1.213268,0.988000,0.084000,-0.866088,0.054131,-0.003315,0.000000,-0.008076,0.143198,-0.307669,-0.614429,0.054233,0.000000,0.000000,0.000000,-35.000000,42.337835,35.000000,35.000000,1
49.512701,1785227283.599366903,car3,0.243817,-0.442027,0.119215,-1.815475,-0.022149,0.009749,0.000000,-0.381862,-4.655947,0.187492,-2.125080,0.024199,0.000000,0.000000,0.000000,35.000000,-35.000000,35.000000,-35.000000,1
49.512701,1785227283.599366903,car4,1.343406,-0.422614,0.082702,0.970358,-0.010434,0.020772,0.000000,0.439287,-0.851897,-0.074182,1.069698,0.023246,0.000000,0.000000,0.000000,-35.000000,35.000000,35.000000,35.000000,1
49.714669,1785227283.799401283,car1,0.191735,0.973627,0.092510,-1.576124,-0.021927,-0.027038,0.000000,-0.015824,-0.025199,0.005205,-1.472522,0.034812,0.000000,0.000000,0.000000,35.000000,35.000000,-35.000000,35.000000,1
49.714669,1785227283.799401283,car2,1.213271,0.988024,0.084016,-0.865627,0.054080,-0.003347,0.000000,0.302877,-0.052783,-0.143356,-0.614429,0.054183,0.000000,0.000000,0.000000,-35.000000,42.284475,35.000000,35.000000,1
49.714669,1785227283.799401283,car3,0.244399,-0.441116,0.117825,-2.232211,-0.022403,0.009231,0.000000,0.516607,-0.209678,0.112817,-2.125080,0.024231,0.000000,0.000000,0.000000,35.000000,35.000000,-35.000000,35.000000,1
49.714669,1785227283.799401283,car4,1.343282,-0.422631,0.082740,0.975451,-0.010376,0.021291,0.000000,1.596936,-0.026782,-0.482832,1.069698,0.023685,0.000000,0.000000,0.000000,-35.000000,35.000000,35.000000,35.000000,1
49.916721,1785227283.999420166,car1,0.191686,0.973653,0.092513,-1.575480,-0.022732,-0.027088,0.000000,-0.068564,0.000702,-0.175886,-1.472522,0.035362,0.000000,0.000000,0.000000,35.000000,35.000000,-35.000000,35.000000,1
49.916721,1785227283.999420166,car2,1.213272,0.988012,0.083931,-0.867121,0.054146,-0.003311,0.000000,-0.310692,0.845436,-0.431523,-0.614429,0.054247,0.000000,0.000000,0.000000,-35.000000,42.412999,35.000000,35.000000,1
49.916721,1785227283.999420166,car3,0.242299,-0.440596,0.118921,-2.213492,-0.021542,0.009000,0.000000,-5.563722,-9.326512,0.831255,-2.125080,0.023347,0.000000,0.000000,0.000000,35.000000,35.000000,-35.000000,35.000000,1
49.916721,1785227283.999420166,car4,1.343449,-0.422618,0.082743,0.977227,-0.010498,0.021543,0.000000,0.123643,-0.104704,0.517939,1.069698,0.023965,0.000000,0.000000,0.000000,-35.000000,35.000000,35.000000,35.000000,1
50.118744,1785227284.209380627,car1,0.191690,0.973669,0.092578,-1.577122,-0.023662,-0.027198,0.000000,-0.032955,-0.017380,0.064184,-1.472522,0.036051,0.000000,0.000000,0.000000,35.000000,35.000000,-35.000000,35.000000,1
50.118744,1785227284.209380627,car2,1.213297,0.987961,0.084013,-0.867203,0.054122,-0.003277,0.000000,0.183291,-0.043443,-0.140745,-0.614429,0.054221,0.000000,0.000000,0.000000,-35.000000,42.406005,35.000000,35.000000,1
50.118744,1785227284.209380627,car3,0.240254,-0.444589,0.117588,-2.121483,-0.020697,0.011177,0.000000,-2.331439,-4.271758,-0.896657,-2.125080,0.023522,0.000000,0.000000,0.000000,35.000000,-35.000000,-35.000000,35.000000,1
50.118744,1785227284.209380627,car4,1.343418,-0.422677,0.082699,0.977902,-0.010382,0.019458,0.000000,-0.210499,0.105553,0.299695,1.069698,0.022054,0.000000,0.000000,0.000000,-35.000000,35.000000,35.000000,35.000000,1
50.320665,1785227284.409470320,car1,0.191768,0.973718,0.092458,-1.577225,-0.022848,-0.027218,0.000000,0.023789,-0.003297,-0.033175,-1.472522,0.035536,0.000000,0.000000,0.000000,35.000000,35.000000,-35.000000,35.000000,1
50.320665,1785227284.409470320,car2,1.213317,0.987922,0.084025,-0.868496,0.054085,-0.003234,0.000000,-0.271152,-0.105854,-0.070566,-0.614429,0.054181,0.000000,0.000000,0.000000,-35.000000,42.472036,35.000000,35.000000,1
50.320665,1785227284.409470320,car3,0.242129,-0.437805,0.117711,-2.131429,-0.021435,0.007478,0.000000,-4.005003,-0.270560,-18.979529,-2.125080,0.022701,0.000000,0.000000,0.000000,35.000000,-35.000000,-35.000000,35.000000,1
50.320665,1785227284.409470320,car4,1.343338,-0.422640,0.082794,0.975032,-0.010423,0.023112,0.000000,1.182453,-0.109228,-0.598522,1.069698,0.025353,0.000000,0.000000,0.000000,-35.000000,35.000000,35.000000,35.000000,1
50.522333,1785227284.609382629,car1,0.191691,0.973654,0.092514,-1.575842,-0.023158,-0.027155,0.000000,-0.407470,-0.069407,-0.029730,-1.472522,0.035689,0.000000,0.000000,0.000000,35.000000,35.000000,-35.000000,35.000000,1
50.522333,1785227284.609382629,car2,1.213372,0.987960,0.083946,-0.864682,0.054093,-0.003290,0.000000,-0.487401,0.799171,-0.311394,-0.614429,0.054193,0.000000,0.000000,0.000000,-35.000000,42.225943,35.000000,35.000000,1
50.522333,1785227284.609382629,car3,0.241025,-0.432392,0.117821,-2.212473,-0.021021,0.004551,0.000000,-0.233230,4.149006,-1.344560,-2.125080,0.021508,0.000000,0.000000,0.000000,35.000000,35.000000,-35.000000,35.000000,1
50.522333,1785227284.609382629,car4,1.343415,-0.422653,0.082692,0.976068,-0.010530,0.026012,0.000000,0.905558,-1.032660,-1.539278,1.069698,0.028063,0.000000,0.000000,0.000000,-35.000000,35.000000,35.000000,35.000000,1
50.724243,1785227284.809557438,car1,0.191734,0.973679,0.092508,-1.576339,-0.023906,-0.027228,0.000000,0.076090,0.139761,-0.217728,-1.472522,0.036234,0.000000,0.000000,0.000000,35.000000,35.000000,-35.000000,35.000000,1
50.724243,1785227284.809557438,car2,1.213392,0.987947,0.083948,-0.866835,0.054091,-0.003269,0.000000,0.226737,0.730622,-0.681616,-0.614429,0.054189,0.000000,0.000000,0.000000,-35.000000,42.366363,35.000000,35.000000,1
50.724243,1785227284.809557438,car3,0.239420,-0.435852,0.117573,-2.146356,-0.020312,0.006479,0.000000,-3.053350,-3.811123,0.216303,-2.125080,0.021320,0.000000,0.000000,0.000000,35.000000,-35.000000,-35.000000,35.000000,1
50.724243,1785227284.809557438,car4,1.343428,-0.422638,0.082651,0.976533,-0.010486,0.024158,0.000000,0.095722,0.781785,-0.199590,1.069698,0.026336,0.000000,0.000000,0.000000,-35.000000,35.000000,35.000000,35.000000,1
50.926424,1785227285.009558201,car1,0.191710,0.973619,0.092585,-1.577764,-0.023582,-0.027189,0.000000,-0.065216,0.020221,0.059412,-1.472522,0.035991,0.000000,0.000000,0.000000,35.000000,35.000000,-35.000000,35.000000,1
50.926424,1785227285.009558201,car2,1.213354,0.987898,0.083981,-0.866963,0.054121,-0.003270,0.000000,-0.140356,-0.164161,-0.251745,-0.614429,0.054219,0.000000,0.000000,0.000000,-35.000000,42.389061,35.000000,35.000000,1
50.926424,1785227285.009558201,car3,0.240013,-0.432772,0.118314,-2.159281,-0.020584,0.004789,0.000000,-0.580455,2.697109,0.987899,-2.125080,0.021134,0.000000,0.000000,0.000000,35.000000,-35.000000,-35.000000,35.000000,1
50.926424,1785227285.009558201,car4,1.343461,-0.422643,0.082624,0.978991,-0.010569,0.025794,0.000000,2.205892,0.476476,-2.080940,1.069698,0.027875,0.000000,0.000000,0.000000,-35.000000,35.000000,35.000000,35.000000,1
51.129637,1785227285.219441175,car1,0.191700,0.973642,0.092516,-1.576221,-0.023887,-0.027206,0.000000,-0.013614,0.020055,-0.078135,-1.472522,0.036204,0.000000,0.000000,0.000000,35.000000,35.000000,-35.000000,35.000000,1
51.129637,1785227285.219441175,car2,1.213410,0.987975,0.083969,-0.866469,0.054025,-0.003319,0.000000,0.039803,0.729718,0.038823,-0.614429,0.054127,0.000000,0.000000,0.000000,-35.000000,42.313319,35.000000,35.000000,1
51.129637,1785227285.219441175,car3,0.239169,-0.426156,0.117776,-2.119718,-0.020284,0.001189,0.000000,-3.191755,-7.633076,-3.119910,-2.125080,0.020319,0.000000,0.000000,0.000000,35.000000,-35.000000,-35.000000,35.000000,1
51.129637,1785227285.219441175,car4,1.343285,-0.422695,0.082776,0.974977,-0.010454,0.029424,0.000000,-1.431329,-0.223817,0.393372,1.069698,0.031226,0.000000,0.000000,0.000000,-35.000000,35.000000,35.000000,35.000000,1
51.331344,1785227285.419426918,car1,0.191698,0.973684,0.092549,-1.577004,-0.024681,-0.027335,0.000000,0.076338,-0.040120,0.037330,-1.472522,0.036829,0.000000,0.000000,0.000000,35.000000,35.000000,-35.000000,35.000000,1
51.331344,1785227285.419426918,car2,1.213323,0.987828,0.083984,-0.869086,0.054144,-0.003187,0.000000,0.079618,-0.130071,0.410122,-0.614429,0.054238,0.000000,0.000000,0.000000,-35.000000,42.537282,35.000000,35.000000,1
51.331344,1785227285.419426918,car3,0.237129,-0.424897,0.119933,-1.968489,-0.019433,0.000584,0.000000,-0.736310,0.160443,0.156666,-2.125080,0.019442,0.000000,0.000000,0.000000,35.000000,-35.000000,35.000000,-35.000000,1
51.331344,1785227285.419426918,car4,1.343490,-0.422652,0.082709,0.973991,-0.010626,0.030025,0.000000,0.086621,0.031745,0.304135,1.069698,0.031850,0.000000,0.000000,0.000000,-35.000000,35.000000,35.000000,35.000000,1
51.533086,1785227285.619418621,car1,0.191728,0.973671,0.092490,-1.576171,-0.023890,-0.027264,0.000000,-0.019524,0.013803,-0.034562,-1.472522,0.036250,0.000000,0.000000,0.000000,35.000000,35.000000,-35.000000,35.000000,1
51.533086,1785227285.619418621,car2,1.213286,0.987882,0.083986,-0.864602,0.054108,-0.003233,0.000000,-0.116485,-0.173504,0.154574,-0.614429,0.054204,0.000000,0.000000,0.000000,-35.000000,42.225343,35.000000,35.000000,1
51.533086,1785227285.619418621,car3,0.238985,-0.421617,0.118546,-2.368302,-0.020254,-0.001225,0.000000,0.431321,0.481172,-0.098369,-2.125080,0.020291,0.000000,0.000000,0.000000,-35.000000,35.000000,-35.000000,35.000000,1
51.533086,1785227285.619418621,car4,1.343358,-0.422612,0.082718,0.975824,-0.010558,0.031779,0.000000,0.368854,0.089563,-0.436868,1.069698,0.033487,0.000000,0.000000,0.000000,-35.000000,35.000000,35.000000,35.000000,1
51.734920,1785227285.819420815,car1,0.191738,0.973658,0.092543,-1.578725,-0.025279,-0.027338,0.000000,-0.097061,0.110751,0.056274,-1.472522,0.037234,0.000000,0.000000,0.000000,35.000000,35.000000,-35.000000,35.000000,1
51.734920,1785227285.819420815,car2,1.213397,0.987897,0.083905,-0.866852,0.054025,-0.003265,0.000000,-0.334840,0.473821,-0.973700,-0.614429,0.054124,0.000000,0.000000,0.000000,-35.000000,42.336847,35.000000,35.000000,1
51.734920,1785227285.819420815,car3,0.235904,-0.426710,0.118094,-2.158878,-0.018877,0.001641,0.000000,-3.452336,-1.508070,3.138535,-2.125080,0.018948,0.000000,0.000000,0.000000,35.000000,-35.000000,-35.000000,35.000000,1
51.734920,1785227285.819420815,car4,1.343259,-0.422575,0.082865,0.982241,-0.010459,0.029067,0.000000,-1.306335,0.322176,1.734607,1.069698,0.030891,0.000000,0.000000,0.000000,-35.000000,35.000000,35.000000,35.000000,1
51.936694,1785227286.019476175,car1,0.191715,0.973650,0.092532,-1.573887,-0.024323,-0.027306,0.000000,0.019723,0.020963,-0.076851,-1.472522,0.036568,0.000000,0.000000,0.000000,35.000000,35.000000,-35.000000,35.000000,1
51.936694,1785227286.019476175,car2,1.213419,0.987828,0.084095,-0.870138,0.054074,-0.003220,0.000000,0.071528,0.138244,-0.573545,-0.614429,0.054169,0.000000,0.000000,0.000000,-35.000000,42.574758,35.000000,35.000000,1
51.936694,1785227286.019476175,car3,0.238129,-0.427569,0.119571,-1.871433,-0.019822,0.001996,0.000000,-1.115680,1.909109,0.682178,-2.125080,0.019923,0.000000,0.000000,0.000000,35.000000,-35.000000,35.000000,-35.000000,1
51.936694,1785227286.019476175,car4,1.343408,-0.422674,0.082671,0.977177,-0.010529,0.028632,0.000000,-1.269054,-0.179597,0.902452,1.069698,0.030507,0.000000,0.000000,0.000000,-35.000000,35.000000,35.000000,35.000000,1
52.138682,1785227286.229345083,car1,0.191652,0.973666,0.092539,-1.576579,-0.023531,-0.027269,0.000000,0.033611,-0.007096,0.045345,-1.472522,0.036018,0.000000,0.000000,0.000000,35.000000,35.000000,-35.000000,35.000000,1
52.138682,1785227286.229345083,car2,1.213426,0.987820,0.084071,-0.869801,0.054070,-0.003206,0.000000,-0.090665,-0.030217,0.050232,-0.614429,0.054165,0.000000,0.000000,0.000000,-35.000000,42.550048,35.000000,35.000000,1
52.138682,1785227286.229345083,car3,0.239866,-0.425659,0.118062,-2.347780,-0.020606,0.000901,0.000000,-0.420243,-0.310636,0.047815,-2.125080,0.020625,0.000000,0.000000,0.000000,-35.000000,35.000000,-35.000000,35.000000,1
52.138682,1785227286.229345083,car4,1.343406,-0.422690,0.082739,0.977471,-0.010536,0.029657,0.000000,0.058717,0.099370,-0.026572,1.069698,0.031472,0.000000,0.000000,0.000000,-35.000000,35.000000,35.000000,35.000000,1
52.340186,1785227286.419445753,car1,0.191709,0.973634,0.092512,-1.577923,-0.023085,-0.027255,0.000000,-0.191055,-0.166415,0.203586,-1.472522,0.035718,0.000000,0.000000,0.000000,35.000000,35.000000,-35.000000,35.000000,1
52.340186,1785227286.419445753,car2,1.213637,0.987760,0.083984,-0.871982,0.054005,-0.003201,0.000000,-0.156733,-0.017611,0.667495,-0.614429,0.054100,0.000000,0.000000,0.000000,-35.000000,42.663336,35.000000,35.000000,1
52.340186,1785227286.419445753,car3,0.241173,-0.431601,0.119323,-1.822060,-0.021081,0.004107,0.000000,7.561490,-9.449612,1.539108,-2.125080,0.021477,0.000000,0.000000,0.000000,35.000000,-35.000000,35.000000,-35.000000,1
52.340186,1785227286.419445753,car4,1.343447,-0.422674,0.082768,0.978440,-0.010449,0.026463,0.000000,1.030790,-1.220610,0.093421,1.069698,0.028452,0.000000,0.000000,0.000000,-35.000000,35.000000,35.000000,35.000000,1
52.542529,1785227286.629581690,car1,0.191686,0.973680,0.092491,-1.576887,-0.023563,-0.027381,0.000000,0.140540,0.003777,-0.052859,-1.472522,0.036124,0.000000,0.000000,0.000000,35.000000,35.000000,-35.000000,35.000000,1
52.542529,1785227286.629581690,car2,1.213819,0.987665,0.083804,-0.879774,0.053904,-0.003137,0.000000,-1.191085,-0.038779,1.191998,-0.614429,0.053995,0.000000,0.000000,0.000000,-35.000000,43.126322,35.000000,35.000000,1
52.542529,1785227286.629581690,car3,0.239988,-0.429749,0.119146,-2.110665,-0.020603,0.003129,0.000000,-6.678535,-5.262971,-5.930241,-2.125080,0.020839,0.000000,0.000000,0.000000,35.000000,-35.000000,-35.000000,35.000000,1
52.542529,1785227286.629581690,car4,1.343371,-0.422675,0.082690,0.975987,-0.010338,0.027496,0.000000,-1.433240,-0.668525,1.375923,1.069698,0.029376,0.000000,0.000000,0.000000,-35.000000,35.000000,35.000000,35.000000,1
52.744047,1785227286.829395771,car1,0.191718,0.973695,0.092536,-1.576565,-0.024037,-0.027308,0.000000,0.104438,-0.170932,0.352258,-1.472522,0.036380,0.000000,0.000000,0.000000,35.000000,35.000000,-35.000000,35.000000,1
52.744047,1785227286.829395771,car2,1.214333,0.987860,0.083906,-0.905201,0.053716,-0.003274,0.000000,-0.102352,0.365918,0.567795,-0.614429,0.053815,0.000000,0.000000,0.000000,-35.000000,44.709601,35.000000,35.000000,1
52.744047,1785227286.829395771,car3,0.238819,-0.427339,0.118953,-2.311482,-0.020116,0.001849,0.000000,-1.668128,-1.988321,0.769394,-2.125080,0.020200,0.000000,0.000000,0.000000,-35.000000,35.000000,-35.000000,35.000000,1
52.744047,1785227286.829395771,car4,1.343422,-0.422680,0.082739,0.977603,-0.010150,0.028832,0.000000,0.401396,0.433591,-0.016747,1.069698,0.030566,0.000000,0.000000,0.000000,-35.000000,35.000000,35.000000,35.000000,1
52.945964,1785227287.029407740,car1,0.191700,0.973675,0.092535,-1.577541,-0.022830,-0.027120,0.000000,0.039466,-0.101814,0.064710,-1.472522,0.035450,0.000000,0.000000,0.000000,35.000000,35.000000,-35.000000,35.000000,1
52.945964,1785227287.029407740,car2,1.214265,0.988011,0.083882,-0.904452,0.053753,-0.003366,0.000000,-0.050140,-0.061617,0.040956,-0.614429,0.053858,0.000000,0.000000,0.000000,-35.000000,44.683289,35.000000,35.000000,1
52.945964,1785227287.029407740,car3,0.241883,-0.434704,0.119501,-1.768052,-0.021368,0.005806,0.000000,0.623080,-2.127986,0.357513,-2.125080,0.022143,0.000000,0.000000,0.000000,35.000000,-35.000000,35.000000,-35.000000,1
52.945964,1785227287.029407740,car4,1.343449,-0.422618,0.082743,0.977227,-0.010160,0.024806,0.000000,-0.536713,-0.042627,0.021124,1.069698,0.026806,0.000000,0.000000,0.000000,-35.000000,35.000000,35.000000,35.000000,1
53.148308,1785227287.239394188,car1,0.191697,0.973675,0.092553,-1.576278,-0.022787,-0.027045,0.000000,0.024569,0.018888,-0.015227,-1.472522,0.035365,0.000000,0.000000,0.000000,35.000000,35.000000,-35.000000,35.000000,1
53.148308,1785227287.239394188,car2,1.214568,0.988149,0.083866,-0.920803,0.053592,-0.003475,0.000000,0.533316,-0.065635,0.070628,-0.614429,0.053705,0.000000,0.000000,0.000000,-35.000000,45.678324,35.000000,35.000000,1
53.148308,1785227287.239394188,car3,0.241828,-0.429625,0.118462,-2.200683,-0.021378,0.003080,0.000000,0.669276,0.744757,-0.034382,-2.125080,0.021599,0.000000,0.000000,0.000000,35.000000,35.000000,-35.000000,35.000000,1
53.148308,1785227287.239394188,car4,1.343348,-0.422552,0.082681,0.973174,-0.010021,0.027542,0.000000,-0.368797,0.201846,0.509042,1.069698,0.029308,0.000000,0.000000,0.000000,-35.000000,35.000000,35.000000,35.000000,1
53.349892,1785227287.439452648,car1,0.191773,0.973695,0.092453,-1.574891,-0.023937,-0.027387,0.000000,0.107401,0.048321,-0.222983,-1.472522,0.036373,0.000000,0.000000,0.000000,35.000000,35.000000,-35.000000,35.000000,1
53.349892,1785227287.439452648,car2,1.214606,0.987711,0.083813,-0.915525,0.053620,-0.003205,0.000000,0.344575,-2.105166,0.671892,-0.614429,0.053716,0.000000,0.000000,0.000000,-35.000000,45.332133,35.000000,35.000000,1
53.349892,1785227287.439452648,car3,0.239190,-0.430201,0.117987,-2.307032,-0.020225,0.003436,0.000000,-4.789319,-5.351848,4.313746,-2.125080,0.020515,0.000000,0.000000,0.000000,-35.000000,35.000000,-35.000000,35.000000,1
53.349892,1785227287.439452648,car4,1.343438,-0.422603,0.082728,0.976948,-0.010045,0.027270,0.000000,0.981781,0.270914,0.617029,1.069698,0.029061,0.000000,0.000000,0.000000,-35.000000,35.000000,35.000000,35.000000,1
53.551687,1785227287.639425516,car1,0.191695,0.973631,0.092510,-1.577796,-0.023140,-0.027136,0.000000,0.192959,-0.003316,-0.036833,-1.472522,0.035662,0.000000,0.000000,0.000000,35.000000,35.000000,-35.000000,35.000000,1
53.551687,1785227287.639425516,car2,1.214776,0.987962,0.083809,-0.932178,0.053574,-0.003393,0.000000,0.018140,0.164532,-0.896136,-0.614429,0.053681,0.000000,0.000000,0.000000,-35.000000,46.400559,35.000000,35.000000,1
53.551687,1785227287.639425516,car3,0.241119,-0.435388,0.119493,-1.742475,-0.021046,0.006186,0.000000,-1.015784,-1.247501,0.489309,-2.125080,0.021937,0.000000,0.000000,0.000000,35.000000,-35.000000,35.000000,-35.000000,1
53.551687,1785227287.639425516,car4,1.343505,-0.422636,0.082728,0.978974,-0.009984,0.024475,0.000000,-2.706552,0.198712,0.310977,1.069698,0.026433,0.000000,0.000000,0.000000,-35.000000,35.000000,35.000000,35.000000,1
53.753721,1785227287.839415073,car1,0.191684,0.973678,0.092502,-1.578486,-0.022348,-0.027268,0.000000,0.037770,0.015753,0.053395,-1.472522,0.035256,0.000000,0.000000,0.000000,35.000000,35.000000,-35.000000,35.000000,1
53.753721,1785227287.839415073,car2,1.214926,0.987749,0.083819,-0.926885,0.053420,-0.003271,0.000000,-0.206915,-0.280384,0.080426,-0.614429,0.053520,0.000000,0.000000,0.000000,-35.000000,45.978464,35.000000,35.000000,1
53.753721,1785227287.839415073,car3,0.242980,-0.431747,0.119116,-2.207575,-0.021853,0.004178,0.000000,1.201251,0.338947,0.158793,-2.125080,0.022249,0.000000,0.000000,0.000000,35.000000,35.000000,-35.000000,35.000000,1
53.753721,1785227287.839415073,car4,1.343253,-0.422601,0.082844,0.981963,-0.009808,0.026471,0.000000,-0.167511,0.504544,0.208561,1.069698,0.028230,0.000000,0.000000,0.000000,-35.000000,35.000000,35.000000,35.000000,1
53.955608,1785227288.039429903,car1,0.191692,0.973696,0.092452,-1.572264,-0.022368,-0.027388,0.000000,0.063171,0.051961,-0.079740,-1.472522,0.035361,0.000000,0.000000,0.000000,35.000000,35.000000,-35.000000,35.000000,1
53.955608,1785227288.039429903,car2,1.214879,0.987551,0.083785,-0.930599,0.053499,-0.003131,0.000000,0.169649,-0.220044,0.530282,-0.614429,0.053591,0.000000,0.000000,0.000000,-35.000000,46.245820,35.000000,35.000000,1
53.955608,1785227288.039429903,car3,0.242759,-0.427709,0.118235,-2.358497,-0.021792,0.001930,0.000000,-0.828604,1.812083,-2.022661,-2.125080,0.021877,0.000000,0.000000,0.000000,-35.000000,35.000000,-35.000000,35.000000,1
53.955608,1785227288.039429903,car4,1.343405,-0.422700,0.082680,0.977420,-0.009926,0.028677,0.000000,0.187158,-0.110374,-0.030787,1.069698,0.030346,0.000000,0.000000,0.000000,-35.000000,35.000000,35.000000,35.000000,1
54.157354,1785227288.219389915,car1,0.191688,0.973729,0.092521,-1.576147,-0.020539,-0.027268,0.000000,-0.134634,0.110452,-0.007324,-1.472522,0.034138,0.000000,0.000000,0.000000,35.000000,35.000000,-35.000000,35.000000,1
54.157354,1785227288.219389915,car2,1.214866,0.987580,0.083812,-0.930513,0.053485,-0.003132,0.000000,0.029546,-0.027199,-0.093205,-0.614429,0.053577,0.000000,0.000000,0.000000,-35.000000,46.233927,35.000000,35.000000,1
54.157354,1785227288.219389915,car3,0.247360,-0.433834,0.119507,-1.757559,-0.023682,0.005164,0.000000,0.746345,0.254271,0.277226,-2.125080,0.024238,0.000000,0.000000,0.000000,35.000000,-35.000000,35.000000,-35.000000,1
54.157354,1785227288.219389915,car4,1.343357,-0.422659,0.082680,0.975612,-0.009864,0.025339,0.000000,-0.143619,-0.319473,-0.029826,1.069698,0.027191,0.000000,0.000000,0.000000,-35.000000,35.000000,35.000000,35.000000,1
54.359509,1785227288.449391127,car1,0.191678,0.973639,0.092557,-1.575128,-0.020294,-0.027210,0.000000,-0.039703,-0.030226,0.020618,-1.472522,0.033945,0.000000,0.000000,0.000000,35.000000,35.000000,-35.000000,35.000000,1
54.359509,1785227288.449391127,car2,1.214851,0.987527,0.083818,-0.931234,0.053536,-0.003143,0.000000,-0.057607,0.159405,-0.021832,-0.614429,0.053628,0.000000,0.000000,0.000000,-35.000000,46.304704,35.000000,35.000000,1
54.359509,1785227288.449391127,car3,0.247906,-0.434933,0.118196,-2.169610,-0.023910,0.005713,0.000000,0.692620,0.256981,-0.069735,-2.125080,0.024583,0.000000,0.000000,0.000000,35.000000,-35.000000,-35.000000,35.000000,1
54.359509,1785227288.449391127,car4,1.343468,-0.422723,0.082680,0.974843,-0.009935,0.024746,0.000000,-0.059109,0.386423,-0.251086,1.069698,0.026666,0.000000,0.000000,0.000000,-35.000000,35.000000,35.000000,35.000000,1
54.561437,1785227288.649473429,car1,0.191685,0.973611,0.092577,-1.577653,-0.021596,-0.027339,0.000000,-0.086788,0.024000,0.013369,-1.472522,0.034839,0.000000,0.000000,0.000000,35.000000,35.000000,-35.000000,35.000000,1
54.561437,1785227288.649473429,car2,1.214908,0.987428,0.083817,-0.935078,0.053498,-0.003109,0.000000,-0.110063,-0.203250,-0.050503,-0.614429,0.053588,0.000000,0.000000,0.000000,-35.000000,46.532391,35.000000,35.000000,1
54.561437,1785227288.649473429,car3,0.244754,-0.434258,0.118857,-2.310478,-0.022586,0.005487,0.000000,-0.810282,-1.035736,1.156153,-2.125080,0.023243,0.000000,0.000000,0.000000,-35.000000,35.000000,-35.000000,35.000000,1
54.561437,1785227288.649473429,car4,1.343415,-0.422621,0.082641,0.976160,-0.009913,0.025075,0.000000,-0.070061,0.109714,0.086262,1.069698,0.026964,0.000000,0.000000,0.000000,-35.000000,35.000000,35.000000,35.000000,1
54.763318,1785227288.849468946,car1,0.191731,0.973659,0.092508,-1.578840,-0.021433,-0.027398,0.000000,0.030400,-0.011629,0.052376,-1.472522,0.034785,0.000000,0.000000,0.000000,35.000000,35.000000,-35.000000,35.000000,1
54.763318,1785227288.849468946,car2,1.214878,0.987388,0.083746,-0.933261,0.053466,-0.003065,0.000000,0.019439,0.032127,0.007901,-0.614429,0.053554,0.000000,0.000000,0.000000,-35.000000,46.397327,35.000000,35.000000,1
54.763318,1785227288.849468946,car3,0.245510,-0.440703,0.119330,-1.793604,-0.022870,0.009013,0.000000,0.436789,-0.923798,-0.440976,-2.125080,0.024582,0.000000,0.000000,0.000000,35.000000,-35.000000,35.000000,-35.000000,1
54.763318,1785227288.849468946,car4,1.343299,-0.422570,0.082776,0.982080,-0.009760,0.021583,0.000000,-0.037443,0.010223,0.065706,1.069698,0.023687,0.000000,0.000000,0.000000,-35.000000,35.000000,35.000000,35.000000,1
54.965311,1785227289.049528360,car1,0.191719,0.973630,0.092550,-1.576902,-0.021609,-0.027411,0.000000,0.160378,-0.016915,0.149233,-1.472522,0.034904,0.000000,0.000000,0.000000,35.000000,35.000000,-35.000000,35.000000,1
54.965311,1785227289.049528360,car2,1.214955,0.987370,0.083835,-0.932688,0.053405,-0.003082,0.000000,0.339975,-0.030209,-0.008147,-0.614429,0.053494,0.000000,0.000000,0.000000,-35.000000,46.333211,35.000000,35.000000,1
54.965311,1785227289.049528360,car3,0.245092,-0.440488,0.119003,-2.163605,-0.022701,0.008903,0.000000,0.147873,-0.385237,-0.388268,-2.125080,0.024384,0.000000,0.000000,0.000000,35.000000,-35.000000,-35.000000,35.000000,1
54.965311,1785227289.049528360,car4,1.343220,-0.422576,0.082889,0.980973,-0.009690,0.021724,0.000000,-0.398340,0.175458,0.425921,1.069698,0.023787,0.000000,0.000000,0.000000,-35.000000,35.000000,35.000000,35.000000,1
55.167374,1785227289.249547482,car1,0.191751,0.973635,0.092542,-1.579159,-0.021841,-0.027404,0.000000,-0.051826,-0.210022,0.095214,-1.472522,0.035043,0.000000,0.000000,0.000000,35.000000,35.000000,-35.000000,35.000000,1
55.167374,1785227289.249547482,car2,1.215007,0.987383,0.083832,-0.940085,0.053456,-0.003077,0.000000,-0.312068,0.052002,0.448358,-0.614429,0.053544,0.000000,0.000000,0.000000,-35.000000,46.832275,35.000000,35.000000,1
55.167374,1785227289.249547482,car3,0.244417,-0.438289,0.118249,-2.358433,-0.022405,0.007714,0.000000,-0.867773,-1.678518,-0.108216,-2.125080,0.023696,0.000000,0.000000,0.000000,-35.000000,35.000000,-35.000000,35.000000,1
55.167374,1785227289.249547482,car4,1.343402,-0.422586,0.082611,0.972517,-0.009806,0.022898,0.000000,0.090526,0.374737,-0.446176,1.069698,0.024909,0.000000,0.000000,0.000000,-35.000000,35.000000,35.000000,35.000000,1
55.369903,1785227289.459448099,car1,0.191657,0.973686,0.092452,-1.577359,-0.021474,-0.027426,0.000000,-0.084178,-0.032885,0.025101,-1.472522,0.034833,0.000000,0.000000,0.000000,35.000000,35.000000,-35.000000,35.000000,1
55.369903,1785227289.459448099,car2,1.215106,0.987372,0.083827,-0.942759,0.053389,-0.003053,0.000000,0.049888,0.040079,0.025013,-0.614429,0.053476,0.000000,0.000000,0.000000,-35.000000,46.970892,35.000000,35.000000,1
55.369903,1785227289.459448099,car3,0.245452,-0.443941,0.119320,-1.774343,-0.022882,0.010721,0.000000,0.041178,-0.230671,0.076758,-2.125080,0.025270,0.000000,0.000000,0.000000,35.000000,-35.000000,35.000000,-35.000000,1
55.369903,1785227289.459448099,car4,1.343341,-0.422669,0.082681,0.975478,-0.009626,0.019896,0.000000,-0.059502,-0.018321,0.086264,1.069698,0.022102,0.000000,0.000000,0.000000,-35.000000,35.000000,35.000000,35.000000,1
55.571692,1785227289.659413576,car1,0.191708,0.973661,0.092487,-1.575499,-0.021312,-0.027332,0.000000,-0.038766,-0.133589,-0.159579,-1.472522,0.034659,0.000000,0.000000,0.000000,35.000000,35.000000,-35.000000,35.000000,1
55.571692,1785227289.659413576,car2,1.215206,0.987504,0.083841,-0.944208,0.053338,-0.003153,0.000000,1.990330,0.013302,-1.168009,-0.614429,0.053431,0.000000,0.000000,0.000000,-35.000000,47.047827,35.000000,35.000000,1
55.571692,1785227289.659413576,car3,0.245882,-0.442657,0.118257,-2.175789,-0.023037,0.010005,0.000000,3.731931,8.558551,3.114175,-2.125080,0.025116,0.000000,0.000000,0.000000,35.000000,-35.000000,-35.000000,35.000000,1
55.571692,1785227289.659413576,car4,1.343322,-0.422686,0.082768,0.975076,-0.009582,0.020616,0.000000,-2.678972,-0.906750,1.634201,1.069698,0.022734,0.000000,0.000000,0.000000,-35.000000,35.000000,35.000000,35.000000,1
55.773485,1785227289.859383821,car1,0.191709,0.973703,0.092468,-1.575444,-0.020803,-0.027360,0.000000,-0.174293,0.085407,-0.393341,-1.472522,0.034370,0.000000,0.000000,0.000000,35.000000,35.000000,-35.000000,35.000000,1
55.773485,1785227289.859383821,car2,1.215058,0.987451,0.083984,-0.943724,0.053365,-0.003094,0.000000,-0.745771,-0.550662,0.376395,-0.614429,0.053454,0.000000,0.000000,0.000000,-35.000000,47.024559,35.000000,35.000000,1
55.773485,1785227289.859383821,car3,0.247069,-0.440903,0.118082,-2.399818,-0.023532,0.009053,0.000000,-7.634592,-6.184541,-1.831104,-2.125080,0.025213,0.000000,0.000000,0.000000,-35.000000,35.000000,-35.000000,35.000000,1
55.773485,1785227289.859383821,car4,1.343233,-0.422626,0.082729,0.974322,-0.009625,0.021528,0.000000,-4.870545,-0.382329,-0.397951,1.069698,0.023582,0.000000,0.000000,0.000000,-35.000000,35.000000,35.000000,35.000000,1
55.975475,1785227290.049400091,car1,0.191729,0.973638,0.092502,-1.577314,-0.020669,-0.027260,0.000000,0.275069,-0.707074,0.956860,-1.472522,0.034210,0.000000,0.000000,0.000000,35.000000,35.000000,-35.000000,35.000000,1
55.975475,1785227290.049400091,car2,1.215138,0.987515,0.083871,-0.946465,0.053392,-0.003162,0.000000,0.151514,0.436327,-0.717411,-0.614429,0.053486,0.000000,0.000000,0.000000,-35.000000,47.218368,35.000000,35.000000,1
55.975475,1785227290.049400091,car3,0.247472,-0.443997,0.119364,-1.878704,-0.023697,0.010688,0.000000,0.064946,-0.147603,0.247664,-2.125080,0.025996,0.000000,0.000000,0.000000,35.000000,-35.000000,35.000000,-35.000000,1
55.975475,1785227290.049400091,car4,1.343391,-0.422705,0.082665,0.978332,-0.009623,0.019866,0.000000,0.388748,-0.250597,-0.161367,1.069698,0.022073,0.000000,0.000000,0.000000,-35.000000,35.000000,35.000000,35.000000,1
56.178796,1785227290.269337416,car1,0.191683,0.973648,0.092532,-1.576646,-0.020888,-0.027285,0.000000,-0.080959,-0.019100,0.061389,-1.472522,0.034362,0.000000,0.000000,0.000000,35.000000,35.000000,-35.000000,35.000000,1
56.178796,1785227290.269337416,car2,1.215149,0.987490,0.083778,-0.941336,0.053398,-0.003141,0.000000,0.296375,-0.678162,-0.707242,-0.614429,0.053490,0.000000,0.000000,0.000000,-35.000000,46.890363,35.000000,35.000000,1
56.178796,1785227290.269337416,car3,0.246855,-0.443988,0.118001,-2.126607,-0.023459,0.010716,0.000000,1.205950,1.621504,0.570634,-2.125080,0.025790,0.000000,0.000000,0.000000,35.000000,-35.000000,-35.000000,35.000000,1
56.178796,1785227290.269337416,car4,1.343413,-0.422667,0.082721,0.977369,-0.009648,0.019843,0.000000,-3.129972,-0.302660,1.463021,1.069698,0.022064,0.000000,0.000000,0.000000,-35.000000,35.000000,35.000000,35.000000,1
56.380700,1785227290.469771862,car1,0.191654,0.973690,0.092537,-1.576857,-0.020165,-0.027248,0.000000,-0.153172,0.035496,-0.118470,-1.472522,0.033898,0.000000,0.000000,0.000000,35.000000,35.000000,-35.000000,35.000000,1
56.380700,1785227290.469771862,car2,1.215117,0.987522,0.083965,-0.943392,0.053399,-0.003135,0.000000,-0.005783,0.186256,0.982698,-0.614429,0.053491,0.000000,0.000000,0.000000,-35.000000,47.022243,35.000000,35.000000,1
56.380700,1785227290.469771862,car3,0.248432,-0.439793,0.117971,-2.385457,-0.024124,0.008353,0.000000,1.065664,1.582453,-0.464540,-2.125080,0.025529,0.000000,0.000000,0.000000,-35.000000,35.000000,-35.000000,35.000000,1
56.380700,1785227290.469771862,car4,1.343391,-0.422728,0.082751,0.978283,-0.009708,0.022149,0.000000,0.507028,0.416923,1.746096,1.069698,0.024183,0.000000,0.000000,0.000000,-35.000000,35.000000,35.000000,35.000000,1
56.582730,1785227290.659465790,car1,0.191674,0.973627,0.092554,-1.577774,-0.019197,-0.027162,0.000000,-0.229363,-0.159665,0.158897,-1.472522,0.033261,0.000000,0.000000,0.000000,35.000000,35.000000,-35.000000,35.000000,1
56.582730,1785227290.659465790,car2,1.215218,0.987489,0.083869,-0.944845,0.053298,-0.003171,0.000000,1.324838,-0.254551,0.427820,-0.614429,0.053392,0.000000,0.000000,0.000000,-35.000000,47.071352,35.000000,35.000000,1
56.582730,1785227290.659465790,car3,0.250938,-0.443479,0.119307,-1.865556,-0.025168,0.010373,0.000000,0.916596,0.273196,1.279797,-2.125080,0.027222,0.000000,0.000000,0.000000,35.000000,-35.000000,35.000000,-35.000000,1
56.582730,1785227290.659465790,car4,1.343223,-0.422605,0.082776,0.981403,-0.009527,0.020076,0.000000,-2.978534,1.420859,0.016224,1.069698,0.022222,0.000000,0.000000,0.000000,-35.000000,35.000000,35.000000,35.000000,1
56.784798,1785227290.869453669,car1,0.191755,0.973632,0.092489,-1.575318,-0.018832,-0.027150,0.000000,-0.045773,0.138024,-0.103769,-1.472522,0.033042,0.000000,0.000000,0.000000,35.000000,35.000000,-35.000000,35.000000,1
56.784798,1785227290.869453669,car2,1.215138,0.987458,0.083855,-0.941342,0.053375,-0.003137,0.000000,0.187612,0.036930,0.142589,-0.614429,0.053467,0.000000,0.000000,0.000000,-35.000000,46.879901,35.000000,35.000000,1
56.784798,1785227290.869453669,car3,0.251904,-0.443894,0.120052,-2.001914,-0.025537,0.010568,0.000000,4.541186,3.081446,3.168775,-2.125080,0.027637,0.000000,0.000000,0.000000,35.000000,-35.000000,-35.000000,35.000000,1
56.784798,1785227290.869453669,car4,1.343338,-0.422621,0.082744,0.974007,-0.009603,0.019833,0.000000,1.010492,0.273574,-1.095668,1.069698,0.022035,0.000000,0.000000,0.000000,-35.000000,35.000000,35.000000,35.000000,1
56.986747,1785227291.069395065,car1,0.191700,0.973662,0.092501,-1.577129,-0.018508,-0.027140,0.000000,-0.035174,-0.019386,-0.028127,-1.472522,0.032850,0.000000,0.000000,0.000000,35.000000,35.000000,-35.000000,35.000000,1
56.986747,1785227291.069395065,car2,1.215115,0.987495,0.083846,-0.945996,0.053320,-0.003151,0.000000,0.058948,-0.004268,0.116182,-0.614429,0.053413,0.000000,0.000000,0.000000,-35.000000,47.153678,35.000000,35.000000,1
56.986747,1785227291.069395065,car3,0.252555,-0.440367,0.118118,-2.377296,-0.025830,0.008597,0.000000,-1.512694,-0.224673,0.149329,-2.125080,0.027223,0.000000,0.000000,0.000000,-35.000000,35.000000,-35.000000,35.000000,1
56.986747,1785227291.069395065,car4,1.343181,-0.422658,0.082825,0.981281,-0.009577,0.021801,0.000000,0.176562,0.147804,-0.166942,1.069698,0.023812,0.000000,0.000000,0.000000,-35.000000,35.000000,35.000000,35.000000,1
